Date,EFA_xgb_proba
2015-01-01,0.41656372
2015-01-02,0.6150049
2015-01-05,0.50822026
2015-01-06,0.6263544
2015-01-07,0.41610542
2015-01-08,0.5013001
2015-01-09,0.6214603
2015-01-12,0.5172293
2015-01-13,0.5719856
2015-01-14,0.636949
2015-01-15,0.51758295
2015-01-16,0.54588425
2015-01-19,0.42973897
2015-01-20,0.55949605
2015-01-21,0.7068233
2015-01-22,0.53002787
2015-01-23,0.6479783
2015-01-26,0.52947456
2015-01-27,0.47128388
2015-01-28,0.34838304
2015-01-29,0.5331477
2015-01-30,0.44159865
2015-02-02,0.5642677
2015-02-03,0.5241465
2015-02-04,0.6072902
2015-02-05,0.38182712
2015-02-06,0.5540993
2015-02-09,0.5779868
2015-02-10,0.4124066
2015-02-11,0.6142546
2015-02-12,0.42767775
2015-02-13,0.50408494
2015-02-16,0.3827766
2015-02-17,0.54983735
2015-02-18,0.60874236
2015-02-19,0.47199762
2015-02-20,0.47392997
2015-02-23,0.5777072
2015-02-24,0.5603491
2015-02-25,0.5963503
2015-02-26,0.63427025
2015-02-27,0.5672436
2015-03-02,0.5180434
2015-03-03,0.5715372
2015-03-04,0.65210146
2015-03-05,0.47377938
2015-03-06,0.53541404
2015-03-09,0.29873112
2015-03-10,0.58036727
2015-03-11,0.665174
2015-03-12,0.49516323
2015-03-13,0.52556807
2015-03-16,0.43356147
2015-03-17,0.3889042
2015-03-18,0.45496342
2015-03-19,0.5970851
2015-03-20,0.42462996
2015-03-23,0.2961762
2015-03-24,0.47322243
2015-03-25,0.6831216
2015-03-26,0.6256141
2015-03-27,0.5057924
2015-03-30,0.5651123
2015-03-31,0.6121832
2015-04-01,0.54453546
2015-04-02,0.45332363
2015-04-03,0.4941271
2015-04-06,0.60098857
2015-04-07,0.3872847
2015-04-08,0.448593
2015-04-09,0.4883684
2015-04-10,0.48799202
2015-04-13,0.5420586
2015-04-14,0.5531184
2015-04-15,0.5363561
2015-04-16,0.59486073
2015-04-17,0.5099523
2015-04-20,0.36185485
2015-04-21,0.5064407
2015-04-22,0.540297
2015-04-23,0.4150489
2015-04-24,0.42100036
2015-04-27,0.4293654
2015-04-28,0.25584698
2015-04-29,0.5722868
2015-04-30,0.48734042
2015-05-01,0.26188147
2015-05-04,0.34205493
2015-05-05,0.62721753
2015-05-06,0.4968345
2015-05-07,0.58879906
2015-05-08,0.52039
2015-05-11,0.49344754
2015-05-12,0.46503896
2015-05-13,0.51882637
2015-05-14,0.48538613
2015-05-15,0.49916857
2015-05-18,0.5837883
2015-05-19,0.5755419
2015-05-20,0.5734893
2015-05-21,0.47437894
2015-05-22,0.39537317
2015-05-25,0.4895755
2015-05-26,0.6451933
2015-05-27,0.475693
2015-05-28,0.4356939
2015-05-29,0.57568514
2015-06-01,0.5176896
2015-06-02,0.40049744
2015-06-03,0.54108244
2015-06-04,0.5181607
2015-06-05,0.55037814
2015-06-08,0.38436612
2015-06-09,0.56041265
2015-06-10,0.42443737
2015-06-11,0.53923094
2015-06-12,0.61972964
2015-06-15,0.579583
2015-06-16,0.5498419
2015-06-17,0.59255534
2015-06-18,0.5144633
2015-06-19,0.5583439
2015-06-22,0.5624977
2015-06-23,0.5779722
2015-06-24,0.61934453
2015-06-25,0.48476398
2015-06-26,0.5812182
2015-06-29,0.52060944
2015-06-30,0.6799028
2015-07-01,0.31739014
2015-07-02,0.6143802
2015-07-03,0.54100657
2015-07-06,0.60855055
2015-07-07,0.59148157
2015-07-08,0.56522995
2015-07-09,0.5855786
2015-07-10,0.62141895
2015-07-13,0.6438156
2015-07-14,0.26907507
2015-07-15,0.6494323
2015-07-16,0.45861697
2015-07-17,0.6199982
2015-07-20,0.6359427
2015-07-21,0.58802044
2015-07-22,0.5464825
2015-07-23,0.57264405
2015-07-24,0.5859242
2015-07-27,0.53837943
2015-07-28,0.39141095
2015-07-29,0.42495826
2015-07-30,0.5704505
2015-07-31,0.6000795
2015-08-03,0.43165788
2015-08-04,0.6280635
2015-08-05,0.51019925
2015-08-06,0.5786695
2015-08-07,0.42041045
2015-08-10,0.5908975
2015-08-11,0.69691205
2015-08-12,0.65911263
2015-08-13,0.32044443
2015-08-14,0.4641961
2015-08-17,0.5972154
2015-08-18,0.7063243
2015-08-19,0.6831799
2015-08-20,0.49286097
2015-08-21,0.7014009
2015-08-24,0.6742563
2015-08-25,0.653405
2015-08-26,0.3000922
2015-08-27,0.58949775
2015-08-28,0.44619998
2015-08-31,0.643563
2015-09-01,0.4518613
2015-09-02,0.5759685
2015-09-03,0.42606384
2015-09-04,0.5017609
2015-09-07,0.60016954
2015-09-08,0.46772456
2015-09-09,0.6655164
2015-09-10,0.48793444
2015-09-11,0.5706129
2015-09-14,0.58928865
2015-09-15,0.5767501
2015-09-16,0.47663444
2015-09-17,0.68530345
2015-09-18,0.62386894
2015-09-21,0.5274602
2015-09-22,0.581417
2015-09-23,0.5953836
2015-09-24,0.5430449
2015-09-25,0.68628705
2015-09-28,0.5980744
2015-09-29,0.53507984
2015-09-30,0.5160633
2015-10-01,0.61201364
2015-10-02,0.4426635
2015-10-05,0.43373996
2015-10-06,0.51506937
2015-10-07,0.32621866
2015-10-08,0.4232794
2015-10-09,0.5408971
2015-10-12,0.51887107
2015-10-13,0.60991687
2015-10-14,0.5072406
2015-10-15,0.49079308
2015-10-16,0.635281
2015-10-19,0.5898947
2015-10-20,0.62054724
2015-10-21,0.6485899
2015-10-22,0.40438002
2015-10-23,0.3672319
2015-10-26,0.5250242
2015-10-27,0.5683639
2015-10-28,0.40053025
2015-10-29,0.634787
2015-10-30,0.4188755
2015-11-02,0.47908172
2015-11-03,0.52410185
2015-11-04,0.567283
2015-11-05,0.4699396
2015-11-06,0.7356893
2015-11-09,0.58920234
2015-11-10,0.5742943
2015-11-11,0.5363387
2015-11-12,0.53574425
2015-11-13,0.5458506
2015-11-16,0.40448844
2015-11-17,0.42874935
2015-11-18,0.59688157
2015-11-19,0.43454123
2015-11-20,0.60976976
2015-11-23,0.64460176
2015-11-24,0.6136655
2015-11-25,0.48031312
2015-11-26,0.45745358
2015-11-27,0.46461618
2015-11-30,0.5476424
2015-12-01,0.5485868
2015-12-02,0.6469045
2015-12-03,0.6478534
2015-12-04,0.3758947
2015-12-07,0.6696389
2015-12-08,0.49251187
2015-12-09,0.6143457
2015-12-10,0.47496104
2015-12-11,0.50327957
2015-12-14,0.5769575
2015-12-15,0.36657497
2015-12-16,0.57117593
2015-12-17,0.44390464
2015-12-18,0.5380352
2015-12-21,0.38049144
2015-12-22,0.5747453
2015-12-23,0.55641294
2015-12-24,0.576301
2015-12-25,0.53839767
2015-12-28,0.50502837
2015-12-29,0.5475239
2015-12-30,0.62309813
2015-12-31,0.41616243
2016-01-01,0.41546282
2016-01-04,0.51647353
2016-01-05,0.5113282
2016-01-06,0.46184036
2016-01-07,0.5007687
2016-01-08,0.7492202
2016-01-11,0.4105348
2016-01-12,0.44975927
2016-01-13,0.4810956
2016-01-14,0.56257784
2016-01-15,0.38805315
2016-01-18,0.4956155
2016-01-19,0.49800906
2016-01-20,0.64786863
2016-01-21,0.5115001
2016-01-22,0.45470437
2016-01-25,0.69666475
2016-01-26,0.34179708
2016-01-27,0.49606958
2016-01-28,0.57064605
2016-01-29,0.51956207
2016-02-01,0.5388696
2016-02-02,0.60950387
2016-02-03,0.33590463
2016-02-04,0.58655614
2016-02-05,0.5309026
2016-02-08,0.52513796
2016-02-09,0.5763942
2016-02-10,0.36528277
2016-02-11,0.6255996
2016-02-12,0.5172743
2016-02-15,0.6147999
2016-02-16,0.5957656
2016-02-17,0.49666533
2016-02-18,0.5293853
2016-02-19,0.53750664
2016-02-22,0.4173349
2016-02-23,0.639976
2016-02-24,0.61656064
2016-02-25,0.40590188
2016-02-26,0.62111264
2016-02-29,0.59092575
2016-03-01,0.36763117
2016-03-02,0.54565275
2016-03-03,0.3593706
2016-03-04,0.4905682
2016-03-07,0.5946398
2016-03-08,0.75664145
2016-03-09,0.46041608
2016-03-10,0.3896328
2016-03-11,0.33006406
2016-03-14,0.53433913
2016-03-15,0.6841218
2016-03-16,0.30750167
2016-03-17,0.5901074
2016-03-18,0.65378654
2016-03-21,0.45055878
2016-03-22,0.6739882
2016-03-23,0.6636878
2016-03-24,0.45690104
2016-03-25,0.45310685
2016-03-28,0.5865727
2016-03-29,0.44891357
2016-03-30,0.47924474
2016-03-31,0.6616557
2016-04-01,0.50429183
2016-04-04,0.43535092
2016-04-05,0.57517314
2016-04-06,0.46593365
2016-04-07,0.52924556
2016-04-08,0.47908732
2016-04-11,0.48504102
2016-04-12,0.4311579
2016-04-13,0.32052383
2016-04-14,0.43986005
2016-04-15,0.4516244
2016-04-18,0.4941589
2016-04-19,0.5547094
2016-04-20,0.59477794
2016-04-21,0.55420524
2016-04-22,0.42213053
2016-04-25,0.67706114
2016-04-26,0.47681418
2016-04-27,0.592167
2016-04-28,0.6033316
2016-04-29,0.50790054
2016-05-02,0.42487547
2016-05-03,0.64243287
2016-05-04,0.40869346
2016-05-05,0.34888822
2016-05-06,0.49311373
2016-05-09,0.54622597
2016-05-10,0.5316547
2016-05-11,0.65861326
2016-05-12,0.5601883
2016-05-13,0.60681385
2016-05-16,0.4175826
2016-05-17,0.52926224
2016-05-18,0.56614476
2016-05-19,0.5694383
2016-05-20,0.49842227
2016-05-23,0.5806216
2016-05-24,0.5694268
2016-05-25,0.59542704
2016-05-26,0.43793297
2016-05-27,0.6079121
2016-05-30,0.5233127
2016-05-31,0.71063423
2016-06-01,0.59017247
2016-06-02,0.5928675
2016-06-03,0.59521407
2016-06-06,0.5739009
2016-06-07,0.5629941
2016-06-08,0.3660904
2016-06-09,0.70454854
2016-06-10,0.49407214
2016-06-13,0.70411164
2016-06-14,0.4661955
2016-06-15,0.48978773
2016-06-16,0.3921223
2016-06-17,0.56440884
2016-06-20,0.4854782
2016-06-21,0.38526678
2016-06-22,0.40405938
2016-06-23,0.47437927
2016-06-24,0.46230435
2016-06-27,0.5129132
2016-06-28,0.41110623
2016-06-29,0.46323705
2016-06-30,0.30973727
2016-07-01,0.36603627
2016-07-04,0.38125283
2016-07-05,0.7138042
2016-07-06,0.4920687
2016-07-07,0.5654492
2016-07-08,0.52260786
2016-07-11,0.56064963
2016-07-12,0.44111007
2016-07-13,0.3722606
2016-07-14,0.40647152
2016-07-15,0.7464184
2016-07-18,0.43075806
2016-07-19,0.6033101
2016-07-20,0.39317393
2016-07-21,0.6440947
2016-07-22,0.56114334
2016-07-25,0.55647236
2016-07-26,0.58379745
2016-07-27,0.4877514
2016-07-28,0.5037206
2016-07-29,0.45805088
2016-08-01,0.5290512
2016-08-02,0.688862
2016-08-03,0.4972655
2016-08-04,0.58841467
2016-08-05,0.26601702
2016-08-08,0.35410255
2016-08-09,0.50117993
2016-08-10,0.4440319
2016-08-11,0.5525789
2016-08-12,0.32665917
2016-08-15,0.41018516
2016-08-16,0.5595976
2016-08-17,0.5056337
2016-08-18,0.46313813
2016-08-19,0.501142
2016-08-22,0.35997307
2016-08-23,0.33332026
2016-08-24,0.45873705
2016-08-25,0.4987117
2016-08-26,0.60699683
2016-08-29,0.49662805
2016-08-30,0.4893284
2016-08-31,0.5319696
2016-09-01,0.50794923
2016-09-02,0.44299918
2016-09-05,0.4560611
2016-09-06,0.53286326
2016-09-07,0.46551096
2016-09-08,0.41545013
2016-09-09,0.5133855
2016-09-12,0.50318736
2016-09-13,0.5161053
2016-09-14,0.6110517
2016-09-15,0.5088214
2016-09-16,0.5919376
2016-09-19,0.4127364
2016-09-20,0.5323015
2016-09-21,0.54460746
2016-09-22,0.4666323
2016-09-23,0.48852658
2016-09-26,0.5169767
2016-09-27,0.30862173
2016-09-28,0.53476703
2016-09-29,0.5472192
2016-09-30,0.4292987
2016-10-03,0.50888634
2016-10-04,0.5862302
2016-10-05,0.5991796
2016-10-06,0.59903026
2016-10-07,0.6146167
2016-10-10,0.546019
2016-10-11,0.5889046
2016-10-12,0.44025415
2016-10-13,0.5667655
2016-10-14,0.5920413
2016-10-17,0.5632353
2016-10-18,0.5263984
2016-10-19,0.73270833
2016-10-20,0.50500387
2016-10-21,0.52456313
2016-10-24,0.55023587
2016-10-25,0.59514755
2016-10-26,0.54513425
2016-10-27,0.56556934
2016-10-28,0.57944155
2016-10-31,0.5312115
2016-11-01,0.60433894
2016-11-02,0.61686677
2016-11-03,0.6410372
2016-11-04,0.6379346
2016-11-07,0.32356557
2016-11-08,0.41195354
2016-11-09,0.48524922
2016-11-10,0.62046194
2016-11-11,0.6029382
2016-11-14,0.59120446
2016-11-15,0.47724903
2016-11-16,0.6069805
2016-11-17,0.32374093
2016-11-18,0.46521604
2016-11-21,0.3566879
2016-11-22,0.3276482
2016-11-23,0.4998962
2016-11-24,0.45184538
2016-11-25,0.5820133
2016-11-28,0.46716696
2016-11-29,0.5361839
2016-11-30,0.5572502
2016-12-01,0.4085821
2016-12-02,0.42867485
2016-12-05,0.6022214
2016-12-06,0.5747873
2016-12-07,0.5152168
2016-12-08,0.48785532
2016-12-09,0.37893033
2016-12-12,0.50692606
2016-12-13,0.5443965
2016-12-14,0.6472758
2016-12-15,0.52463174
2016-12-16,0.28423753
2016-12-19,0.51829386
2016-12-20,0.43276036
2016-12-21,0.43169555
2016-12-22,0.48402956
2016-12-23,0.48677868
2016-12-26,0.5255718
2016-12-27,0.45415506
2016-12-28,0.52025497
2016-12-29,0.49623144
2016-12-30,0.45841923
2017-01-02,0.41144806
2017-01-03,0.524304
2017-01-04,0.48867887
2017-01-05,0.46241355
2017-01-06,0.53945816
2017-01-09,0.509076
2017-01-10,0.5936368
2017-01-11,0.531078
2017-01-12,0.43222347
2017-01-13,0.37404272
2017-01-16,0.48612025
2017-01-17,0.5746846
2017-01-18,0.5397381
2017-01-19,0.60640144
2017-01-20,0.5904274
2017-01-23,0.42616016
2017-01-24,0.3431715
2017-01-25,0.23272038
2017-01-26,0.481611
2017-01-27,0.45962426
2017-01-30,0.5206331
2017-01-31,0.4548593
2017-02-01,0.29678392
2017-02-02,0.50513655
2017-02-03,0.43499902
2017-02-06,0.48905507
2017-02-07,0.50114363
2017-02-08,0.35618418
2017-02-09,0.46834102
2017-02-10,0.40807426
2017-02-13,0.3818054
2017-02-14,0.48515156
2017-02-15,0.5765337
2017-02-16,0.45472378
2017-02-17,0.43038365
2017-02-20,0.51292914
2017-02-21,0.57658243
2017-02-22,0.53761804
2017-02-23,0.4997124
2017-02-24,0.4980055
2017-02-27,0.6024232
2017-02-28,0.41303366
2017-03-01,0.5159697
2017-03-02,0.518133
2017-03-03,0.41810358
2017-03-06,0.39535198
2017-03-07,0.3946189
2017-03-08,0.6092957
2017-03-09,0.40423182
2017-03-10,0.53088987
2017-03-13,0.45098114
2017-03-14,0.40354067
2017-03-15,0.55308396
2017-03-16,0.576272
2017-03-17,0.3270858
2017-03-20,0.5303193
2017-03-21,0.5499805
2017-03-22,0.52844304
2017-03-23,0.41197
2017-03-24,0.36222643
2017-03-27,0.43686005
2017-03-28,0.46615332
2017-03-29,0.48680234
2017-03-30,0.46784297
2017-03-31,0.5584644
2017-04-03,0.53083307
2017-04-04,0.5196321
2017-04-05,0.57224756
2017-04-06,0.5332844
2017-04-07,0.56018966
2017-04-10,0.59724283
2017-04-11,0.4855729
2017-04-12,0.5263121
2017-04-13,0.44137433
2017-04-14,0.5668975
2017-04-17,0.60725635
2017-04-18,0.6292382
2017-04-19,0.45241976
2017-04-20,0.6172149
2017-04-21,0.5931707
2017-04-24,0.5034846
2017-04-25,0.50139356
2017-04-26,0.35625762
2017-04-27,0.59796524
2017-04-28,0.5456458
2017-05-01,0.57133776
2017-05-02,0.502001
2017-05-03,0.41368806
2017-05-04,0.5241787
2017-05-05,0.49288964
2017-05-08,0.59194094
2017-05-09,0.47732225
2017-05-10,0.44606432
2017-05-11,0.53236955
2017-05-12,0.5279749
2017-05-15,0.60034776
2017-05-16,0.5871929
2017-05-17,0.70363873
2017-05-18,0.43023217
2017-05-19,0.511604
2017-05-22,0.5282485
2017-05-23,0.44399574
2017-05-24,0.56588227
2017-05-25,0.49141538
2017-05-26,0.4090237
2017-05-29,0.46954283
2017-05-30,0.5314805
2017-05-31,0.43420047
2017-06-01,0.53532696
2017-06-02,0.40348217
2017-06-05,0.41758242
2017-06-06,0.43696994
2017-06-07,0.51323926
2017-06-08,0.5541758
2017-06-09,0.5677105
2017-06-12,0.6216936
2017-06-13,0.43093437
2017-06-14,0.49528673
2017-06-15,0.46063432
2017-06-16,0.46402055
2017-06-19,0.40979666
2017-06-20,0.4279659
2017-06-21,0.4477902
2017-06-22,0.4449309
2017-06-23,0.48533928
2017-06-26,0.41299963
2017-06-27,0.4791047
2017-06-28,0.5542868
2017-06-29,0.57330745
2017-06-30,0.46585128
2017-07-03,0.3673368
2017-07-04,0.525388
2017-07-05,0.57253325
2017-07-06,0.5591006
2017-07-07,0.4778397
2017-07-10,0.48995262
2017-07-11,0.4673411
2017-07-12,0.5786155
2017-07-13,0.40251935
2017-07-14,0.51307344
2017-07-17,0.29180348
2017-07-18,0.38162404
2017-07-19,0.5840233
2017-07-20,0.4749383
2017-07-21,0.42331535
2017-07-24,0.46052903
2017-07-25,0.5598364
2017-07-26,0.5812916
2017-07-27,0.467568
2017-07-28,0.3590757
2017-07-31,0.55677736
2017-08-01,0.4509537
2017-08-02,0.43699843
2017-08-03,0.48918974
2017-08-04,0.5312125
2017-08-07,0.5193368
2017-08-08,0.5848337
2017-08-09,0.55638385
2017-08-10,0.6433073
2017-08-11,0.61547595
2017-08-14,0.3878845
2017-08-15,0.5943402
2017-08-16,0.37576547
2017-08-17,0.51394653
2017-08-18,0.37032515
2017-08-21,0.3991901
2017-08-22,0.52539426
2017-08-23,0.54416364
2017-08-24,0.43162143
2017-08-25,0.557166
2017-08-28,0.61673397
2017-08-29,0.47913316
2017-08-30,0.52844095
2017-08-31,0.63223815
2017-09-01,0.48687324
2017-09-04,0.49011663
2017-09-05,0.5524086
2017-09-06,0.5051298
2017-09-07,0.45729148
2017-09-08,0.36857042
2017-09-11,0.5216991
2017-09-12,0.5032426
2017-09-13,0.47052118
2017-09-14,0.5834374
2017-09-15,0.5678107
2017-09-18,0.47889334
2017-09-19,0.47516552
2017-09-20,0.5103287
2017-09-21,0.40690783
2017-09-22,0.5852708
2017-09-25,0.5774321
2017-09-26,0.5385584
2017-09-27,0.64905655
2017-09-28,0.47440353
2017-09-29,0.4601498
2017-10-02,0.46960664
2017-10-03,0.42227757
2017-10-04,0.536963
2017-10-05,0.5385455
2017-10-06,0.5224806
2017-10-09,0.5724711
2017-10-10,0.55126876
2017-10-11,0.43610805
2017-10-12,0.4102877
2017-10-13,0.49478257
2017-10-16,0.4002314
2017-10-17,0.39529365
2017-10-18,0.4981651
2017-10-19,0.53926677
2017-10-20,0.5437858
2017-10-23,0.53364056
2017-10-24,0.42649886
2017-10-25,0.61835337
2017-10-26,0.55671835
2017-10-27,0.485274
2017-10-30,0.4439301
2017-10-31,0.4620298
2017-11-01,0.42677155
2017-11-02,0.4264273
2017-11-03,0.4941258
2017-11-06,0.52276725
2017-11-07,0.5648904
2017-11-08,0.53275996
2017-11-09,0.5755376
2017-11-10,0.5242504
2017-11-13,0.64618844
2017-11-14,0.6094753
2017-11-15,0.7504603
2017-11-16,0.53656673
2017-11-17,0.62228197
2017-11-20,0.36636955
2017-11-21,0.6844939
2017-11-22,0.39165917
2017-11-23,0.42038956
2017-11-24,0.46299842
2017-11-27,0.5410581
2017-11-28,0.36856884
2017-11-29,0.5705376
2017-11-30,0.33129838
2017-12-01,0.65221715
2017-12-04,0.60547256
2017-12-05,0.5871369
2017-12-06,0.6248937
2017-12-07,0.5718016
2017-12-08,0.5718909
2017-12-11,0.45807174
2017-12-12,0.37808144
2017-12-13,0.42652974
2017-12-14,0.51141125
2017-12-15,0.45264634
2017-12-18,0.6379654
2017-12-19,0.5856679
2017-12-20,0.35321864
2017-12-21,0.5245236
2017-12-22,0.579348
2017-12-25,0.4145812
2017-12-26,0.53890693
2017-12-27,0.5237921
2017-12-28,0.4881414
2017-12-29,0.56659645
2018-01-01,0.5005328
2018-01-02,0.63284284
2018-01-03,0.457683
2018-01-04,0.25871545
2018-01-05,0.26415592
2018-01-08,0.38975832
2018-01-09,0.4465738
2018-01-10,0.4946867
2018-01-11,0.47436082
2018-01-12,0.32854486
2018-01-15,0.28455225
2018-01-16,0.3112052
2018-01-17,0.3597074
2018-01-18,0.32726148
2018-01-19,0.3246428
2018-01-22,0.3308
2018-01-23,0.32500863
2018-01-24,0.39025086
2018-01-25,0.5341395
2018-01-26,0.45495102
2018-01-29,0.59350544
2018-01-30,0.4237204
2018-01-31,0.41696456
2018-02-01,0.42726743
2018-02-02,0.613341
2018-02-05,0.7344427
2018-02-06,0.49122667
2018-02-07,0.3011065
2018-02-08,0.4484089
2018-02-09,0.43200645
2018-02-12,0.6243023
2018-02-13,0.620984
2018-02-14,0.5786805
2018-02-15,0.56886375
2018-02-16,0.46615678
2018-02-19,0.52277327
2018-02-20,0.6474196
2018-02-21,0.64460766
2018-02-22,0.5846922
2018-02-23,0.62363696
2018-02-26,0.59532976
2018-02-27,0.6424235
2018-02-28,0.50172925
2018-03-01,0.436977
2018-03-02,0.5858674
2018-03-05,0.39911634
2018-03-06,0.56793696
2018-03-07,0.48193583
2018-03-08,0.4917234
2018-03-09,0.46798664
2018-03-12,0.5156332
2018-03-13,0.5223141
2018-03-14,0.5124694
2018-03-15,0.6738639
2018-03-16,0.62199086
2018-03-19,0.5811503
2018-03-20,0.5350939
2018-03-21,0.55313414
2018-03-22,0.6209302
2018-03-23,0.62066877
2018-03-26,0.4630911
2018-03-27,0.5827047
2018-03-28,0.4937107
2018-03-29,0.23753755
2018-03-30,0.48453745
2018-04-02,0.5545776
2018-04-03,0.5525128
2018-04-04,0.46357805
2018-04-05,0.58260113
2018-04-06,0.55531836
2018-04-09,0.45160443
2018-04-10,0.5104457
2018-04-11,0.68897897
2018-04-12,0.62703514
2018-04-13,0.36831957
2018-04-16,0.55912507
2018-04-17,0.4785761
2018-04-18,0.49845034
2018-04-19,0.6072949
2018-04-20,0.6118142
2018-04-23,0.54731226
2018-04-24,0.5329964
2018-04-25,0.42792645
2018-04-26,0.42995298
2018-04-27,0.297384
2018-04-30,0.43600228
2018-05-01,0.53657794
2018-05-02,0.544834
2018-05-03,0.5148396
2018-05-04,0.42384243
2018-05-07,0.47358254
2018-05-08,0.5251128
2018-05-09,0.47487834
2018-05-10,0.5698744
2018-05-11,0.46162024
2018-05-14,0.41091254
2018-05-15,0.47135204
2018-05-16,0.55720335
2018-05-17,0.37815964
2018-05-18,0.59791493
2018-05-21,0.53789884
2018-05-22,0.5208649
2018-05-23,0.47254747
2018-05-24,0.57563525
2018-05-25,0.5412256
2018-05-28,0.5974724
2018-05-29,0.45758688
2018-05-30,0.6144645
2018-05-31,0.63119245
2018-06-01,0.4828501
2018-06-04,0.513379
2018-06-05,0.5002604
2018-06-06,0.5699068
2018-06-07,0.6292198
2018-06-08,0.5115223
2018-06-11,0.6847303
2018-06-12,0.6013813
2018-06-13,0.50974727
2018-06-14,0.613441
2018-06-15,0.63421255
2018-06-18,0.6148344
2018-06-19,0.56391984
2018-06-20,0.48984697
2018-06-21,0.5971227
2018-06-22,0.43817505
2018-06-25,0.6474573
2018-06-26,0.52527124
2018-06-27,0.44743782
2018-06-28,0.3569437
2018-06-29,0.2923788
2018-07-02,0.52945447
2018-07-03,0.3776336
2018-07-04,0.45619228
2018-07-05,0.55606717
2018-07-06,0.63380086
2018-07-09,0.5874874
2018-07-10,0.47723958
2018-07-11,0.6514197
2018-07-12,0.5368625
2018-07-13,0.44596696
2018-07-16,0.57177174
2018-07-17,0.5335974
2018-07-18,0.5913491
2018-07-19,0.5505063
2018-07-20,0.6489238
2018-07-23,0.51150316
2018-07-24,0.51972467
2018-07-25,0.4432803
2018-07-26,0.5690581
2018-07-27,0.49729836
2018-07-30,0.48765302
2018-07-31,0.44181702
2018-08-01,0.57976896
2018-08-02,0.45623475
2018-08-03,0.4645849
2018-08-06,0.5639826
2018-08-07,0.49912652
2018-08-08,0.5446377
2018-08-09,0.43445066
2018-08-10,0.57007265
2018-08-13,0.58079386
2018-08-14,0.3313233
2018-08-15,0.45881975
2018-08-16,0.48005798
2018-08-17,0.45509145
2018-08-20,0.62855077
2018-08-21,0.6868709
2018-08-22,0.53434104
2018-08-23,0.6862508
2018-08-24,0.5531661
2018-08-27,0.56742406
2018-08-28,0.57391846
2018-08-29,0.5869336
2018-08-30,0.67957866
2018-08-31,0.49773604
2018-09-03,0.43555245
2018-09-04,0.56998956
2018-09-05,0.5115294
2018-09-06,0.46325746
2018-09-07,0.6261656
2018-09-10,0.5834381
2018-09-11,0.52061814
2018-09-12,0.35180575
2018-09-13,0.55098957
2018-09-14,0.35016894
2018-09-17,0.46168375
2018-09-18,0.5398519
2018-09-19,0.5447263
2018-09-20,0.5988961
2018-09-21,0.39122233
2018-09-24,0.6335451
2018-09-25,0.48871207
2018-09-26,0.5724991
2018-09-27,0.30465892
2018-09-28,0.46194893
2018-10-01,0.4695219
2018-10-02,0.3995037
2018-10-03,0.49070948
2018-10-04,0.5410216
2018-10-05,0.3663724
2018-10-08,0.4812762
2018-10-09,0.49599138
2018-10-10,0.5259931
2018-10-11,0.682985
2018-10-12,0.4410213
2018-10-15,0.4707461
2018-10-16,0.5850779
2018-10-17,0.5770788
2018-10-18,0.46567687
2018-10-19,0.4298904
2018-10-22,0.5541394
2018-10-23,0.5342971
2018-10-24,0.5690291
2018-10-25,0.5651831
2018-10-26,0.4220786
2018-10-29,0.40763453
2018-10-30,0.60832083
2018-10-31,0.5630603
2018-11-01,0.574142
2018-11-02,0.40954393
2018-11-05,0.40461805
2018-11-06,0.52377546
2018-11-07,0.6221869
2018-11-08,0.5719579
2018-11-09,0.5348641
2018-11-12,0.56152624
2018-11-13,0.5730527
2018-11-14,0.5175875
2018-11-15,0.5597507
2018-11-16,0.51725125
2018-11-19,0.57103366
2018-11-20,0.52721065
2018-11-21,0.45706674
2018-11-22,0.46264762
2018-11-23,0.5916994
2018-11-26,0.54334605
2018-11-27,0.62191504
2018-11-28,0.48580423
2018-11-29,0.70842785
2018-11-30,0.6283457
2018-12-03,0.54075146
2018-12-04,0.59794104
2018-12-05,0.59423447
2018-12-06,0.57414794
2018-12-07,0.48839557
2018-12-10,0.45966214
2018-12-11,0.40762568
2018-12-12,0.54438233
2018-12-13,0.4844577
2018-12-14,0.5534199
2018-12-17,0.5580183
2018-12-18,0.46824682
2018-12-19,0.55800784
2018-12-20,0.5127176
2018-12-21,0.5180945
2018-12-24,0.46246693
2018-12-25,0.2973442
2018-12-26,0.5036261
2018-12-27,0.55640787
2018-12-28,0.4240885
2018-12-31,0.5054013
2019-01-01,0.42457357
2019-01-02,0.57468766
2019-01-03,0.5696922
2019-01-04,0.4854233
2019-01-07,0.46323544
2019-01-08,0.5184089
2019-01-09,0.32027537
2019-01-10,0.521916
2019-01-11,0.54630005
2019-01-14,0.6635656
2019-01-15,0.58559513
2019-01-16,0.48358077
2019-01-17,0.5430815
2019-01-18,0.3617056
2019-01-21,0.4224248
2019-01-22,0.69030756
2019-01-23,0.38450816
2019-01-24,0.4895038
2019-01-25,0.5176641
2019-01-28,0.4223592
2019-01-29,0.49826273
2019-01-30,0.45685416
2019-01-31,0.37628388
2019-02-01,0.3397004
2019-02-04,0.28177783
2019-02-05,0.330324
2019-02-06,0.6242564
2019-02-07,0.59552634
2019-02-08,0.5294332
2019-02-11,0.52122176
2019-02-12,0.61960685
2019-02-13,0.50253445
2019-02-14,0.62855095
2019-02-15,0.46738464
2019-02-18,0.57337344
2019-02-19,0.32139823
2019-02-20,0.5022304
2019-02-21,0.31136835
2019-02-22,0.49779865
2019-02-25,0.51765674
2019-02-26,0.4804549
2019-02-27,0.5377369
2019-02-28,0.46521458
2019-03-01,0.5197414
2019-03-04,0.49040684
2019-03-05,0.335311
2019-03-06,0.4115271
2019-03-07,0.527195
2019-03-08,0.44940215
2019-03-11,0.27664492
2019-03-12,0.4348171
2019-03-13,0.49642256
2019-03-14,0.36518392
2019-03-15,0.5128616
2019-03-18,0.47190496
2019-03-19,0.4373934
2019-03-20,0.40936205
2019-03-21,0.44465393
2019-03-22,0.62607545
2019-03-25,0.5428174
2019-03-26,0.34902194
2019-03-27,0.5095691
2019-03-28,0.47259626
2019-03-29,0.53302234
2019-04-01,0.47074583
2019-04-02,0.6252357
2019-04-03,0.53110605
2019-04-04,0.4816297
2019-04-05,0.5310251
2019-04-08,0.570258
2019-04-09,0.48692462
2019-04-10,0.4086397
2019-04-11,0.44056612
2019-04-12,0.48319626
2019-04-15,0.51254344
2019-04-16,0.5251362
2019-04-17,0.47629184
2019-04-18,0.49953523
2019-04-19,0.50609344
2019-04-22,0.45442957
2019-04-23,0.49871573
2019-04-24,0.5347662
2019-04-25,0.5873554
2019-04-26,0.43717998
2019-04-29,0.42021528
2019-04-30,0.48615143
2019-05-01,0.47669372
2019-05-02,0.5048318
2019-05-03,0.5557618
2019-05-06,0.56901777
2019-05-07,0.3461217
2019-05-08,0.25683358
2019-05-09,0.5230837
2019-05-10,0.4956636
2019-05-13,0.6570144
2019-05-14,0.5533274
2019-05-15,0.4778029
2019-05-16,0.54000086
2019-05-17,0.55292976
2019-05-20,0.6058338
2019-05-21,0.6464204
2019-05-22,0.65808105
2019-05-23,0.5241402
2019-05-24,0.5170357
2019-05-27,0.5308093
2019-05-28,0.5622918
2019-05-29,0.4887672
2019-05-30,0.40542868
2019-05-31,0.6077119
2019-06-03,0.41469193
2019-06-04,0.50348395
2019-06-05,0.5478422
2019-06-06,0.6259792
2019-06-07,0.4449083
2019-06-10,0.5155053
2019-06-11,0.5181181
2019-06-12,0.5973715
2019-06-13,0.5920061
2019-06-14,0.52441406
2019-06-17,0.6222762
2019-06-18,0.5923268
2019-06-19,0.62591904
2019-06-20,0.45671824
2019-06-21,0.5612969
2019-06-24,0.5578345
2019-06-25,0.5350042
2019-06-26,0.28559518
2019-06-27,0.4139921
2019-06-28,0.3270742
2019-07-01,0.33777848
2019-07-02,0.2918663
2019-07-03,0.33111897
2019-07-04,0.17458194
2019-07-05,0.5486306
2019-07-08,0.48719764
2019-07-09,0.41947764
2019-07-10,0.46689713
2019-07-11,0.46505705
2019-07-12,0.41971153
2019-07-15,0.4255529
2019-07-16,0.5288579
2019-07-17,0.5787849
2019-07-18,0.53306794
2019-07-19,0.54801524
2019-07-22,0.5183971
2019-07-23,0.6207893
2019-07-24,0.5133706
2019-07-25,0.472717
2019-07-26,0.53238624
2019-07-29,0.33046758
2019-07-30,0.5912651
2019-07-31,0.5811583
2019-08-01,0.47623104
2019-08-02,0.6562794
2019-08-05,0.50635064
2019-08-06,0.69632375
2019-08-07,0.5332571
2019-08-08,0.5575643
2019-08-09,0.5299061
2019-08-12,0.5954145
2019-08-13,0.5624638
2019-08-14,0.50640285
2019-08-15,0.57882154
2019-08-16,0.40348452
2019-08-19,0.5552
2019-08-20,0.5920372
2019-08-21,0.4966985
2019-08-22,0.46815202
2019-08-23,0.57810616
2019-08-26,0.6057047
2019-08-27,0.5265713
2019-08-28,0.5854287
2019-08-29,0.5693397
2019-08-30,0.4712048
2019-09-02,0.55454105
2019-09-03,0.50122005
2019-09-04,0.49600217
2019-09-05,0.48450482
2019-09-06,0.43294892
2019-09-09,0.5608605
2019-09-10,0.49647155
2019-09-11,0.27004465
2019-09-12,0.2645243
2019-09-13,0.29764342
2019-09-16,0.5629532
2019-09-17,0.30520713
2019-09-18,0.39831397
2019-09-19,0.36975747
2019-09-20,0.44073367
2019-09-23,0.40583882
2019-09-24,0.6489782
2019-09-25,0.59319216
2019-09-26,0.50906986
2019-09-27,0.60038036
2019-09-30,0.47624218
2019-10-01,0.5938333
2019-10-02,0.3996525
2019-10-03,0.42167532
2019-10-04,0.49814284
2019-10-07,0.47624868
2019-10-08,0.6125806
2019-10-09,0.60056263
2019-10-10,0.6359397
2019-10-11,0.56052643
2019-10-14,0.5047723
2019-10-15,0.5021673
2019-10-16,0.38816503
2019-10-17,0.4150893
2019-10-18,0.5097292
2019-10-21,0.4378986
2019-10-22,0.49035913
2019-10-23,0.5702856
2019-10-24,0.5357883
2019-10-25,0.45877102
2019-10-28,0.5360804
2019-10-29,0.55379695
2019-10-30,0.51942956
2019-10-31,0.43384257
2019-11-01,0.4515788
2019-11-04,0.4537963
2019-11-05,0.4742842
2019-11-06,0.5131224
2019-11-07,0.43297705
2019-11-08,0.49910456
2019-11-11,0.40676466
2019-11-12,0.46467167
2019-11-13,0.53768057
2019-11-14,0.57686013
2019-11-15,0.56930673
2019-11-18,0.5117775
2019-11-19,0.3820441
2019-11-20,0.57332945
2019-11-21,0.5366512
2019-11-22,0.49492696
2019-11-25,0.47752488
2019-11-26,0.45762926
2019-11-27,0.4283614
2019-11-28,0.531336
2019-11-29,0.52063143
2019-12-02,0.7110934
2019-12-03,0.59245944
2019-12-04,0.51107556
2019-12-05,0.5678106
2019-12-06,0.45306528
2019-12-09,0.5585842
2019-12-10,0.43839812
2019-12-11,0.4586713
2019-12-12,0.45878986
2019-12-13,0.49800622
2019-12-16,0.5540874
2019-12-17,0.50922126
2019-12-18,0.47275105
2019-12-19,0.455973
2019-12-20,0.51157427
2019-12-23,0.49064267
2019-12-24,0.4959603
2019-12-25,0.5003724
2019-12-26,0.50603503
2019-12-27,0.4525252
2019-12-30,0.41964307
2019-12-31,0.50479853
2020-01-01,0.40583494
2020-01-02,0.48700258
2020-01-03,0.45085543
2020-01-06,0.36567387
2020-01-07,0.24511005
2020-01-08,0.49924904
2020-01-09,0.43623623
2020-01-10,0.58043414
2020-01-13,0.50095785
2020-01-14,0.4251544
2020-01-15,0.35605738
2020-01-16,0.5214527
2020-01-17,0.47138575
2020-01-20,0.37108165
2020-01-21,0.5076477
2020-01-22,0.52559525
2020-01-23,0.39681676
2020-01-24,0.5786133
2020-01-27,0.58467704
2020-01-28,0.7058514
2020-01-29,0.5932768
2020-01-30,0.44605762
2020-01-31,0.61310333
2020-02-03,0.5998673
2020-02-04,0.42587206
2020-02-05,0.53897995
2020-02-06,0.5089106
2020-02-07,0.64185023
2020-02-10,0.46855968
2020-02-11,0.5621052
2020-02-12,0.5670344
2020-02-13,0.5460544
2020-02-14,0.55826277
2020-02-17,0.59717405
2020-02-18,0.5792709
2020-02-19,0.47715482
2020-02-20,0.5792439
2020-02-21,0.52096397
2020-02-24,0.4506994
2020-02-25,0.6943806
2020-02-26,0.31116286
2020-02-27,0.57365566
2020-02-28,0.6330956
2020-03-02,0.37392223
2020-03-03,0.54531103
2020-03-04,0.4614407
2020-03-05,0.68419677
2020-03-06,0.54232955
2020-03-09,0.7349676
2020-03-10,0.31457087
2020-03-11,0.41957775
2020-03-12,0.6261609
2020-03-13,0.48811495
2020-03-16,0.31404126
2020-03-17,0.47425917
2020-03-18,0.3764863
2020-03-19,0.50083256
2020-03-20,0.55853623
2020-03-23,0.6180089
2020-03-24,0.35806477
2020-03-25,0.4741058
2020-03-26,0.62040704
2020-03-27,0.4785152
2020-03-30,0.27835894
2020-03-31,0.5730116
2020-04-01,0.45268562
2020-04-02,0.38706344
2020-04-03,0.3136986
2020-04-06,0.52731943
2020-04-07,0.55562973
2020-04-08,0.64395607
2020-04-09,0.45556182
2020-04-10,0.5670465
2020-04-13,0.18230093
2020-04-14,0.41741386
2020-04-15,0.39008933
2020-04-16,0.73572534
2020-04-17,0.33332974
2020-04-20,0.40324917
2020-04-21,0.55588746
2020-04-22,0.299261
2020-04-23,0.5383744
2020-04-24,0.5714951
2020-04-27,0.3092067
2020-04-28,0.49079517
2020-04-29,0.21360534
2020-04-30,0.7751607
2020-05-01,0.5687387
2020-05-04,0.49587497
2020-05-05,0.564949
2020-05-06,0.54439944
2020-05-07,0.4522514
2020-05-08,0.5420855
2020-05-11,0.5468837
2020-05-12,0.66024965
2020-05-13,0.47902352
2020-05-14,0.5703489
2020-05-15,0.4191238
2020-05-18,0.5931098
2020-05-19,0.78633064
2020-05-20,0.25586122
2020-05-21,0.64839774
2020-05-22,0.4869195
2020-05-25,0.40596518
2020-05-26,0.5217888
2020-05-27,0.5629354
2020-05-28,0.32769847
2020-05-29,0.6109503
2020-06-01,0.49391
2020-06-02,0.47025272
2020-06-03,0.20689213
2020-06-04,0.5670831
2020-06-05,0.24342075
2020-06-08,0.31301075
2020-06-09,0.3116354
2020-06-10,0.41008842
2020-06-11,0.72222036
2020-06-12,0.5494388
2020-06-15,0.74895155
2020-06-16,0.56847745
2020-06-17,0.4834517
2020-06-18,0.5376266
2020-06-19,0.7227833
2020-06-22,0.44977352
2020-06-23,0.53413194
2020-06-24,0.5367781
2020-06-25,0.3829917
2020-06-26,0.68690425
2020-06-29,0.5899059
2020-06-30,0.528509
2020-07-01,0.666347
2020-07-02,0.6234818
2020-07-03,0.60353863
2020-07-06,0.5437906
2020-07-07,0.6844556
2020-07-08,0.49098936
2020-07-09,0.42583352
2020-07-10,0.4360899
2020-07-13,0.4771963
2020-07-14,0.49603155
2020-07-15,0.42760143
2020-07-16,0.5312214
2020-07-17,0.50474644
2020-07-20,0.4692241
2020-07-21,0.46759212
2020-07-22,0.55357283
2020-07-23,0.58043313
2020-07-24,0.5066225
2020-07-27,0.5328947
2020-07-28,0.5476478
2020-07-29,0.4106998
2020-07-30,0.66130126
2020-07-31,0.41073185
2020-08-03,0.40545964
2020-08-04,0.5638824
2020-08-05,0.59906995
2020-08-06,0.40675935
2020-08-07,0.58143985
2020-08-10,0.5470197
2020-08-11,0.5558961
2020-08-12,0.49702105
2020-08-13,0.46115187
2020-08-14,0.5311786
2020-08-17,0.49055684
2020-08-18,0.461597
2020-08-19,0.5581415
2020-08-20,0.5318174
2020-08-21,0.6549674
2020-08-24,0.5231233
2020-08-25,0.53034884
2020-08-26,0.5350685
2020-08-27,0.6880996
2020-08-28,0.38204548
2020-08-31,0.52890515
2020-09-01,0.54942894
2020-09-02,0.5102566
2020-09-03,0.45762807
2020-09-04,0.6248308
2020-09-07,0.48525894
2020-09-08,0.59064645
2020-09-09,0.45631567
2020-09-10,0.55463326
2020-09-11,0.47992307
2020-09-14,0.41844288
2020-09-15,0.58994573
2020-09-16,0.41741475
2020-09-17,0.5201291
2020-09-18,0.57672906
2020-09-21,0.46323267
2020-09-22,0.607879
2020-09-23,0.44928598
2020-09-24,0.36070225
2020-09-25,0.5140769
2020-09-28,0.6137025
2020-09-29,0.63721097
2020-09-30,0.7279604
2020-10-01,0.50137925
2020-10-02,0.63162374
2020-10-05,0.5764416
2020-10-06,0.62360996
2020-10-07,0.44499633
2020-10-08,0.4594079
2020-10-09,0.56405556
2020-10-12,0.44779938
2020-10-13,0.6242792
2020-10-14,0.49425766
2020-10-15,0.5769984
2020-10-16,0.42970586
2020-10-19,0.53401333
2020-10-20,0.5175911
2020-10-21,0.675004
2020-10-22,0.62860173
2020-10-23,0.59237635
2020-10-26,0.6050335
2020-10-27,0.57590896
2020-10-28,0.50461143
2020-10-29,0.53872335
2020-10-30,0.3124496
2020-11-02,0.5054324
2020-11-03,0.56715626
2020-11-04,0.42950952
2020-11-05,0.3221584
2020-11-06,0.2503492
2020-11-09,0.17635265
2020-11-10,0.4699513
2020-11-11,0.3738544
2020-11-12,0.6820091
2020-11-13,0.48732173
2020-11-16,0.5759842
2020-11-17,0.5801986
2020-11-18,0.736627
2020-11-19,0.35425338
2020-11-20,0.66710037
2020-11-23,0.397958
2020-11-24,0.3343451
2020-11-25,0.22452414
2020-11-26,0.38289422
2020-11-27,0.144252
2020-11-30,0.562971
2020-12-01,0.32748905
2020-12-02,0.71604484
2020-12-03,0.40175
2020-12-04,0.25707984
2020-12-07,0.6064685
2020-12-08,0.47265935
2020-12-09,0.46368074
2020-12-10,0.61107624
2020-12-11,0.5079811
2020-12-14,0.5940478
2020-12-15,0.57980645
2020-12-16,0.49057713
2020-12-17,0.4383329
2020-12-18,0.560501
2020-12-21,0.6726199
2020-12-22,0.495211
2020-12-23,0.4636168
2020-12-24,0.5362815
2020-12-25,0.49333367
2020-12-28,0.4173735
2020-12-29,0.46455246
2020-12-30,0.39499423
2020-12-31,0.534363
2021-01-01,0.50301707
2021-01-04,0.36428446
2021-01-05,0.47654802
2021-01-06,0.26638424
2021-01-07,0.24305658
2021-01-08,0.2619979
2021-01-11,0.522709
2021-01-12,0.52769333
2021-01-13,0.30744886
2021-01-14,0.6634574
2021-01-15,0.57009345
2021-01-18,0.5190613
2021-01-19,0.45631975
2021-01-20,0.630839
2021-01-21,0.5615981
2021-01-22,0.67973685
2021-01-25,0.55907995
2021-01-26,0.66112316
2021-01-27,0.63429695
2021-01-28,0.6110517
2021-01-29,0.62217224
2021-02-01,0.5537923
2021-02-02,0.51721996
2021-02-03,0.61952287
2021-02-04,0.5377189
2021-02-05,0.63231486
2021-02-08,0.5556712
2021-02-09,0.5120562
2021-02-10,0.59028596
2021-02-11,0.5575974
2021-02-12,0.5154883
2021-02-15,0.56994224
2021-02-16,0.6040677
2021-02-17,0.5633818
2021-02-18,0.624701
2021-02-19,0.5107765
2021-02-22,0.51531553
2021-02-23,0.458795
2021-02-24,0.6284682
2021-02-25,0.5019884
2021-02-26,0.6306309
2021-03-01,0.37214565
2021-03-02,0.5561305
2021-03-03,0.5688871
2021-03-04,0.5159511
2021-03-05,0.54001373
2021-03-08,0.5284488
2021-03-09,0.5382174
2021-03-10,0.49560165
2021-03-11,0.47566834
2021-03-12,0.5706101
2021-03-15,0.5852826
2021-03-16,0.60585487
2021-03-17,0.52111524
2021-03-18,0.6039875
2021-03-19,0.47282183
2021-03-22,0.46915984
2021-03-23,0.6014215
2021-03-24,0.5580392
2021-03-25,0.4612184
2021-03-26,0.50281936
2021-03-29,0.6926499
2021-03-30,0.67125255
2021-03-31,0.6674016
2021-04-01,0.59718215
2021-04-02,0.64636475
2021-04-05,0.51543504
2021-04-06,0.7009864
2021-04-07,0.35564414
2021-04-08,0.37429473
2021-04-09,0.61103797
2021-04-12,0.47163874
2021-04-13,0.5402326
2021-04-14,0.62066406
2021-04-15,0.59061193
2021-04-16,0.51413447
2021-04-19,0.40465257
2021-04-20,0.581906
2021-04-21,0.48142594
2021-04-22,0.47576907
2021-04-23,0.4992686
2021-04-26,0.43883428
2021-04-27,0.6254195
2021-04-28,0.5002481
2021-04-29,0.6599261
2021-04-30,0.5226117
2021-05-03,0.39513528
2021-05-04,0.5026874
2021-05-05,0.46380746
2021-05-06,0.40826
2021-05-07,0.56300557
2021-05-10,0.63387775
2021-05-11,0.6013335
2021-05-12,0.4753443
2021-05-13,0.45807043
2021-05-14,0.40965456
2021-05-17,0.4959366
2021-05-18,0.5203335
2021-05-19,0.57229805
2021-05-20,0.4705545
2021-05-21,0.46355253
2021-05-24,0.6249481
2021-05-25,0.5650096
2021-05-26,0.46814945
2021-05-27,0.5485669
2021-05-28,0.5367323
2021-05-31,0.5360295
2021-06-01,0.52360237
2021-06-02,0.5211793
2021-06-03,0.62577593
2021-06-04,0.564529
2021-06-07,0.5907957
2021-06-08,0.7019677
2021-06-09,0.35269943
2021-06-10,0.38074276
2021-06-11,0.5253586
2021-06-14,0.42312372
2021-06-15,0.44772902
2021-06-16,0.5332789
2021-06-17,0.56596553
2021-06-18,0.46801332
2021-06-21,0.5355703
2021-06-22,0.606986
2021-06-23,0.51275045
2021-06-24,0.512909
2021-06-25,0.55592227
2021-06-28,0.5719857
2021-06-29,0.45831013
2021-06-30,0.631711
2021-07-01,0.52862614
2021-07-02,0.60867786
2021-07-05,0.60480857
2021-07-06,0.6415323
2021-07-07,0.6105644
2021-07-08,0.65341204
2021-07-09,0.336244
2021-07-12,0.6036757
2021-07-13,0.6097088
2021-07-14,0.5191622
2021-07-15,0.7128172
2021-07-16,0.47978485
2021-07-19,0.56193346
2021-07-20,0.57854605
2021-07-21,0.43838796
2021-07-22,0.564033
2021-07-23,0.64200324
2021-07-26,0.5992931
2021-07-27,0.5602521
2021-07-28,0.58187693
2021-07-29,0.5734819
2021-07-30,0.67118275
2021-08-02,0.5592411
2021-08-03,0.49705774
2021-08-04,0.55170256
2021-08-05,0.5414492
2021-08-06,0.5478423
2021-08-09,0.62326235
2021-08-10,0.6112741
2021-08-11,0.68212795
2021-08-12,0.64504105
2021-08-13,0.62271017
2021-08-16,0.32759
2021-08-17,0.49998105
2021-08-18,0.5881343
2021-08-19,0.5105148
2021-08-20,0.44967017
2021-08-23,0.27115792
2021-08-24,0.34834382
2021-08-25,0.4243017
2021-08-26,0.5885439
2021-08-27,0.49215397
2021-08-30,0.4624395
2021-08-31,0.46632558
2021-09-01,0.5801387
2021-09-02,0.44750494
2021-09-03,0.44139463
2021-09-06,0.36649126
2021-09-07,0.43359813
2021-09-08,0.51514584
2021-09-09,0.42191267
2021-09-10,0.39699337
2021-09-13,0.47042558
2021-09-14,0.6027105
2021-09-15,0.49999082
2021-09-16,0.52592075
2021-09-17,0.49207452
2021-09-20,0.47473773
2021-09-21,0.49713704
2021-09-22,0.46465263
2021-09-23,0.5317325
2021-09-24,0.4772039
2021-09-27,0.4039991
2021-09-28,0.5989581
2021-09-29,0.6884005
2021-09-30,0.57623696
2021-10-01,0.6103067
2021-10-04,0.5974953
2021-10-05,0.41986966
2021-10-06,0.5812868
2021-10-07,0.5134866
2021-10-08,0.55967027
2021-10-11,0.57538474
2021-10-12,0.5523993
2021-10-13,0.62664545
2021-10-14,0.43318027
2021-10-15,0.49261588
2021-10-18,0.522718
2021-10-19,0.51056534
2021-10-20,0.54193574
2021-10-21,0.7397822
2021-10-22,0.5541149
2021-10-25,0.631908
2021-10-26,0.4144755
2021-10-27,0.5423801
2021-10-28,0.51975805
2021-10-29,0.522205
2021-11-01,0.30969787
2021-11-02,0.3850886
2021-11-03,0.35169235
2021-11-04,0.3951667
2021-11-05,0.33164707
2021-11-08,0.33887658
2021-11-09,0.3615159
2021-11-10,0.5571671
2021-11-11,0.37429947
2021-11-12,0.24827649
2021-11-15,0.38526887
2021-11-16,0.39379653
2021-11-17,0.5837535
2021-11-18,0.5313728
2021-11-19,0.529538
2021-11-22,0.42140105
2021-11-23,0.35575557
2021-11-24,0.54126436
2021-11-25,0.5125513
2021-11-26,0.53804255
2021-11-29,0.74311095
2021-11-30,0.5016431
2021-12-01,0.4898483
2021-12-02,0.54975224
2021-12-03,0.60313267
2021-12-06,0.59088033
2021-12-07,0.38971522
2021-12-08,0.5539443
2021-12-09,0.51131016
2021-12-10,0.4529342
2021-12-13,0.6422716
2021-12-14,0.44987583
2021-12-15,0.4792142
2021-12-16,0.5327275
2021-12-17,0.48940778
2021-12-20,0.49182492
2021-12-21,0.5607079
2021-12-22,0.5186224
2021-12-23,0.50968075
2021-12-24,0.43419895
2021-12-27,0.5183743
2021-12-28,0.46454784
2021-12-29,0.5134906
2021-12-30,0.51839584
2021-12-31,0.5312967
2022-01-03,0.5718441
2022-01-04,0.5199992
2022-01-05,0.66113394
2022-01-06,0.6480659
2022-01-07,0.52613235
2022-01-10,0.6719578
2022-01-11,0.45731136
2022-01-12,0.43835828
2022-01-13,0.62186396
2022-01-14,0.40583882
2022-01-17,0.35272443
2022-01-18,0.5768293
2022-01-19,0.41409528
2022-01-20,0.50263053
2022-01-21,0.5210206
2022-01-24,0.61156094
2022-01-25,0.5064535
2022-01-26,0.4551372
2022-01-27,0.65927625
2022-01-28,0.6393973
2022-01-31,0.63001615
2022-02-01,0.4353361
2022-02-02,0.44771802
2022-02-03,0.7269175
2022-02-04,0.4349154
2022-02-07,0.46851802
2022-02-08,0.57788694
2022-02-09,0.5901699
2022-02-10,0.6227401
2022-02-11,0.48602292
2022-02-14,0.5301817
2022-02-15,0.4449007
2022-02-16,0.5924324
2022-02-17,0.53127855
2022-02-18,0.45484284
2022-02-21,0.45347705
2022-02-22,0.6116349
2022-02-23,0.43734583
2022-02-24,0.51005375
2022-02-25,0.37198043
2022-02-28,0.54485667
2022-03-01,0.41558185
2022-03-02,0.48974404
2022-03-03,0.6494971
2022-03-04,0.5650329
2022-03-07,0.8165937
2022-03-08,0.613984
2022-03-09,0.35446113
2022-03-10,0.58642805
2022-03-11,0.43892932
2022-03-14,0.34568712
2022-03-15,0.5065973
2022-03-16,0.5386868
2022-03-17,0.40544274
2022-03-18,0.41927966
2022-03-21,0.5937257
2022-03-22,0.40616348
2022-03-23,0.634082
2022-03-24,0.38181707
2022-03-25,0.504846
2022-03-28,0.6135179
2022-03-29,0.50879
2022-03-30,0.65470535
2022-03-31,0.50730425
2022-04-01,0.32366502
2022-04-04,0.5967854
2022-04-05,0.67346233
2022-04-06,0.49286276
2022-04-07,0.42684582
2022-04-08,0.730783
2022-04-11,0.5322259
2022-04-12,0.50092673
2022-04-13,0.41021147
2022-04-14,0.67429674
2022-04-15,0.51470697
2022-04-18,0.5383025
2022-04-19,0.44064963
2022-04-20,0.60891
2022-04-21,0.51842636
2022-04-22,0.4965073
2022-04-25,0.6663157
2022-04-26,0.39489812
2022-04-27,0.5112629
2022-04-28,0.400478
2022-04-29,0.53437835
2022-05-02,0.4228985
2022-05-03,0.62513727
2022-05-04,0.5704179
2022-05-05,0.54275787
2022-05-06,0.63156384
2022-05-09,0.4712698
2022-05-10,0.45257184
2022-05-11,0.5178366
2022-05-12,0.39603242
2022-05-13,0.6537824
2022-05-16,0.60631585
2022-05-17,0.39147294
2022-05-18,0.6147924
2022-05-19,0.43612206
2022-05-20,0.42529178
2022-05-23,0.6082888
2022-05-24,0.48674992
2022-05-25,0.46933934
2022-05-26,0.42985195
2022-05-27,0.42946327
2022-05-30,0.4957253
2022-05-31,0.52953386
2022-06-01,0.5756
2022-06-02,0.44778714
2022-06-03,0.6264759
2022-06-06,0.57796687
2022-06-07,0.4649081
2022-06-08,0.70131385
2022-06-09,0.54574835
2022-06-10,0.60543907
2022-06-13,0.8166801
2022-06-14,0.71850526
2022-06-15,0.34443763
2022-06-16,0.62415665
2022-06-17,0.46416557
2022-06-20,0.47318357
2022-06-21,0.6701131
2022-06-22,0.589375
2022-06-23,0.49807388
2022-06-24,0.46212074
2022-06-27,0.6489382
2022-06-28,0.44778696
2022-06-29,0.5507867
2022-06-30,0.72253907
2022-07-01,0.54253983
2022-07-04,0.6017714
2022-07-05,0.6448655
2022-07-06,0.5819033
2022-07-07,0.61612314
2022-07-08,0.62184405
2022-07-11,0.56838185
2022-07-12,0.45380166
2022-07-13,0.4879383
2022-07-14,0.54940766
2022-07-15,0.4146677
2022-07-18,0.55576825
2022-07-19,0.53182316
2022-07-20,0.5810517
2022-07-21,0.32845828
2022-07-22,0.4872342
2022-07-25,0.5349043
2022-07-26,0.5929294
2022-07-27,0.44203183
2022-07-28,0.458657
2022-07-29,0.5051118
2022-08-01,0.38029018
2022-08-02,0.5898562
2022-08-03,0.49749693
2022-08-04,0.50029564
2022-08-05,0.56251895
2022-08-08,0.553341
2022-08-09,0.6154219
2022-08-10,0.37944767
2022-08-11,0.6271814
2022-08-12,0.20591758
2022-08-15,0.68365514
2022-08-16,0.4920739
2022-08-17,0.65774935
2022-08-18,0.4848259
2022-08-19,0.53658235
2022-08-22,0.4798109
2022-08-23,0.39177296
2022-08-24,0.42527258
2022-08-25,0.53989226
2022-08-26,0.49122915
2022-08-29,0.61912006
2022-08-30,0.46136832
2022-08-31,0.5031699
2022-09-01,0.48034853
2022-09-02,0.4775666
2022-09-05,0.4051946
2022-09-06,0.58517045
2022-09-07,0.57555306
2022-09-08,0.6570937
2022-09-09,0.51247686
2022-09-12,0.5238016
2022-09-13,0.45899072
2022-09-14,0.3795963
2022-09-15,0.39382353
2022-09-16,0.4936329
2022-09-19,0.4536107
2022-09-20,0.6703059
2022-09-21,0.43427518
2022-09-22,0.44091663
2022-09-23,0.58166754
2022-09-26,0.76395947
2022-09-27,0.5255356
2022-09-28,0.4363858
2022-09-29,0.45746914
2022-09-30,0.43068784
2022-10-03,0.41568375
2022-10-04,0.6826417
2022-10-05,0.39016396
2022-10-06,0.53571314
2022-10-07,0.50493073
2022-10-10,0.5225024
2022-10-11,0.47959775
2022-10-12,0.5138143
2022-10-13,0.52349865
2022-10-14,0.60658354
2022-10-17,0.370612
2022-10-18,0.3718575
2022-10-19,0.6470158
2022-10-20,0.41190672
2022-10-21,0.39108595
2022-10-24,0.69654155
2022-10-25,0.50581163
2022-10-26,0.37615296
2022-10-27,0.62726396
2022-10-28,0.33395928
2022-10-31,0.5693164
2022-11-01,0.5186106
2022-11-02,0.5471789
2022-11-03,0.47392753
2022-11-04,0.67418724
2022-11-07,0.9005732
2022-11-08,0.24721424
2022-11-09,0.7839371
2022-11-10,0.14360309
2022-11-11,0.20835286
2022-11-14,0.5509114
2022-11-15,0.29614982
2022-11-16,0.64265275
2022-11-17,0.53400767
2022-11-18,0.5946413
2022-11-21,0.5376453
2022-11-22,0.49715632
2022-11-23,0.48612985
2022-11-24,0.29574504
2022-11-25,0.38220564
2022-11-28,0.68332565
2022-11-29,0.5184941
2022-11-30,0.62242484
2022-12-01,0.25789326
2022-12-02,0.42319036
2022-12-05,0.6520019
2022-12-06,0.54817104
2022-12-07,0.68179923
2022-12-08,0.5703841
2022-12-09,0.5451032
2022-12-12,0.53760564
2022-12-13,0.45581916
2022-12-14,0.51346904
2022-12-15,0.54675686
2022-12-16,0.65348864
2022-12-19,0.46871787
2022-12-20,0.48015216
2022-12-21,0.54128873
2022-12-22,0.5172116
2022-12-23,0.49896112
2022-12-26,0.5051767
2022-12-27,0.5807736
2022-12-28,0.5777697
2022-12-29,0.4233972
2022-12-30,0.5398703
2023-01-02,0.5200279
2023-01-03,0.41870463
2023-01-04,0.54548544
2023-01-05,0.5255031
2023-01-06,0.40300953
2023-01-09,0.49436554
2023-01-10,0.46778998
2023-01-11,0.54758394
2023-01-12,0.477645
2023-01-13,0.3942386
2023-01-16,0.4558044
2023-01-17,0.6183987
2023-01-18,0.6223982
2023-01-19,0.62891084
2023-01-20,0.4661153
2023-01-23,0.42387944
2023-01-24,0.5174154
2023-01-25,0.31014982
2023-01-26,0.4258382
2023-01-27,0.43044165
2023-01-30,0.6149699
2023-01-31,0.5003957
2023-02-01,0.39698455
2023-02-02,0.61796284
2023-02-03,0.41479114
2023-02-06,0.39322618
2023-02-07,0.2616501
2023-02-08,0.4866866
2023-02-09,0.34430003
2023-02-10,0.5280141
2023-02-13,0.5752463
2023-02-14,0.48635283
2023-02-15,0.44070333
2023-02-16,0.5711794
2023-02-17,0.52355367
2023-02-20,0.49767932
2023-02-21,0.52167153
2023-02-22,0.42843342
2023-02-23,0.23884957
2023-02-24,0.7241669
2023-02-27,0.49132237
2023-02-28,0.514164
2023-03-01,0.5074608
2023-03-02,0.45123303
2023-03-03,0.56138474
2023-03-06,0.59480447
2023-03-07,0.5840979
2023-03-08,0.5620715
2023-03-09,0.4441163
2023-03-10,0.491496
2023-03-13,0.5751363
2023-03-14,0.40824264
2023-03-15,0.48867643
2023-03-16,0.5744118
2023-03-17,0.49808204
2023-03-20,0.48943406
2023-03-21,0.5463961
2023-03-22,0.6979611
2023-03-23,0.6083255
2023-03-24,0.5451208
2023-03-27,0.4572803
2023-03-28,0.5866445
2023-03-29,0.37307832
2023-03-30,0.5282448
2023-03-31,0.38796088
2023-04-03,0.41719195
2023-04-04,0.41114274
2023-04-05,0.5602462
2023-04-06,0.54351693
2023-04-07,0.54703885
2023-04-10,0.46797907
2023-04-11,0.5216391
2023-04-12,0.46617416
2023-04-13,0.4048695
2023-04-14,0.48582703
2023-04-17,0.5099639
2023-04-18,0.30596375
2023-04-19,0.4438328
2023-04-20,0.37384146
2023-04-21,0.43711403
2023-04-24,0.39519748
2023-04-25,0.44579232
2023-04-26,0.3526494
2023-04-27,0.3535558
2023-04-28,0.4732786
2023-05-01,0.38241464
2023-05-02,0.540374
2023-05-03,0.34952626
2023-05-04,0.32634276
2023-05-05,0.6518404
2023-05-08,0.72280025
2023-05-09,0.740478
2023-05-10,0.6105235
2023-05-11,0.5668213
2023-05-12,0.5175783
2023-05-15,0.600735
2023-05-16,0.590952
2023-05-17,0.43936002
2023-05-18,0.38605985
2023-05-19,0.61909074
2023-05-22,0.5013858
2023-05-23,0.60770375
2023-05-24,0.5456044
2023-05-25,0.4936623
2023-05-26,0.40897965
2023-05-29,0.62119615
2023-05-30,0.61809975
2023-05-31,0.49346617
2023-06-01,0.43024585
2023-06-02,0.5780632
2023-06-05,0.48847708
2023-06-06,0.51953006
2023-06-07,0.67226654
2023-06-08,0.41240314
2023-06-09,0.5090357
2023-06-12,0.607064
2023-06-13,0.4632548
2023-06-14,0.45485762
2023-06-15,0.52121925
2023-06-16,0.47234333
2023-06-19,0.5280182
2023-06-20,0.53704906
2023-06-21,0.40087095
2023-06-22,0.50642735
2023-06-23,0.44360557
2023-06-26,0.56840056
2023-06-27,0.43181014
2023-06-28,0.50111043
2023-06-29,0.507101
2023-06-30,0.48001403
2023-07-03,0.3420065
2023-07-04,0.6343275
2023-07-05,0.48735207
2023-07-06,0.48622
2023-07-07,0.46994045
2023-07-10,0.44706213
2023-07-11,0.55100214
2023-07-12,0.5054437
2023-07-13,0.45222318
2023-07-14,0.4500046
2023-07-17,0.4438186
2023-07-18,0.47901464
2023-07-19,0.5560528
2023-07-20,0.6450545
2023-07-21,0.51439655
2023-07-24,0.5052473
2023-07-25,0.48831528
2023-07-26,0.4379701
2023-07-27,0.4676704
2023-07-28,0.58161765
2023-07-31,0.5366146
2023-08-01,0.555152
2023-08-02,0.47444382
2023-08-03,0.43884557
2023-08-04,0.40151873
2023-08-07,0.53020865
2023-08-08,0.5159652
2023-08-09,0.5965358
2023-08-10,0.595738
2023-08-11,0.47536132
2023-08-14,0.43161586
2023-08-15,0.49306235
2023-08-16,0.4493867
2023-08-17,0.452381
2023-08-18,0.4125166
2023-08-21,0.5697724
2023-08-22,0.6437467
2023-08-23,0.6837879
2023-08-24,0.6503488
2023-08-25,0.5046007
2023-08-28,0.5158203
2023-08-29,0.50413543
2023-08-30,0.49840638
2023-08-31,0.568897
2023-09-01,0.42863035
2023-09-04,0.66051406
2023-09-05,0.6107872
2023-09-06,0.5401247
2023-09-07,0.62759155
2023-09-08,0.63222593
2023-09-11,0.54332477
2023-09-12,0.6999995
2023-09-13,0.53286165
2023-09-14,0.5131742
2023-09-15,0.6682545
2023-09-18,0.657601
2023-09-19,0.6331434
2023-09-20,0.6432528
2023-09-21,0.62036055
2023-09-22,0.7248229
2023-09-25,0.46470565
2023-09-26,0.46567044
2023-09-27,0.5168676
2023-09-28,0.3760426
2023-09-29,0.6086342
2023-10-02,0.6299538
2023-10-03,0.539293
2023-10-04,0.37283027
2023-10-05,0.51486766
2023-10-06,0.5076745
2023-10-09,0.53170955
2023-10-10,0.45488194
2023-10-11,0.4423626
2023-10-12,0.5505002
2023-10-13,0.58960825
2023-10-16,0.5223618
2023-10-17,0.50892687
2023-10-18,0.5944173
2023-10-19,0.54014516
2023-10-20,0.4959647
2023-10-23,0.45735776
2023-10-24,0.49338332
2023-10-25,0.5490404
2023-10-26,0.5373388
2023-10-27,0.5216927
2023-10-30,0.4650521
2023-10-31,0.4544086
2023-11-01,0.5824921
2023-11-02,0.4724646
2023-11-03,0.42191395
2023-11-06,0.5590057
2023-11-07,0.6740815
2023-11-08,0.42066595
2023-11-09,0.49949023
2023-11-10,0.5182625
2023-11-13,0.5334661
2023-11-14,0.5937119
2023-11-15,0.53332466
2023-11-16,0.36308378
2023-11-17,0.49470425
2023-11-20,0.45327324
2023-11-21,0.7164232
2023-11-22,0.603316
2023-11-23,0.41035923
2023-11-24,0.28645864
2023-11-27,0.5770215
2023-11-28,0.5836586
2023-11-29,0.58309966
2023-11-30,0.5106236
2023-12-01,0.5524357
2023-12-04,0.6659711
2023-12-05,0.54072744
2023-12-06,0.34503958
2023-12-07,0.63467157
2023-12-08,0.58276856
2023-12-11,0.6874712
2023-12-12,0.43369597
2023-12-13,0.31200033
2023-12-14,0.5808632
2023-12-15,0.528899
2023-12-18,0.42645678
2023-12-19,0.22601424
2023-12-20,0.42803702
2023-12-21,0.5310473
2023-12-22,0.4910719
2023-12-25,0.6706772
2023-12-26,0.4793622
2023-12-27,0.5118621
2023-12-28,0.578705
2023-12-29,0.3992261
2024-01-01,0.37660015
2024-01-02,0.7022837
2024-01-03,0.54358375
2024-01-04,0.4587291
2024-01-05,0.59914786
2024-01-08,0.45987877
2024-01-09,0.6005768
2024-01-10,0.65244156
2024-01-11,0.39236474
2024-01-12,0.66893613
2024-01-15,0.40737352
2024-01-16,0.58071774
2024-01-17,0.55015767
2024-01-18,0.3076689
2024-01-19,0.56188995
2024-01-22,0.6887228
2024-01-23,0.5794713
2024-01-24,0.6226601
2024-01-25,0.7355844
2024-01-26,0.7465393
2024-01-29,0.47301838
2024-01-30,0.36569414
2024-01-31,0.5621401
2024-02-01,0.6115721
2024-02-02,0.6268302
2024-02-05,0.5375749
2024-02-06,0.3412336
2024-02-07,0.561005
2024-02-08,0.41916388
2024-02-09,0.505572
2024-02-12,0.5515204
2024-02-13,0.48288712
2024-02-14,0.39396602
2024-02-15,0.3254041
2024-02-16,0.4179726
2024-02-19,0.4446976
2024-02-20,0.47261629
2024-02-21,0.38593408
2024-02-22,0.38073874
2024-02-23,0.28814152
2024-02-26,0.4747864
2024-02-27,0.48250833
2024-02-28,0.48989064
2024-02-29,0.386336
2024-03-01,0.50588846
2024-03-04,0.39610493
2024-03-05,0.46924087
2024-03-06,0.35806885
2024-03-07,0.46449742
2024-03-08,0.6312692
2024-03-11,0.64212185
2024-03-12,0.34559608
2024-03-13,0.3913772
2024-03-14,0.4287109
2024-03-15,0.46271336
2024-03-18,0.36153343
2024-03-19,0.37195694
2024-03-20,0.4764929
2024-03-21,0.45222947
2024-03-22,0.5069576
2024-03-25,0.49148908
2024-03-26,0.56196356
2024-03-27,0.5414147
2024-03-28,0.40207753
2024-03-29,0.44932586
2024-04-01,0.6388552
2024-04-02,0.4490654
2024-04-03,0.47050104
2024-04-04,0.6268777
2024-04-05,0.3273082
2024-04-08,0.30919603
2024-04-09,0.54961884
2024-04-10,0.52014494
2024-04-11,0.41864356
2024-04-12,0.4856572
2024-04-15,0.46768555
2024-04-16,0.37186906
2024-04-17,0.5313328
2024-04-18,0.41231143
2024-04-19,0.5345529
2024-04-22,0.65500426
2024-04-23,0.4840321
2024-04-24,0.5728313
2024-04-25,0.782097
2024-04-26,0.48973146
2024-04-29,0.592595
2024-04-30,0.58456904
2024-05-01,0.47560087
2024-05-02,0.55671245
2024-05-03,0.53163224
2024-05-06,0.57418674
2024-05-07,0.5992644
2024-05-08,0.40884733
2024-05-09,0.50415546
2024-05-10,0.50687486
2024-05-13,0.632766
2024-05-14,0.3289896
2024-05-15,0.34465167
2024-05-16,0.6683192
2024-05-17,0.50036466
2024-05-20,0.31927344
2024-05-21,0.38673198
2024-05-22,0.53614616
2024-05-23,0.49884942
2024-05-24,0.30828208
2024-05-27,0.38572165
2024-05-28,0.30221233
2024-05-29,0.63263935
2024-05-30,0.4439048
2024-05-31,0.32281363
2024-06-03,0.40870166
2024-06-04,0.3924769
2024-06-05,0.55638015
2024-06-06,0.41937345
2024-06-07,0.65668654
2024-06-10,0.5175425
2024-06-11,0.6392357
2024-06-12,0.47413093
2024-06-13,0.6084402
2024-06-14,0.53898984
2024-06-17,0.3834917
2024-06-18,0.45103723
2024-06-19,0.56474566
2024-06-20,0.6124925
2024-06-21,0.5612985
2024-06-24,0.53833026
2024-06-25,0.5938993
2024-06-26,0.57322973
2024-06-27,0.6093247
2024-06-28,0.6185959
2024-07-01,0.60868007
2024-07-02,0.6349254
2024-07-03,0.5787128
2024-07-04,0.60682046
2024-07-05,0.64235276
2024-07-08,0.707261
2024-07-09,0.5447931
2024-07-10,0.6691838
2024-07-11,0.63819224
2024-07-12,0.25184032
2024-07-15,0.64484864
2024-07-16,0.5177358
2024-07-17,0.3909111
2024-07-18,0.59549093
2024-07-19,0.46987054
2024-07-22,0.44965476
2024-07-23,0.6540344
2024-07-24,0.43201447
2024-07-25,0.40639088
2024-07-26,0.31284022
2024-07-29,0.5967005
2024-07-30,0.55938786
2024-07-31,0.40503216
2024-08-01,0.5437083
2024-08-02,0.5711311
2024-08-05,0.58622307
2024-08-06,0.45265815
2024-08-07,0.45924506
2024-08-08,0.57820475
2024-08-09,0.58416724
2024-08-12,0.44664302
2024-08-13,0.43554568
2024-08-14,0.5822562
2024-08-15,0.44659975
2024-08-16,0.40061918
2024-08-19,0.4289203
2024-08-20,0.46355817
2024-08-21,0.40477666
2024-08-22,0.46253026
2024-08-23,0.4558457
2024-08-26,0.6861982
2024-08-27,0.5183277
2024-08-28,0.46019906
2024-08-29,0.5523995
2024-08-30,0.5209786
2024-09-02,0.43971202
2024-09-03,0.7412408
2024-09-04,0.72044635
2024-09-05,0.46840093
2024-09-06,0.5096899
2024-09-09,0.41428438
2024-09-10,0.6268327
2024-09-11,0.5611826
2024-09-12,0.48598802
2024-09-13,0.4759564
2024-09-16,0.42386392
2024-09-17,0.4963613
2024-09-18,0.5353157
2024-09-19,0.53907907
2024-09-20,0.68697244
2024-09-23,0.44415244
2024-09-24,0.4326389
2024-09-25,0.6171228
2024-09-26,0.4781318
2024-09-27,0.44018456
2024-09-30,0.4955043
2024-10-01,0.49956837
2024-10-02,0.49433103
2024-10-03,0.52863646
2024-10-04,0.42564863
2024-10-07,0.51482487
2024-10-08,0.4589628
2024-10-09,0.56517804
2024-10-10,0.54326236
2024-10-11,0.44333264
2024-10-14,0.5178726
2024-10-15,0.5931627
2024-10-16,0.4692768
2024-10-17,0.40102255
2024-10-18,0.622471
2024-10-21,0.5808244
2024-10-22,0.4735397
2024-10-23,0.5603125
2024-10-24,0.4062559
2024-10-25,0.48972368
2024-10-28,0.46016833
2024-10-29,0.6450449
2024-10-30,0.4695694
2024-10-31,0.5428743
2024-11-01,0.408438
2024-11-04,0.5801505
2024-11-05,0.5579965
2024-11-06,0.69388765
2024-11-07,0.45697063
2024-11-08,0.57092947
2024-11-11,0.575981
2024-11-12,0.54158014
2024-11-13,0.6080056
2024-11-14,0.47716993
2024-11-15,0.65857893
2024-11-18,0.50925493
2024-11-19,0.6048547
2024-11-20,0.5792458
2024-11-21,0.5347192
2024-11-22,0.6106579
2024-11-25,0.58177406
2024-11-26,0.5736355
2024-11-27,0.48861906
2024-11-28,0.6447793
2024-11-29,0.49704283
2024-12-02,0.4445819
2024-12-03,0.5560903
2024-12-04,0.513993
2024-12-05,0.62928426
2024-12-06,0.4863245
2024-12-09,0.46626928
2024-12-10,0.6091914
2024-12-11,0.47022384
2024-12-12,0.49752483
2024-12-13,0.469701
2024-12-16,0.44863203
2024-12-17,0.56301403
2024-12-18,0.5271078
2024-12-19,0.64155114
2024-12-20,0.36851123
2024-12-23,0.6407749
2024-12-24,0.5784462
2024-12-25,0.60566515
2024-12-26,0.6023946
2024-12-27,0.6592924
2024-12-30,0.6969718
2024-12-31,0.5492487
2025-01-01,0.6611045
2025-01-02,0.5599206
2025-01-03,0.5622808
2025-01-06,0.70761466
2025-01-07,0.68495506
2025-01-08,0.6553953
2025-01-09,0.53227115
2025-01-10,0.67269605
2025-01-13,0.6148076
2025-01-14,0.43995416
2025-01-15,0.5241028
2025-01-16,0.5415016
2025-01-17,0.483443
2025-01-20,0.5135032
2025-01-21,0.595721
2025-01-22,0.52300435
2025-01-23,0.5503387
2025-01-24,0.4548756
2025-01-27,0.6270891
2025-01-28,0.6859573
2025-01-29,0.64546263
2025-01-30,0.6381749
2025-01-31,0.62939215
2025-02-03,0.43821928
2025-02-04,0.3257869
2025-02-05,0.4004632
2025-02-06,0.44192827
2025-02-07,0.636116
2025-02-10,0.34405193
2025-02-11,0.45249552
2025-02-12,0.6626889
2025-02-13,0.44196743
2025-02-14,0.52428114
2025-02-17,0.5494193
2025-02-18,0.48934925
2025-02-19,0.7081453
2025-02-20,0.50853336
2025-02-21,0.45609194
2025-02-24,0.4160745
2025-02-25,0.5357473
2025-02-26,0.5077659
2025-02-27,0.5465272
2025-02-28,0.3907953
2025-03-03,0.61237234
2025-03-04,0.5162553
2025-03-05,0.49041325
2025-03-06,0.574377
2025-03-07,0.25519893
2025-03-10,0.58041173
2025-03-11,0.6179987
2025-03-12,0.4921773
2025-03-13,0.57854664
2025-03-14,0.39383495
2025-03-17,0.56789374
2025-03-18,0.43751207
2025-03-19,0.48073453
2025-03-20,0.5862736
2025-03-21,0.5108623
2025-03-24,0.4817194
2025-03-25,0.5705575
2025-03-26,0.52965957
2025-03-27,0.4685113
2025-03-28,0.5731785
2025-03-31,0.5057552
2025-04-01,0.45284316
2025-04-02,0.5324045
2025-04-03,0.607909
2025-04-04,0.74967086
2025-04-07,0.82980907
2025-04-08,0.5769415
2025-04-09,0.41031513
2025-04-10,0.54646266
2025-04-11,0.4358972
2025-04-14,0.33060464
2025-04-15,0.32847953
2025-04-16,0.5974266
2025-04-17,0.3329401
2025-04-18,0.41140762
2025-04-21,0.6181188
2025-04-22,0.3368644
2025-04-23,0.5087194
2025-04-24,0.3280975
2025-04-25,0.3204791
2025-04-28,0.43246785
2025-04-29,0.5399693
2025-04-30,0.4508083
2025-05-01,0.53870636
2025-05-02,0.34901217
2025-05-05,0.25834638
2025-05-06,0.2134705
2025-05-07,0.467797
2025-05-08,0.4807081
2025-05-09,0.32284904
2025-05-12,0.4270267
2025-05-13,0.60662115
2025-05-14,0.7640238
2025-05-15,0.5064368
2025-05-16,0.691854
2025-05-19,0.35191128
2025-05-20,0.31204858
2025-05-21,0.4972476
2025-05-22,0.3090815
2025-05-23,0.43466792
2025-05-26,0.41459554
2025-05-27,0.42472133
2025-05-28,0.76623756
2025-05-29,0.53148955
2025-05-30,0.28653467
2025-06-02,0.41787183
2025-06-03,0.46029925
2025-06-04,0.49552238
2025-06-05,0.27037662
2025-06-06,0.48476997
2025-06-09,0.41847286
2025-06-10,0.47951737
2025-06-11,0.490816
2025-06-12,0.57495034
2025-06-13,0.6077262
2025-06-16,0.287814
2025-06-17,0.5650635
2025-06-18,0.5822013
2025-06-19,0.47813025
2025-06-20,0.662861
2025-06-23,0.53537756
2025-06-24,0.6109189
2025-06-25,0.51305735
2025-06-26,0.5556553
2025-06-27,0.28300494
2025-06-30,0.5823366
2025-07-01,0.5383293
2025-07-02,0.46771142
2025-07-03,0.5785108
2025-07-04,0.58496517
2025-07-07,0.6498642
2025-07-08,0.53964806
2025-07-09,0.47535986
2025-07-10,0.5880915
2025-07-11,0.5492146
2025-07-14,0.5211088
2025-07-15,0.6562191
2025-07-16,0.55341697
2025-07-17,0.51872766
2025-07-18,0.39875448
2025-07-21,0.3729718
2025-07-22,0.49071178
2025-07-23,0.49663395
2025-07-24,0.52771693
2025-07-25,0.36090714
2025-07-28,0.64273393
2025-07-29,0.44154686
2025-07-30,0.48033166
2025-07-31,0.4519087
2025-08-01,0.39813986
2025-08-04,0.45711195
2025-08-05,0.53268844
2025-08-06,0.6314622
2025-08-07,0.55006194
2025-08-08,0.45986554
2025-08-11,0.5555324
2025-08-12,0.571344
2025-08-13,0.47676685
2025-08-14,0.46368238
2025-08-15,0.49014294
2025-08-18,0.50057685
2025-08-19,0.59892935
2025-08-20,0.5292691
2025-08-21,0.5946459
2025-08-22,0.47959387
2025-08-25,0.6146138
2025-08-26,0.43450657
2025-08-27,0.35118717
2025-08-28,0.49822953
2025-08-29,0.68934625
2025-09-01,0.35987255
2025-09-02,0.7174267
2025-09-03,0.48816836
2025-09-04,0.37050888
2025-09-05,0.5586405
2025-09-08,0.64832664
2025-09-09,0.37262017
2025-09-10,0.45034602
2025-09-11,0.43397373
2025-09-12,0.6502177
2025-09-15,0.7084443
2025-09-16,0.50266045
2025-09-17,0.72878873
2025-09-18,0.5844499
2025-09-19,0.60384816
2025-09-22,0.43146485
2025-09-23,0.49671757
2025-09-24,0.43002987
2025-09-25,0.46438676
2025-09-26,0.49483585
2025-09-29,0.36000365
2025-09-30,0.4163343
2025-10-01,0.46041074
2025-10-02,0.43215272
2025-10-03,0.4933694
2025-10-06,0.49061215
2025-10-07,0.62676626
2025-10-08,0.514288
2025-10-09,0.43861094
2025-10-10,0.51838773
2025-10-13,0.5788787
2025-10-14,0.48280132
2025-10-15,0.50403595
2025-10-16,0.5967176
2025-10-17,0.50839925
2025-10-20,0.48519924
2025-10-21,0.5260263
2025-10-22,0.6109514
2025-10-23,0.5575668
2025-10-24,0.53042454
2025-10-27,0.6461835
2025-10-28,0.6004923
2025-10-29,0.60795766
2025-10-30,0.557045
2025-10-31,0.47331607
2025-11-03,0.50336117
2025-11-04,0.6855882
2025-11-05,0.55161035
2025-11-06,0.3820006
2025-11-07,0.39327788
