Date,EFA_lstm_pred
2015-01-01,0.0010240494
2015-01-02,0.0005468815
2015-01-05,0.0007695209
2015-01-06,0.0025113095
2015-01-07,0.002187464
2015-01-08,0.00014392223
2015-01-09,-0.00076718547
2015-01-12,0.00034451977
2015-01-13,0.0005063176
2015-01-14,-9.8954086e-05
2015-01-15,0.00029630298
2015-01-16,-0.00035268033
2015-01-19,-0.0011684475
2015-01-20,-0.0003945636
2015-01-21,-0.00041998678
2015-01-22,-0.0007994588
2015-01-23,-0.0005779989
2015-01-26,0.00031251833
2015-01-27,-0.0009920817
2015-01-28,-0.00038518046
2015-01-29,0.0011932933
2015-01-30,-0.0005979251
2015-02-02,0.0012364257
2015-02-03,-0.00038486475
2015-02-04,-0.0012659541
2015-02-05,0.00036737256
2015-02-06,-0.00087553274
2015-02-09,0.0008426236
2015-02-10,0.0008494344
2015-02-11,-0.0003036802
2015-02-12,0.00049657095
2015-02-13,-0.0009603667
2015-02-16,-0.000737558
2015-02-17,-0.0001377751
2015-02-18,-0.00012475405
2015-02-19,-0.00043096283
2015-02-20,-0.00014488398
2015-02-23,-0.0007299053
2015-02-24,0.00014058712
2015-02-25,-0.0003535556
2015-02-26,-5.709329e-05
2015-02-27,0.00033759372
2015-03-02,0.00023648927
2015-03-03,0.0001227735
2015-03-04,0.0007275161
2015-03-05,0.00079792994
2015-03-06,0.0003085365
2015-03-09,0.001467027
2015-03-10,0.00063632434
2015-03-11,0.002298227
2015-03-12,0.0008741789
2015-03-13,-0.00046674482
2015-03-16,0.0005317781
2015-03-17,-0.0005477649
2015-03-18,0.00015914244
2015-03-19,-0.0016384155
2015-03-20,0.00041714785
2015-03-23,-0.0017439387
2015-03-24,-0.0010320742
2015-03-25,-0.00022493493
2015-03-26,0.00031808368
2015-03-27,0.0008862594
2015-03-30,0.00019280944
2015-03-31,0.00016235578
2015-04-01,0.0015226941
2015-04-02,0.00016540757
2015-04-03,-0.0004101108
2015-04-06,7.928924e-05
2015-04-07,-0.0005948212
2015-04-08,7.299821e-05
2015-04-09,-0.00017976128
2015-04-10,-5.2952455e-05
2015-04-13,-7.045451e-05
2015-04-14,0.00060118374
2015-04-15,-0.0002896327
2015-04-16,-0.0003560495
2015-04-17,-0.00022662854
2015-04-20,0.0010737533
2015-04-21,0.00044945112
2015-04-22,-0.00040413358
2015-04-23,-0.00013021509
2015-04-24,-0.0001862503
2015-04-27,-0.00038608402
2015-04-28,-0.00039879448
2015-04-29,-0.000114069946
2015-04-30,0.00079037144
2015-05-01,0.001303537
2015-05-04,-0.0003146939
2015-05-05,0.00014287316
2015-05-06,0.0014622343
2015-05-07,0.0005127557
2015-05-08,0.000678333
2015-05-11,-0.0014787073
2015-05-12,0.00033720708
2015-05-13,0.0003203033
2015-05-14,-0.00036234246
2015-05-15,-0.0010140152
2015-05-18,-0.00037131552
2015-05-19,0.0002160226
2015-05-20,0.00047233957
2015-05-21,0.0001085174
2015-05-22,-0.00027928594
2015-05-25,0.00055744726
2015-05-26,0.0003555302
2015-05-27,0.0018034125
2015-05-28,3.0923067e-05
2015-05-29,0.00038444094
2015-06-01,0.0011640344
2015-06-02,0.0008834218
2015-06-03,0.00015998227
2015-06-04,-0.00019060755
2015-06-05,0.0009920681
2015-06-08,0.0015342062
2015-06-09,0.00084965496
2015-06-10,0.0009526001
2015-06-11,-0.0012425424
2015-06-12,-0.00052207103
2015-06-15,0.0005677884
2015-06-16,0.00081780425
2015-06-17,0.0004297054
2015-06-18,0.00046266528
2015-06-19,-0.00045533455
2015-06-22,0.00016025643
2015-06-23,-0.0014176697
2015-06-24,-0.0006303871
2015-06-25,0.00054793124
2015-06-26,0.00031910188
2015-06-29,0.00025666322
2015-06-30,0.0027884953
2015-07-01,0.0015001929
2015-07-02,0.00022639413
2015-07-03,0.0002376735
2015-07-06,0.00033900875
2015-07-07,0.0020405736
2015-07-08,0.00094878004
2015-07-09,0.002544769
2015-07-10,-0.0002784523
2015-07-13,-0.003016201
2015-07-14,-0.0011296321
2015-07-15,-0.0010821313
2015-07-16,-9.9624755e-05
2015-07-17,-0.00082745345
2015-07-20,-0.00020269248
2015-07-21,-0.0003308172
2015-07-22,0.00014344763
2015-07-23,0.0007584565
2015-07-24,0.000616286
2015-07-27,0.0013202621
2015-07-28,0.0013354823
2015-07-29,-0.00031597982
2015-07-30,-0.00014244615
2015-07-31,0.00025194223
2015-08-03,-0.00017710654
2015-08-04,0.00033713458
2015-08-05,0.00021260636
2015-08-06,-0.00022343027
2015-08-07,0.00036868843
2015-08-10,0.00038805252
2015-08-11,-0.0007752398
2015-08-12,0.0010763699
2015-08-13,0.0011243972
2015-08-14,0.000620113
2015-08-17,0.00028147473
2015-08-18,0.000456746
2015-08-19,0.0009985084
2015-08-20,0.0013238101
2015-08-21,0.0029052955
2015-08-24,0.0050015924
2015-08-25,0.011570219
2015-08-26,0.0011518969
2015-08-27,-0.0012125795
2015-08-28,-0.0011510672
2015-08-31,-0.00013700516
2015-09-01,0.00065683323
2015-09-02,0.00428826
2015-09-03,-0.00018245804
2015-09-04,-0.00022758693
2015-09-07,0.0018481574
2015-09-08,0.00073031476
2015-09-09,-0.0022868735
2015-09-10,-0.00038094126
2015-09-11,-0.00065362576
2015-09-14,-0.00018068521
2015-09-15,0.00060107635
2015-09-16,-0.00029522338
2015-09-17,-0.0013253016
2015-09-18,-0.00044993323
2015-09-21,0.001970699
2015-09-22,0.00086596695
2015-09-23,0.0024786023
2015-09-24,0.0015175585
2015-09-25,0.0010608459
2015-09-28,-4.8355272e-05
2015-09-29,0.00189721
2015-09-30,0.0011042105
2015-10-01,-0.0009475651
2015-10-02,-0.00040581054
2015-10-05,-0.0014348485
2015-10-06,-0.0024172382
2015-10-07,-0.0009212864
2015-10-08,-0.0015071275
2015-10-09,-0.0013133248
2015-10-12,-0.0007434316
2015-10-13,-0.00018491237
2015-10-14,0.0009899209
2015-10-15,0.00025254564
2015-10-16,-0.0012184278
2015-10-19,-0.0001868276
2015-10-20,0.00039865298
2015-10-21,0.0006980848
2015-10-22,0.0005214514
2015-10-23,-0.00050536054
2015-10-26,-0.00077432836
2015-10-27,0.00020039911
2015-10-28,0.0009593325
2015-10-29,-4.2117186e-05
2015-10-30,0.00074610667
2015-11-02,0.0006104429
2015-11-03,-0.00039559376
2015-11-04,5.567062e-05
2015-11-05,0.0006392524
2015-11-06,0.00055360043
2015-11-09,0.00076289295
2015-11-10,0.0013362669
2015-11-11,0.00074895594
2015-11-12,5.4737917e-05
2015-11-13,0.0013027675
2015-11-16,0.0013979982
2015-11-17,-0.00035238103
2015-11-18,-0.00015197964
2015-11-19,-0.000649553
2015-11-20,-0.0005333376
2015-11-23,7.6525466e-05
2015-11-24,0.00061656034
2015-11-25,0.00028614607
2015-11-26,1.1840161e-06
2015-11-27,0.00010584852
2015-11-30,0.00014309409
2015-12-01,0.00025183163
2015-12-02,-0.00063930784
2015-12-03,0.0007764244
2015-12-04,0.00083706086
2015-12-07,-0.0002060554
2015-12-08,0.00062565575
2015-12-09,0.001639581
2015-12-10,0.0011835438
2015-12-11,0.00063787826
2015-12-14,0.002062242
2015-12-15,0.0008601275
2015-12-16,0.0001408806
2015-12-17,-0.0013910199
2015-12-18,0.0006692772
2015-12-21,0.0012594324
2015-12-22,0.00018300436
2015-12-23,-0.00045124936
2015-12-24,-0.001477943
2015-12-25,-0.0003426823
2015-12-28,-9.035332e-05
2015-12-29,0.00020665016
2015-12-30,-0.00072454684
2015-12-31,0.0003107542
2016-01-01,0.001326453
2016-01-04,0.00061735895
2016-01-05,0.0016942656
2016-01-06,0.0009785984
2016-01-07,0.0020089555
2016-01-08,0.0031553013
2016-01-11,0.0024514715
2016-01-12,0.0008675877
2016-01-13,0.00025152802
2016-01-14,0.0016651794
2016-01-15,-0.0002489761
2016-01-18,0.004211767
2016-01-19,0.0012745938
2016-01-20,-0.00019371252
2016-01-21,0.0019219865
2016-01-22,0.00016229511
2016-01-25,-0.0026928994
2016-01-26,0.0002492816
2016-01-27,-0.0014453733
2016-01-28,-7.778537e-06
2016-01-29,-0.00029362185
2016-02-01,-0.0016448518
2016-02-02,-0.0005273871
2016-02-03,0.0017350086
2016-02-04,-3.4307173e-05
2016-02-05,-5.1286047e-06
2016-02-08,0.0014090639
2016-02-09,0.0022887096
2016-02-10,0.0020849342
2016-02-11,0.0011632403
2016-02-12,0.001992401
2016-02-15,-0.0004318307
2016-02-16,0.00013347552
2016-02-17,-0.0013983723
2016-02-18,-0.0018921733
2016-02-19,-0.0001944893
2016-02-22,-3.8966687e-06
2016-02-23,-0.0010150342
2016-02-24,0.00094819616
2016-02-25,0.00064054085
2016-02-26,-0.00074510416
2016-02-29,3.989735e-05
2016-03-01,0.00062885473
2016-03-02,-0.0018352541
2016-03-03,-0.001077194
2016-03-04,-0.0010915182
2016-03-07,-0.0009117082
2016-03-08,-0.00015329382
2016-03-09,0.00083485246
2016-03-10,8.4606945e-05
2016-03-11,0.00029404508
2016-03-14,-0.0019889327
2016-03-15,-0.0004087058
2016-03-16,0.0007431376
2016-03-17,-0.00033234537
2016-03-18,-0.000601958
2016-03-21,7.7740726e-05
2016-03-22,0.0003116227
2016-03-23,0.00042752273
2016-03-24,0.0011781929
2016-03-25,0.0011957259
2016-03-28,0.0006640162
2016-03-29,-1.9069455e-05
2016-03-30,-0.00066250685
2016-03-31,-0.00065253244
2016-04-01,0.0007218662
2016-04-04,0.0013063736
2016-04-05,0.00080900104
2016-04-06,0.0021254548
2016-04-07,-0.0004405569
2016-04-08,0.0012352052
2016-04-11,-0.000972494
2016-04-12,-0.00021872784
2016-04-13,-0.0011783395
2016-04-14,-0.0016646748
2016-04-15,-0.0008425724
2016-04-18,-0.00011996213
2016-04-19,-0.00077897543
2016-04-20,-0.0017568286
2016-04-21,-0.00070505927
2016-04-22,0.00025740382
2016-04-25,0.000101744095
2016-04-26,0.00055996486
2016-04-27,5.4209697e-05
2016-04-28,0.00015298913
2016-04-29,0.0013976668
2016-05-02,0.0011211191
2016-05-03,-0.000110430454
2016-05-04,0.0015801826
2016-05-05,0.0018334385
2016-05-06,0.0011275536
2016-05-09,0.00044689156
2016-05-10,0.0005902549
2016-05-11,-0.0007594506
2016-05-12,0.00059101183
2016-05-13,0.00037974436
2016-05-16,0.0011133294
2016-05-17,-0.00049985235
2016-05-18,0.00051708985
2016-05-19,0.0002602822
2016-05-20,0.00080539903
2016-05-23,-0.00027824915
2016-05-24,0.00030275158
2016-05-25,-0.0009793349
2016-05-26,-0.0011111696
2016-05-27,-0.00054730405
2016-05-30,-4.5644774e-05
2016-05-31,5.1445008e-05
2016-06-01,0.00049694936
2016-06-02,0.00035555096
2016-06-03,0.0002595953
2016-06-06,-0.00029247347
2016-06-07,-0.0004029792
2016-06-08,-0.0005903799
2016-06-09,-0.00022763787
2016-06-10,0.001062296
2016-06-13,0.0031509094
2016-06-14,0.0025777665
2016-06-15,0.0027542864
2016-06-16,0.0006972311
2016-06-17,0.00042048038
2016-06-20,-0.00035060308
2016-06-21,-0.0020121676
2016-06-22,-0.0012131502
2016-06-23,-0.00034905563
2016-06-24,-0.002995492
2016-06-27,0.015453515
2016-06-28,0.008296488
2016-06-29,-0.00092200865
2016-06-30,-0.0016378098
2016-07-01,-0.0016480421
2016-07-04,-0.000479931
2016-07-05,-7.8836005e-05
2016-07-06,0.0016588416
2016-07-07,0.0008551013
2016-07-08,0.0007811284
2016-07-11,-0.0008411091
2016-07-12,-0.0013682509
2016-07-13,-0.0015151536
2016-07-14,-0.00041181565
2016-07-15,-0.0008538499
2016-07-18,0.00014132171
2016-07-19,-0.00012703812
2016-07-20,0.00068692904
2016-07-21,-0.00039869326
2016-07-22,0.0003395346
2016-07-25,0.00014171726
2016-07-26,0.0003396803
2016-07-27,-3.9788676e-05
2016-07-28,-0.00012745197
2016-07-29,0.00022256048
2016-08-01,-0.00072161714
2016-08-02,0.00043369285
2016-08-03,0.0007321581
2016-08-04,0.0007186156
2016-08-05,-5.3890093e-05
2016-08-08,-0.00022543319
2016-08-09,-9.60609e-05
2016-08-10,-0.00053956936
2016-08-11,-0.00033820752
2016-08-12,-0.0006051983
2016-08-15,0.0001012244
2016-08-16,-0.00018528778
2016-08-17,0.0001704314
2016-08-18,0.0002072833
2016-08-19,-0.00021032988
2016-08-22,0.0006783087
2016-08-23,0.00032291948
2016-08-24,-5.6055127e-05
2016-08-25,0.00035666116
2016-08-26,0.000654849
2016-08-29,0.00093199493
2016-08-30,0.00028730574
2016-08-31,0.0004260217
2016-09-01,0.000526614
2016-09-02,-0.00018765042
2016-09-05,-0.00084443786
2016-09-06,-0.00017297016
2016-09-07,-0.000515432
2016-09-08,-0.0001345082
2016-09-09,0.00026476308
2016-09-12,0.0018093283
2016-09-13,7.444731e-05
2016-09-14,0.0018640395
2016-09-15,0.0009994796
2016-09-16,-0.00012839858
2016-09-19,0.0012522562
2016-09-20,0.0002552911
2016-09-21,-0.00018240743
2016-09-22,-0.0013219357
2016-09-23,-0.0011828416
2016-09-26,0.00032098588
2016-09-27,0.00094178197
2016-09-28,-4.34999e-06
2016-09-29,-0.0005260217
2016-09-30,0.00091350474
2016-10-03,-0.00022156716
2016-10-04,0.00027821265
2016-10-05,0.00026497533
2016-10-06,-7.135059e-05
2016-10-07,0.00059512036
2016-10-10,0.00082723727
2016-10-11,0.00024957545
2016-10-12,0.0014633313
2016-10-13,0.0009302532
2016-10-14,0.0008761427
2016-10-17,0.00039470228
2016-10-18,0.00059973093
2016-10-19,-0.00041474344
2016-10-20,-0.0002120945
2016-10-21,-7.139142e-05
2016-10-24,0.00027189433
2016-10-25,0.0002137411
2016-10-26,0.00023054866
2016-10-27,0.00055669935
2016-10-28,0.0004215362
2016-10-31,0.0003149329
2016-11-01,0.00022017935
2016-11-02,0.00059750356
2016-11-03,0.0009550214
2016-11-04,0.0006231945
2016-11-07,0.001232605
2016-11-08,-0.000511663
2016-11-09,-0.00021974531
2016-11-10,7.594979e-06
2016-11-11,0.00037115338
2016-11-14,0.0007683064
2016-11-15,0.0008623552
2016-11-16,7.657499e-05
2016-11-17,0.001045817
2016-11-18,-0.00010610129
2016-11-21,0.0010268434
2016-11-22,-0.00017807337
2016-11-23,-0.00010069496
2016-11-24,0.0004031009
2016-11-25,0.0002902276
2016-11-28,-4.7787184e-06
2016-11-29,0.00056760956
2016-11-30,-0.00019293233
2016-12-01,0.00014840902
2016-12-02,0.00050138583
2016-12-05,0.00010882139
2016-12-06,-0.0006445356
2016-12-07,-0.0006721464
2016-12-08,-0.0013911439
2016-12-09,-0.00035794277
2016-12-12,-0.00043328578
2016-12-13,0.00028345833
2016-12-14,-0.0007466611
2016-12-15,0.0010351221
2016-12-16,0.0006842445
2016-12-19,0.00035646692
2016-12-20,0.00044935127
2016-12-21,8.9841924e-05
2016-12-22,0.00022902597
2016-12-23,0.0004841188
2016-12-26,0.00016788993
2016-12-27,0.00025842752
2016-12-28,0.0003759639
2016-12-29,0.0006273159
2016-12-30,0.00019178678
2017-01-02,-5.8496385e-05
2017-01-03,0.00012466087
2017-01-04,-0.00033294677
2017-01-05,-0.00094518263
2017-01-06,-0.00095133076
2017-01-09,1.3788711e-05
2017-01-10,0.00020705925
2017-01-11,0.00014911614
2017-01-12,-0.00027616665
2017-01-13,-0.00010214561
2017-01-16,-0.00021108221
2017-01-17,6.344402e-05
2017-01-18,0.0004761934
2017-01-19,0.0005766019
2017-01-20,0.0006045441
2017-01-23,-6.2670864e-05
2017-01-24,-3.0992946e-05
2017-01-25,-2.9589006e-05
2017-01-26,-0.00069018936
2017-01-27,0.00022032436
2017-01-30,0.0003508403
2017-01-31,0.0008592103
2017-02-01,0.00032859607
2017-02-02,-5.7508747e-05
2017-02-03,9.914415e-05
2017-02-06,-0.00013122581
2017-02-07,0.00069989334
2017-02-08,0.0005009481
2017-02-09,0.0002115643
2017-02-10,-9.9104e-05
2017-02-13,-6.467641e-05
2017-02-14,-0.00019858668
2017-02-15,0.00019176722
2017-02-16,-0.000112790716
2017-02-17,-0.000103688726
2017-02-20,0.00029979224
2017-02-21,0.00023439873
2017-02-22,-5.3864802e-05
2017-02-23,0.00012033785
2017-02-24,1.4187899e-05
2017-02-27,0.00075492676
2017-02-28,0.00038307812
2017-03-01,0.00043796824
2017-03-02,-0.00052907265
2017-03-03,0.00051173696
2017-03-06,-0.000145715
2017-03-07,0.00036281478
2017-03-08,0.0005707997
2017-03-09,0.0006670889
2017-03-10,8.602881e-05
2017-03-13,-0.00049943506
2017-03-14,-0.000459913
2017-03-15,0.00058907975
2017-03-16,-0.000867671
2017-03-17,-0.000597883
2017-03-20,-0.0003381982
2017-03-21,0.00014159728
2017-03-22,0.00052161043
2017-03-23,0.00029306658
2017-03-24,5.9205326e-05
2017-03-27,-4.6989982e-05
2017-03-28,-6.444643e-05
2017-03-29,-0.00025294744
2017-03-30,6.7664296e-05
2017-03-31,0.00047335707
2017-04-03,0.0004543622
2017-04-04,0.00045684466
2017-04-05,0.00037113813
2017-04-06,0.0007597862
2017-04-07,0.0004520285
2017-04-10,0.00041139915
2017-04-11,0.00043640842
2017-04-12,-4.26279e-05
2017-04-13,0.00022395779
2017-04-14,0.0007798686
2017-04-17,0.00044616242
2017-04-18,-0.00018918888
2017-04-19,0.00045421132
2017-04-20,0.00064911105
2017-04-21,-0.0002834684
2017-04-24,-1.4718054e-05
2017-04-25,-0.0020813108
2017-04-26,-0.0012297065
2017-04-27,-0.00018026815
2017-04-28,-0.00011169583
2017-05-01,0.00010203138
2017-05-02,-0.0002416619
2017-05-03,-0.0004280281
2017-05-04,0.00012898429
2017-05-05,-0.0006232562
2017-05-08,-0.0010112884
2017-05-09,0.00037768984
2017-05-10,0.00048186415
2017-05-11,0.00020957782
2017-05-12,0.0004573257
2017-05-15,-0.00010555833
2017-05-16,-0.00026135764
2017-05-17,-0.00043678744
2017-05-18,0.00093366404
2017-05-19,0.00036202619
2017-05-22,-0.00066295086
2017-05-23,-0.00018688662
2017-05-24,6.172128e-05
2017-05-25,0.000115307135
2017-05-26,0.00018362125
2017-05-29,0.00044908206
2017-05-30,0.00031606416
2017-05-31,0.00036642273
2017-06-01,0.00020525542
2017-06-02,-0.00028851954
2017-06-05,-0.0008440709
2017-06-06,0.0002860884
2017-06-07,0.0004752922
2017-06-08,0.00028710903
2017-06-09,0.00039887277
2017-06-12,0.0006104749
2017-06-13,0.00070502347
2017-06-14,-0.00020701483
2017-06-15,0.00017013731
2017-06-16,0.0010965344
2017-06-19,-0.00013949837
2017-06-20,-0.00020676221
2017-06-21,0.0007453131
2017-06-22,0.0005331432
2017-06-23,0.00036864073
2017-06-26,9.018688e-05
2017-06-27,4.8577058e-05
2017-06-28,0.0001775629
2017-06-29,-0.0005188543
2017-06-30,0.00074360176
2017-07-03,0.0003449685
2017-07-04,0.00036825688
2017-07-05,0.00028118605
2017-07-06,0.00025706645
2017-07-07,0.0006238648
2017-07-10,0.00038227695
2017-07-11,0.00010636612
2017-07-12,1.5050333e-05
2017-07-13,-0.0004931625
2017-07-14,-0.00027513353
2017-07-17,-0.00056293455
2017-07-18,5.9393147e-05
2017-07-19,4.229622e-05
2017-07-20,-0.00024955918
2017-07-21,-0.00032682682
2017-07-24,0.0003076245
2017-07-25,0.00045651302
2017-07-26,0.00019567444
2017-07-27,-0.00027913443
2017-07-28,0.0002490708
2017-07-31,0.00017337607
2017-08-01,6.4107066e-05
2017-08-02,-0.00026135374
2017-08-03,2.9209725e-05
2017-08-04,0.00011370273
2017-08-07,7.8194236e-05
2017-08-08,0.00013532393
2017-08-09,0.00063472503
2017-08-10,0.00052096596
2017-08-11,0.0015456275
2017-08-14,0.0009131135
2017-08-15,-5.836923e-05
2017-08-16,0.00025897013
2017-08-17,-0.0001748994
2017-08-18,0.0010455499
2017-08-21,0.0003260258
2017-08-22,0.0003109612
2017-08-23,-0.00013632335
2017-08-24,7.5460994e-05
2017-08-25,0.00033991007
2017-08-28,-0.00025705213
2017-08-29,2.0835767e-05
2017-08-30,0.00045124404
2017-08-31,0.00039649784
2017-09-01,-0.00036304718
2017-09-04,-0.00010774708
2017-09-05,9.265865e-05
2017-09-06,0.0007273422
2017-09-07,-0.00010413818
2017-09-08,-0.00055886694
2017-09-11,-7.829374e-05
2017-09-12,-0.00055422244
2017-09-13,-0.00033487089
2017-09-14,0.00043188708
2017-09-15,0.00012696722
2017-09-18,0.00010125192
2017-09-19,6.5365224e-05
2017-09-20,-0.00021637218
2017-09-21,0.00025243242
2017-09-22,0.00041897976
2017-09-25,6.275384e-05
2017-09-26,0.0006662351
2017-09-27,0.00060802663
2017-09-28,0.00035049955
2017-09-29,9.9786324e-05
2017-10-02,-0.00026145158
2017-10-03,0.0001469892
2017-10-04,-6.8591806e-05
2017-10-05,0.00027245702
2017-10-06,0.00028121707
2017-10-09,0.00029913674
2017-10-10,0.00022394971
2017-10-11,-0.0005594485
2017-10-12,-0.00026528898
2017-10-13,9.9774785e-05
2017-10-16,-0.00026859978
2017-10-17,8.376097e-05
2017-10-18,0.00036745035
2017-10-19,2.9364848e-05
2017-10-20,0.00028667474
2017-10-23,0.0003656683
2017-10-24,0.00048008995
2017-10-25,0.000218987
2017-10-26,0.0005841296
2017-10-27,0.000410741
2017-10-30,0.00014565475
2017-10-31,4.595016e-05
2017-11-01,-0.00015629425
2017-11-02,1.6754973e-05
2017-11-03,-0.00010164325
2017-11-06,0.00022133322
2017-11-07,8.427042e-05
2017-11-08,0.00046142214
2017-11-09,2.4152265e-05
2017-11-10,0.0006235099
2017-11-13,0.00060889404
2017-11-14,0.00074422173
2017-11-15,0.0005197153
2017-11-16,0.00078731985
2017-11-17,-0.00018040578
2017-11-20,0.00042581387
2017-11-21,0.00015421197
2017-11-22,-0.00040053652
2017-11-23,-0.0002285466
2017-11-24,3.249476e-05
2017-11-27,-0.0005690198
2017-11-28,0.00037383163
2017-11-29,-0.00025254814
2017-11-30,0.0003354214
2017-12-01,0.00014898802
2017-12-04,0.00051607843
2017-12-05,0.0006374992
2017-12-06,0.0005875211
2017-12-07,0.00057587615
2017-12-08,0.00019977808
2017-12-11,-0.00016233906
2017-12-12,-8.221711e-05
2017-12-13,3.101786e-05
2017-12-14,-0.00015836429
2017-12-15,0.0005275986
2017-12-18,0.00034134928
2017-12-19,-0.0007412636
2017-12-20,0.000148698
2017-12-21,0.00031080708
2017-12-22,-5.9227445e-05
2017-12-25,-0.00010253479
2017-12-26,9.784989e-05
2017-12-27,0.00019854051
2017-12-28,6.70709e-05
2017-12-29,0.00013017506
2018-01-01,0.00014496809
2018-01-02,0.00021154911
2018-01-03,-0.0003755464
2018-01-04,-0.00037794217
2018-01-05,-0.00092165335
2018-01-08,-0.00068665686
2018-01-09,-0.0001346814
2018-01-10,-5.2770585e-05
2018-01-11,0.00023940216
2018-01-12,-0.0003834408
2018-01-15,-0.0008580494
2018-01-16,-0.00018837296
2018-01-17,0.00013703275
2018-01-18,-0.00024219257
2018-01-19,0.00015850207
2018-01-22,-0.00024801207
2018-01-23,-0.00035119028
2018-01-24,-0.00023499479
2018-01-25,-7.712685e-05
2018-01-26,0.00044034843
2018-01-29,-0.0004209901
2018-01-30,0.0007529216
2018-01-31,0.0011358304
2018-02-01,0.00071733864
2018-02-02,0.00023374204
2018-02-05,0.0019886184
2018-02-06,0.010355304
2018-02-07,0.00017377299
2018-02-08,0.0012609996
2018-02-09,0.0038507292
2018-02-12,0.0010452655
2018-02-13,-0.00062008866
2018-02-14,0.00023573729
2018-02-15,-0.0012384166
2018-02-16,-0.0008876481
2018-02-19,-0.0007180744
2018-02-20,-0.0003231616
2018-02-21,0.00060569594
2018-02-22,0.000585548
2018-02-23,-0.00022736324
2018-02-26,-0.0006974145
2018-02-27,-0.00095684535
2018-02-28,0.0009627447
2018-03-01,0.001276437
2018-03-02,0.0020705354
2018-03-05,0.0005697969
2018-03-06,2.4151188e-05
2018-03-07,-0.00022866692
2018-03-08,0.00016304453
2018-03-09,7.508682e-05
2018-03-12,-0.000346158
2018-03-13,-9.990214e-05
2018-03-14,0.00060822157
2018-03-15,0.00011000932
2018-03-16,0.00018888795
2018-03-19,0.00023869037
2018-03-20,0.0008872904
2018-03-21,0.00048582812
2018-03-22,0.00021570575
2018-03-23,0.0018021446
2018-03-26,0.0018161535
2018-03-27,-0.0006421346
2018-03-28,0.0005974733
2018-03-29,-5.809257e-05
2018-03-30,-0.0005883922
2018-04-02,-7.993828e-05
2018-04-03,0.0012141621
2018-04-04,-4.181217e-06
2018-04-05,-0.00018368532
2018-04-06,-0.0005169426
2018-04-09,0.0004428359
2018-04-10,-0.0004269007
2018-04-11,-0.00094982225
2018-04-12,6.330971e-05
2018-04-13,-0.0002042002
2018-04-16,-4.9185808e-05
2018-04-17,-3.3000964e-05
2018-04-18,-0.00026177516
2018-04-19,-0.00039582304
2018-04-20,0.0003004814
2018-04-23,0.0005642779
2018-04-24,0.0004652156
2018-04-25,0.00068635616
2018-04-26,0.0005846983
2018-04-27,6.6273055e-06
2018-04-30,0.00012933077
2018-05-01,0.00051395356
2018-05-02,0.00067186996
2018-05-03,0.00046685393
2018-05-04,9.155068e-05
2018-05-07,-8.7151115e-05
2018-05-08,0.00010939267
2018-05-09,0.00016842446
2018-05-10,-2.44366e-06
2018-05-11,-0.00040812814
2018-05-14,-0.00025062892
2018-05-15,-0.00013493707
2018-05-16,0.00065096386
2018-05-17,0.00023635593
2018-05-18,9.5819225e-05
2018-05-21,0.0004838545
2018-05-22,-0.00018765293
2018-05-23,0.00020082406
2018-05-24,0.0011529792
2018-05-25,0.0008627637
2018-05-28,0.0010613138
2018-05-29,0.0006016738
2018-05-30,0.002152717
2018-05-31,-0.00029651984
2018-06-01,0.0006365832
2018-06-04,-0.00028683594
2018-06-05,-0.0001762414
2018-06-06,0.00020005889
2018-06-07,-0.0005632611
2018-06-08,0.00034219993
2018-06-11,0.000103407074
2018-06-12,-0.00041569333
2018-06-13,0.00045348448
2018-06-14,0.00013911465
2018-06-15,0.00034123397
2018-06-18,0.00068374904
2018-06-19,0.0010063066
2018-06-20,0.0013327503
2018-06-21,0.00064277725
2018-06-22,0.0010656058
2018-06-25,-0.00026215077
2018-06-26,0.0012650482
2018-06-27,0.00051916647
2018-06-28,0.0011685896
2018-06-29,0.00028922272
2018-07-02,-0.00018905239
2018-07-03,0.00082493044
2018-07-04,0.00017872802
2018-07-05,0.00018900959
2018-07-06,-0.000639525
2018-07-09,-0.00057595514
2018-07-10,-0.00094740116
2018-07-11,-0.00025187782
2018-07-12,0.0013421017
2018-07-13,-9.7581375e-05
2018-07-16,-0.00018009292
2018-07-17,9.3390554e-05
2018-07-18,2.6950569e-05
2018-07-19,0.00014735985
2018-07-20,0.00038241426
2018-07-23,-8.818299e-05
2018-07-24,0.00013762033
2018-07-25,-0.00027158036
2018-07-26,-0.0005543413
2018-07-27,0.000299307
2018-07-30,8.099104e-05
2018-07-31,0.00017539508
2018-08-01,8.918821e-05
2018-08-02,0.00059299415
2018-08-03,0.0009178229
2018-08-06,0.0004601689
2018-08-07,0.00071646617
2018-08-08,-0.00018496627
2018-08-09,0.00020766913
2018-08-10,0.0005036867
2018-08-13,0.002038557
2018-08-14,0.0012492175
2018-08-15,0.0006821202
2018-08-16,0.0016857556
2018-08-17,0.00024584218
2018-08-20,-0.00018008686
2018-08-21,-0.00032715074
2018-08-22,-0.00047984504
2018-08-23,-0.00038922857
2018-08-24,0.000514689
2018-08-27,-0.00024092382
2018-08-28,-0.0011638185
2018-08-29,-0.00030509225
2018-08-30,-0.00053267996
2018-08-31,0.0006499909
2018-09-03,0.0009846865
2018-09-04,0.00048232317
2018-09-05,0.001047926
2018-09-06,0.0013614651
2018-09-07,0.0010003358
2018-09-10,0.0013152615
2018-09-11,0.00024139028
2018-09-12,0.0002756943
2018-09-13,-2.198825e-05
2018-09-14,-0.00043301418
2018-09-17,-0.00014403088
2018-09-18,-2.868603e-05
2018-09-19,-0.000821444
2018-09-20,-0.00054707646
2018-09-21,-0.0012221657
2018-09-24,-0.00046977494
2018-09-25,0.0002258012
2018-09-26,-0.000299291
2018-09-27,-6.1180195e-05
2018-09-28,0.0002593038
2018-10-01,0.0009161849
2018-10-02,0.00041399666
2018-10-03,0.0007895625
2018-10-04,0.0006674446
2018-10-05,0.0014662903
2018-10-08,0.0013041288
2018-10-09,0.0011521732
2018-10-10,0.0009076114
2018-10-11,0.0023888948
2018-10-12,0.0023605565
2018-10-15,0.0008201962
2018-10-16,0.0007615295
2018-10-17,-0.0009272944
2018-10-18,0.0002894189
2018-10-19,0.0015728686
2018-10-22,0.00018063911
2018-10-23,0.0005183121
2018-10-24,0.0010610186
2018-10-25,0.003459078
2018-10-26,6.882337e-05
2018-10-29,0.0007543946
2018-10-30,0.00067973556
2018-10-31,-0.00059068727
2018-11-01,-0.00067260134
2018-11-02,-0.0012017332
2018-11-05,-0.00049817347
2018-11-06,-0.00016145741
2018-11-07,-0.00040132715
2018-11-08,-0.0012759174
2018-11-09,0.00035755793
2018-11-12,0.0007054916
2018-11-13,0.0017141724
2018-11-14,0.00038343915
2018-11-15,0.00027021146
2018-11-16,5.821667e-05
2018-11-19,0.00015857878
2018-11-20,0.0010059564
2018-11-21,0.0020580073
2018-11-22,-0.0002263889
2018-11-23,0.00013548105
2018-11-26,0.00078561174
2018-11-27,-0.00080300425
2018-11-28,0.00015491164
2018-11-29,-0.0010369943
2018-11-30,0.000117314645
2018-12-03,0.00046277634
2018-12-04,-0.00088717765
2018-12-05,0.0018779251
2018-12-06,0.00078862807
2018-12-07,0.0012357392
2018-12-10,0.0015103002
2018-12-11,0.0014548956
2018-12-12,0.000530045
2018-12-13,-0.0007628921
2018-12-14,9.007609e-05
2018-12-17,0.0012883404
2018-12-18,0.0013173058
2018-12-19,0.00057068723
2018-12-20,0.0011654289
2018-12-21,0.00092788227
2018-12-24,0.0019811436
2018-12-25,0.001914965
2018-12-26,0.00090807234
2018-12-27,-0.0014028926
2018-12-28,-0.0005749387
2018-12-31,-0.0005281362
2019-01-01,-0.0002411141
2019-01-02,-4.1469393e-05
2019-01-03,0.00018174252
2019-01-04,0.00085218926
2019-01-07,-0.002467067
2019-01-08,-0.0011067832
2019-01-09,-0.0009480098
2019-01-10,-0.0012816476
2019-01-11,-0.00078425114
2019-01-14,0.0003142294
2019-01-15,0.0005662148
2019-01-16,-0.00012884587
2019-01-17,-0.00012179911
2019-01-18,-0.00016686758
2019-01-21,-0.00071299856
2019-01-22,-7.853827e-05
2019-01-23,0.0014118543
2019-01-24,0.0003055373
2019-01-25,0.00021948622
2019-01-28,-0.0006569321
2019-01-29,0.00039204472
2019-01-30,0.00013261731
2019-01-31,-0.00068942487
2019-02-01,-0.00014228637
2019-02-04,9.5211726e-05
2019-02-05,-0.00014525828
2019-02-06,-0.0005851985
2019-02-07,0.0003177983
2019-02-08,0.0013491617
2019-02-11,0.00092013425
2019-02-12,0.000606179
2019-02-13,-0.0005374973
2019-02-14,-5.0262465e-06
2019-02-15,0.0001601522
2019-02-18,-0.00097341393
2019-02-19,-0.00020520094
2019-02-20,-0.00026710465
2019-02-21,-0.0002302784
2019-02-22,0.0001755025
2019-02-25,-0.000114468115
2019-02-26,-0.00017871948
2019-02-27,-0.00035415043
2019-02-28,0.0003224762
2019-03-01,0.00036966673
2019-03-04,-0.00016099784
2019-03-05,0.00041222366
2019-03-06,0.000248252
2019-03-07,0.00048451396
2019-03-08,0.0014375051
2019-03-11,0.0007211059
2019-03-12,-0.0002400691
2019-03-13,0.00017035351
2019-03-14,-0.00045874558
2019-03-15,7.703071e-06
2019-03-18,-0.0007669447
2019-03-19,-0.00045972253
2019-03-20,-0.00025068375
2019-03-21,-5.2631614e-05
2019-03-22,0.00011102755
2019-03-25,0.001730593
2019-03-26,0.0006397982
2019-03-27,-4.7585786e-06
2019-03-28,0.0001579544
2019-03-29,0.00046615215
2019-04-01,2.8817289e-05
2019-04-02,-0.000844699
2019-04-03,-0.0001697633
2019-04-04,-0.00057022244
2019-04-05,7.95395e-05
2019-04-08,-8.9435154e-05
2019-04-09,1.0210511e-05
2019-04-10,0.00062592706
2019-04-11,2.6117763e-05
2019-04-12,0.00032349245
2019-04-15,-0.00030771707
2019-04-16,1.3756871e-05
2019-04-17,0.00010676986
2019-04-18,-2.957006e-05
2019-04-19,0.00020402826
2019-04-22,0.00023846695
2019-04-23,0.0003843635
2019-04-24,0.00013938459
2019-04-25,0.00078607094
2019-04-26,0.000521175
2019-04-29,2.8893832e-05
2019-04-30,-0.000148734
2019-05-01,6.295038e-05
2019-05-02,0.00065020454
2019-05-03,0.00052180805
2019-05-06,-0.0005416503
2019-05-07,0.0008792648
2019-05-08,0.001955478
2019-05-09,0.0007829434
2019-05-10,0.00087675307
2019-05-13,-8.81389e-05
2019-05-14,0.0021010232
2019-05-15,0.00011613367
2019-05-16,-4.321606e-05
2019-05-17,-0.0005003159
2019-05-20,0.00049955974
2019-05-21,0.0006392632
2019-05-22,-0.00021467176
2019-05-23,0.00035489572
2019-05-24,0.0009898868
2019-05-27,-0.00043803803
2019-05-28,-4.00516e-05
2019-05-29,0.00090652873
2019-05-30,0.0010063569
2019-05-31,0.00020618658
2019-06-03,0.0010007714
2019-06-04,6.1022467e-05
2019-06-05,-0.0007334392
2019-06-06,-8.692422e-05
2019-06-07,-0.00023207952
2019-06-10,-0.001036976
2019-06-11,-0.0005223219
2019-06-12,-0.0005653921
2019-06-13,0.00046169982
2019-06-14,0.00015487627
2019-06-17,0.00075918145
2019-06-18,0.00034370436
2019-06-19,-0.00082806917
2019-06-20,-0.0006372242
2019-06-21,-0.0008070745
2019-06-24,0.00019212831
2019-06-25,2.424825e-05
2019-06-26,0.0006377509
2019-06-27,0.0002752689
2019-06-28,5.689323e-05
2019-07-01,-0.0002785417
2019-07-02,-0.00032587897
2019-07-03,-0.00020330788
2019-07-04,-0.0004941099
2019-07-05,-4.6574525e-05
2019-07-08,0.0007381682
2019-07-09,0.00089167
2019-07-10,0.00084959413
2019-07-11,0.00020903947
2019-07-12,0.00030787886
2019-07-15,0.00021897131
2019-07-16,0.00020426368
2019-07-17,0.0006009359
2019-07-18,0.00051564345
2019-07-19,0.000111458765
2019-07-22,0.0004510793
2019-07-23,0.00023826052
2019-07-24,-0.00027452165
2019-07-25,-2.2518754e-05
2019-07-26,0.0009569929
2019-07-29,0.00031187444
2019-07-30,7.8076075e-05
2019-07-31,0.0011338576
2019-08-01,0.0011389616
2019-08-02,0.0008412469
2019-08-05,0.0012637614
2019-08-06,0.003065728
2019-08-07,0.0006889315
2019-08-08,0.00019394602
2019-08-09,-0.0004949189
2019-08-12,0.00057753624
2019-08-13,0.0010342641
2019-08-14,-0.00029133243
2019-08-15,0.0022729246
2019-08-16,0.00063714205
2019-08-19,-0.00065167877
2019-08-20,-0.00062266685
2019-08-21,0.00013520532
2019-08-22,-0.00045300875
2019-08-23,6.7560904e-05
2019-08-26,0.0011287765
2019-08-27,-0.0001953481
2019-08-28,0.00011204765
2019-08-29,0.0001642644
2019-08-30,-0.0005203807
2019-09-02,-0.00037970784
2019-09-03,-1.6773396e-05
2019-09-04,0.00026442166
2019-09-05,-0.0009814679
2019-09-06,-0.00068721804
2019-09-09,-0.00042914326
2019-09-10,-0.00031183934
2019-09-11,-0.00016316805
2019-09-12,-0.0004259366
2019-09-13,-0.00054185034
2019-09-16,-0.00056709495
2019-09-17,0.0006434256
2019-09-18,8.595898e-05
2019-09-19,0.00028951484
2019-09-20,2.3585303e-06
2019-09-23,0.0003769276
2019-09-24,0.0005458498
2019-09-25,0.00072248315
2019-09-26,0.0007209623
2019-09-27,0.00017215438
2019-09-30,0.0005566294
2019-10-01,0.00010182774
2019-10-02,0.0010435445
2019-10-03,0.0023046474
2019-10-04,0.00046922968
2019-10-07,-0.00026381126
2019-10-08,0.00020237501
2019-10-09,0.001028831
2019-10-10,-7.11702e-05
2019-10-11,-0.00045669818
2019-10-14,-0.0015417256
2019-10-15,-0.00014636612
2019-10-16,-0.0010079157
2019-10-17,-0.00046680577
2019-10-18,-0.0003618715
2019-10-21,-6.142301e-05
2019-10-22,-0.00043152977
2019-10-23,0.00013291239
2019-10-24,-0.0003011605
2019-10-25,-0.000119583754
2019-10-28,1.9744577e-05
2019-10-29,-0.00019697672
2019-10-30,0.00012535405
2019-10-31,-0.000121823905
2019-11-01,0.00032114907
2019-11-04,-0.00044893788
2019-11-05,-0.0004170782
2019-11-06,0.00015158985
2019-11-07,0.00023313928
2019-11-08,-2.5634523e-05
2019-11-11,0.00018432665
2019-11-12,0.00032990242
2019-11-13,0.0002454101
2019-11-14,0.00055318483
2019-11-15,0.0006175512
2019-11-18,-0.00010977649
2019-11-19,5.4089134e-05
2019-11-20,0.0003083982
2019-11-21,0.0008096328
2019-11-22,0.000582695
2019-11-25,0.000157942
2019-11-26,-0.00042443955
2019-11-27,4.981985e-05
2019-11-28,-5.813768e-05
2019-11-29,0.000110172754
2019-12-02,0.0007425839
2019-12-03,0.00083486235
2019-12-04,0.00076810695
2019-12-05,-0.00031703868
2019-12-06,0.00021447905
2019-12-09,-0.0005080804
2019-12-10,0.0003960589
2019-12-11,0.00025043896
2019-12-12,-0.00020417645
2019-12-13,-0.00049223396
2019-12-16,-0.0006431002
2019-12-17,-0.001034665
2019-12-18,0.00017997861
2019-12-19,0.00025215177
2019-12-20,0.00018761678
2019-12-23,0.00012294331
2019-12-24,4.84888e-05
2019-12-25,0.00025573812
2019-12-26,0.00026344275
2019-12-27,-7.953511e-05
2019-12-30,1.4146746e-05
2019-12-31,0.00080033054
2020-01-01,8.570308e-05
2020-01-02,0.00021201085
2020-01-03,-0.00058240903
2020-01-06,0.0009546611
2020-01-07,0.00017546646
2020-01-08,0.0004501668
2020-01-09,8.125063e-05
2020-01-10,-2.2593454e-06
2020-01-13,0.00046033107
2020-01-14,-0.0001092695
2020-01-15,3.2810363e-05
2020-01-16,0.00015833824
2020-01-17,-0.00014228978
2020-01-20,-0.00016029611
2020-01-21,7.097307e-05
2020-01-22,0.0008133628
2020-01-23,0.00026775844
2020-01-24,0.0004538951
2020-01-27,0.0006899481
2020-01-28,0.0021796396
2020-01-29,0.00019078521
2020-01-30,0.0002863949
2020-01-31,0.00039524032
2020-02-03,0.0017684238
2020-02-04,0.0006522906
2020-02-05,-0.00095353345
2020-02-06,-0.00095976144
2020-02-07,-0.0004643193
2020-02-10,0.0006830878
2020-02-11,0.00014145233
2020-02-12,-0.00045010657
2020-02-13,-0.00038041774
2020-02-14,0.0005145733
2020-02-17,0.00042759825
2020-02-18,0.0002812256
2020-02-19,0.0007818545
2020-02-20,0.00017860957
2020-02-21,0.0007500185
2020-02-24,0.0008697785
2020-02-25,0.0069951443
2020-02-26,0.0046276622
2020-02-27,0.0013595033
2020-02-28,0.005875365
2020-03-02,0.0022755943
2020-03-03,3.525657e-05
2020-03-04,0.0009754751
2020-03-05,-0.0021721194
2020-03-06,0.0015110963
2020-03-09,0.0018945136
2020-03-10,0.025400423
2020-03-11,-0.00085788534
2020-03-12,0.010194389
2020-03-13,0.045740902
2020-03-16,-0.0019556372
2020-03-17,0.030787216
2020-03-18,-0.0016087907
2020-03-19,0.01430201
2020-03-20,0.0002481898
2020-03-23,0.001293128
2020-03-24,0.0015452356
2020-03-25,-0.010808712
2020-03-26,-0.008401861
2020-03-27,-0.009540429
2020-03-30,-0.0010999484
2020-03-31,-0.003895277
2020-04-01,-0.0009962536
2020-04-02,0.0030652282
2020-04-03,-0.0010717378
2020-04-06,0.0015082181
2020-04-07,-0.004626298
2020-04-08,-0.0016832001
2020-04-09,-0.0011309624
2020-04-10,-0.00217501
2020-04-13,-0.0006667885
2020-04-14,0.0006486425
2020-04-15,-0.0012131457
2020-04-16,0.0022173456
2020-04-17,0.00089288526
2020-04-20,-0.0017412395
2020-04-21,0.0007480141
2020-04-22,0.0020844953
2020-04-23,-0.0004689775
2020-04-24,0.00032710255
2020-04-27,-0.00058965053
2020-04-28,-0.001074956
2020-04-29,-0.0008319395
2020-04-30,-0.0024974805
2020-05-01,0.00088888453
2020-05-04,0.002207781
2020-05-05,0.0008928395
2020-05-06,0.00030849135
2020-05-07,0.00083243754
2020-05-08,-0.0007444344
2020-05-11,-0.0014453457
2020-05-12,-0.00027931586
2020-05-13,0.0010831055
2020-05-14,0.0011957715
2020-05-15,0.0014048457
2020-05-18,0.0006169023
2020-05-19,-0.003500278
2020-05-20,0.00012881785
2020-05-21,-0.0016366135
2020-05-22,0.00042333957
2020-05-25,0.0004366429
2020-05-26,0.00022925167
2020-05-27,-0.0023721093
2020-05-28,-0.0017509138
2020-05-29,-0.001380858
2020-06-01,-0.0001876121
2020-06-02,-0.0019847814
2020-06-03,-0.0014525793
2020-06-04,-0.0027598124
2020-06-05,-0.00059325376
2020-06-08,-0.0016968373
2020-06-09,-0.0016754664
2020-06-10,0.000478479
2020-06-11,0.00043016407
2020-06-12,0.009631801
2020-06-15,0.00037732424
2020-06-16,0.000115694726
2020-06-17,-0.0006250436
2020-06-18,-0.00020892119
2020-06-19,0.00064747606
2020-06-22,0.000897769
2020-06-23,-0.0004576781
2020-06-24,-0.00044242654
2020-06-25,0.0020701427
2020-06-26,-0.00034471304
2020-06-29,0.0012055119
2020-06-30,-0.00011341668
2020-07-01,0.00025558693
2020-07-02,-7.599853e-05
2020-07-03,-0.00078468956
2020-07-06,-0.00015772421
2020-07-07,-0.0013247832
2020-07-08,0.00080614444
2020-07-09,-0.00032798632
2020-07-10,0.00092602056
2020-07-13,-0.0004620857
2020-07-14,0.0004850295
2020-07-15,-0.00092987926
2020-07-16,-0.001134169
2020-07-17,0.0002323215
2020-07-20,-0.00029176404
2020-07-21,-0.0003953118
2020-07-22,-0.00019308507
2020-07-23,-0.00016571324
2020-07-24,0.00071910495
2020-07-27,0.00087043643
2020-07-28,-0.0006126517
2020-07-29,0.0004758802
2020-07-30,-0.00052133476
2020-07-31,0.0011901163
2020-08-03,0.0024323028
2020-08-04,-0.00059409376
2020-08-05,-0.00043591805
2020-08-06,-0.00023716442
2020-08-07,-5.006223e-06
2020-08-10,0.00047935927
2020-08-11,3.2845055e-05
2020-08-12,-0.00016288848
2020-08-13,-0.0018373987
2020-08-14,-0.00021755461
2020-08-17,0.00049035624
2020-08-18,-0.00038888317
2020-08-19,9.672673e-06
2020-08-20,0.0004777858
2020-08-21,0.00058002694
2020-08-24,0.00080259395
2020-08-25,-0.0006222218
2020-08-26,-8.061704e-05
2020-08-27,-0.0003248059
2020-08-28,0.0008915967
2020-08-31,-9.950671e-05
2020-09-01,0.0007543099
2020-09-02,0.00034728102
2020-09-03,-0.0008157968
2020-09-04,0.001691877
2020-09-07,0.0006598457
2020-09-08,0.00042026362
2020-09-09,0.0013612679
2020-09-10,-0.000890687
2020-09-11,0.00081173977
2020-09-14,-0.00036721758
2020-09-15,-0.0004176008
2020-09-16,-0.00055270107
2020-09-17,-9.935601e-05
2020-09-18,-6.361825e-05
2020-09-21,0.0007272411
2020-09-22,0.002500923
2020-09-23,0.0010800201
2020-09-24,0.0013038939
2020-09-25,0.0008035791
2020-09-28,0.00027771518
2020-09-29,-0.000889722
2020-09-30,-3.3351665e-05
2020-10-01,0.0005489807
2020-10-02,-0.00014834914
2020-10-05,0.00022209731
2020-10-06,-0.001117268
2020-10-07,0.0005304691
2020-10-08,-0.0004815678
2020-10-09,-0.00069212896
2020-10-12,-0.000854778
2020-10-13,-0.00074259425
2020-10-14,0.0007188216
2020-10-15,0.00049414724
2020-10-16,0.0013000716
2020-10-19,0.00025549316
2020-10-20,0.0006137467
2020-10-21,3.462586e-05
2020-10-22,0.0006327356
2020-10-23,0.00038477094
2020-10-26,-0.00019216463
2020-10-27,0.0015969656
2020-10-28,0.001443408
2020-10-29,0.004503395
2020-10-30,0.0010170527
2020-11-02,0.001076651
2020-11-03,-0.0004407579
2020-11-04,-0.002242376
2020-11-05,-0.0015215293
2020-11-06,-0.0030459813
2020-11-09,-0.0011544182
2020-11-10,-0.003742071
2020-11-11,-0.0021560858
2020-11-12,-0.0016748273
2020-11-13,0.00044317322
2020-11-16,-0.0012971174
2020-11-17,-0.0013625334
2020-11-18,-0.00040161208
2020-11-19,0.00038541068
2020-11-20,-0.000306151
2020-11-23,-0.00014994263
2020-11-24,0.00027810494
2020-11-25,-0.0009001992
2020-11-26,1.3063327e-05
2020-11-27,0.0002154739
2020-11-30,-0.0002838546
2020-12-01,0.0018656021
2020-12-02,-0.0011606265
2020-12-03,-0.00023764202
2020-12-04,-6.8672336e-05
2020-12-07,-0.00057426293
2020-12-08,0.00059246854
2020-12-09,6.604209e-05
2020-12-10,6.1512415e-05
2020-12-11,6.458115e-05
2020-12-14,0.00043081178
2020-12-15,0.00027232373
2020-12-16,-0.0005688563
2020-12-17,-0.00035580387
2020-12-18,-0.000564911
2020-12-21,0.00035223755
2020-12-22,0.001324689
2020-12-23,0.0008437012
2020-12-24,-0.00041655026
2020-12-25,-1.7948773e-06
2020-12-28,0.000175734
2020-12-29,-0.0004339586
2020-12-30,-0.0005318784
2020-12-31,-0.00017323116
2021-01-01,0.00068198715
2021-01-04,0.00037126738
2021-01-05,-0.00015901083
2021-01-06,-0.0007800268
2021-01-07,-0.0011105244
2021-01-08,-0.00038642535
2021-01-11,-0.00084004365
2021-01-12,0.00085502246
2021-01-13,2.3941117e-05
2021-01-14,0.00024472259
2021-01-15,-0.00043298095
2021-01-18,0.0012801838
2021-01-19,0.00065102614
2021-01-20,-0.00016055473
2021-01-21,-0.00040969637
2021-01-22,-2.4044435e-05
2021-01-25,0.0005598182
2021-01-26,0.00047369974
2021-01-27,0.00021973466
2021-01-28,0.0021546092
2021-01-29,0.00042077433
2021-02-01,0.0020939612
2021-02-02,-3.4140176e-05
2021-02-03,-0.00061454857
2021-02-04,-0.00023284553
2021-02-05,-1.5182406e-05
2021-02-08,-0.00038696342
2021-02-09,-0.000616765
2021-02-10,-0.00061396265
2021-02-11,0.00011597849
2021-02-12,-0.00048941106
2021-02-15,-0.00058570236
2021-02-16,-0.00015113213
2021-02-17,-0.0005948368
2021-02-18,0.00036373953
2021-02-19,0.0006627492
2021-02-22,0.0001522525
2021-02-23,0.00044119937
2021-02-24,0.00028288405
2021-02-25,5.4295e-05
2021-02-26,0.0016335774
2021-03-01,0.0020317305
2021-03-02,-0.0006368446
2021-03-03,8.628766e-05
2021-03-04,0.0007400729
2021-03-05,0.0012626102
2021-03-08,9.728715e-05
2021-03-09,0.0004991643
2021-03-10,-0.000780497
2021-03-11,-0.00049665524
2021-03-12,-0.00052213087
2021-03-15,-0.0003244017
2021-03-16,-0.00012263675
2021-03-17,-0.00012844168
2021-03-18,-0.00047635497
2021-03-19,0.0006600401
2021-03-22,0.00011216645
2021-03-23,9.9468845e-05
2021-03-24,0.0013372987
2021-03-25,0.0011034698
2021-03-26,-4.140617e-06
2021-03-29,-0.00083795085
2021-03-30,0.00020346779
2021-03-31,0.00036099344
2021-04-01,0.000660124
2021-04-02,-0.0006927449
2021-04-05,-0.00011594231
2021-04-06,-0.0011573518
2021-04-07,0.00053687266
2021-04-08,0.000106746666
2021-04-09,-0.00033686036
2021-04-12,-0.00027049275
2021-04-13,0.0004677395
2021-04-14,-0.00018306127
2021-04-15,1.534466e-05
2021-04-16,-0.00053306506
2021-04-19,-0.0006456021
2021-04-20,4.795188e-05
2021-04-21,0.0016387493
2021-04-22,-0.0001292661
2021-04-23,0.00039892385
2021-04-26,-0.0005267157
2021-04-27,-7.793958e-05
2021-04-28,0.00040439988
2021-04-29,9.79684e-05
2021-04-30,0.00016074591
2021-05-03,0.0012529653
2021-05-04,-0.00030902884
2021-05-05,0.0012812414
2021-05-06,-0.0005063157
2021-05-07,-0.0006762223
2021-05-10,-0.0010376894
2021-05-11,0.00017428871
2021-05-12,0.0012546721
2021-05-13,0.0019354112
2021-05-14,0.00021109902
2021-05-17,-0.0011222997
2021-05-18,-8.628196e-05
2021-05-19,-4.9841896e-05
2021-05-20,0.00085396064
2021-05-21,-0.00065300247
2021-05-24,-0.00021405022
2021-05-25,-0.00046714017
2021-05-26,-7.7777964e-05
2021-05-27,0.00012752996
2021-05-28,3.4407853e-06
2021-05-31,-7.258808e-05
2021-06-01,9.778257e-05
2021-06-02,-0.00012401798
2021-06-03,-0.00017930089
2021-06-04,0.00048159683
2021-06-07,-0.00037876167
2021-06-08,-0.00024601398
2021-06-09,0.0001031187
2021-06-10,0.0004110885
2021-06-11,7.231503e-05
2021-06-14,-1.3095108e-05
2021-06-15,9.967465e-06
2021-06-16,5.8256526e-05
2021-06-17,0.00068668975
2021-06-18,0.0009942395
2021-06-21,0.002301284
2021-06-22,-8.235303e-05
2021-06-23,0.00019596986
2021-06-24,0.00082548195
2021-06-25,-0.00028840068
2021-06-28,-8.9241934e-05
2021-06-29,0.0006498399
2021-06-30,0.00035673997
2021-07-01,0.0009041877
2021-07-02,0.00026104576
2021-07-05,-5.072668e-05
2021-07-06,0.00011574391
2021-07-07,0.0007184654
2021-07-08,-5.766911e-05
2021-07-09,0.0011847242
2021-07-12,-0.0008578681
2021-07-13,-0.0005111389
2021-07-14,0.00036287092
2021-07-15,6.5402244e-05
2021-07-16,0.0009383539
2021-07-19,0.0010981186
2021-07-20,0.002097883
2021-07-21,0.00033043532
2021-07-22,-0.0009198341
2021-07-23,-0.0001748854
2021-07-26,-0.0004710651
2021-07-27,-0.00014629027
2021-07-28,0.00038859827
2021-07-29,-0.000117986274
2021-07-30,-0.0005289794
2021-08-02,0.0003153135
2021-08-03,-0.00021209042
2021-08-04,-0.00057284744
2021-08-05,0.00014099911
2021-08-06,-0.0002405957
2021-08-09,0.0003375582
2021-08-10,0.00029973077
2021-08-11,8.0155354e-05
2021-08-12,-0.0003666174
2021-08-13,0.00010419158
2021-08-16,-0.0002984191
2021-08-17,0.0004702558
2021-08-18,0.0011055528
2021-08-19,0.0008962614
2021-08-20,0.0013525074
2021-08-23,0.00037672164
2021-08-24,-0.0004065567
2021-08-25,-0.00011353246
2021-08-26,0.000107927306
2021-08-27,0.0006312662
2021-08-30,-0.00038689392
2021-08-31,8.6088985e-06
2021-09-01,0.00015644655
2021-09-02,-0.000587893
2021-09-03,-0.0004474108
2021-09-06,-0.0004525032
2021-09-07,-7.487e-05
2021-09-08,2.2168238e-06
2021-09-09,0.00075748004
2021-09-10,0.00054904365
2021-09-13,0.00054581603
2021-09-14,-0.0002702978
2021-09-15,0.00043629116
2021-09-16,0.000108120075
2021-09-17,0.00036229606
2021-09-20,0.0014078709
2021-09-21,0.002290515
2021-09-22,0.00019828201
2021-09-23,-0.00010736809
2021-09-24,-0.0007186086
2021-09-27,0.0006702299
2021-09-28,0.0004471673
2021-09-29,0.0021322877
2021-09-30,0.0011230168
2021-10-01,0.0009197273
2021-10-04,0.00032210356
2021-10-05,0.0011885902
2021-10-06,5.054506e-05
2021-10-07,0.0007572365
2021-10-08,-0.00020840722
2021-10-11,7.857416e-05
2021-10-12,0.0004120158
2021-10-13,0.00021559697
2021-10-14,-0.0006426862
2021-10-15,-0.0009783205
2021-10-18,-0.0009940863
2021-10-19,3.148183e-05
2021-10-20,-0.00047775958
2021-10-21,-0.00042673375
2021-10-22,0.00030049164
2021-10-25,-0.0003115349
2021-10-26,0.00017097044
2021-10-27,3.6351223e-05
2021-10-28,0.0004981746
2021-10-29,-0.00045318902
2021-11-01,0.00048634788
2021-11-02,-0.00044769072
2021-11-03,0.00018165814
2021-11-04,-0.00044127525
2021-11-05,4.176583e-05
2021-11-08,3.62906e-05
2021-11-09,0.00016396439
2021-11-10,0.00038188064
2021-11-11,0.0012976391
2021-11-12,0.0003375319
2021-11-15,-0.00013550151
2021-11-16,0.0002943235
2021-11-17,0.00048013515
2021-11-18,0.00046700804
2021-11-19,0.00027442837
2021-11-22,0.0009873364
2021-11-23,0.0010377144
2021-11-24,0.0006547528
2021-11-25,0.0009936668
2021-11-26,0.00056240294
2021-11-29,0.0026790053
2021-11-30,0.0007482856
2021-12-01,0.0012436775
2021-12-02,0.0011744023
2021-12-03,-0.00039725535
2021-12-06,0.00038597666
2021-12-07,-0.00050636084
2021-12-08,-0.001910705
2021-12-09,-0.00078632566
2021-12-10,0.00039056854
2021-12-13,-5.948184e-05
2021-12-14,0.00076961605
2021-12-15,0.00077131204
2021-12-16,-0.00078300305
2021-12-17,-0.00016718775
2021-12-20,0.0011141415
2021-12-21,0.0007614976
2021-12-22,-0.00045888283
2021-12-23,-0.0007308563
2021-12-24,-0.0005765851
2021-12-27,-6.800586e-05
2021-12-28,-0.00055673905
2021-12-29,-0.000126377
2021-12-30,7.5514676e-05
2021-12-31,0.0003372217
2022-01-03,0.00030742903
2022-01-04,-0.00029634137
2022-01-05,-0.00043426
2022-01-06,0.00070807093
2022-01-07,0.0008484534
2022-01-10,0.0002498823
2022-01-11,0.0010610848
2022-01-12,-0.00031958567
2022-01-13,-0.0007088992
2022-01-14,0.000504333
2022-01-17,0.00043047176
2022-01-18,0.0003114202
2022-01-19,0.0014857091
2022-01-20,0.0007808944
2022-01-21,0.0008813018
2022-01-24,0.0016704208
2022-01-25,0.0016918147
2022-01-26,0.001392112
2022-01-27,0.0011040104
2022-01-28,0.0010651802
2022-01-31,0.0003547058
2022-02-01,-0.0008694072
2022-02-02,-0.0009348771
2022-02-03,-0.000869959
2022-02-04,0.0010075531
2022-02-07,0.00017828225
2022-02-08,-5.03545e-05
2022-02-09,-0.00041650725
2022-02-10,-0.0014760738
2022-02-11,0.0005544049
2022-02-14,0.0015402253
2022-02-15,0.0012344866
2022-02-16,-0.00093084143
2022-02-17,-0.0004570685
2022-02-18,0.0013249988
2022-02-21,0.0010357411
2022-02-22,0.0005816857
2022-02-23,0.0013997449
2022-02-24,0.001429051
2022-02-25,0.0019009854
2022-02-28,-0.0012109333
2022-03-01,0.0012958577
2022-03-02,0.002536498
2022-03-03,2.2214415e-05
2022-03-04,0.0018432385
2022-03-07,0.0055781803
2022-03-08,0.010518415
2022-03-09,0.0010448247
2022-03-10,-0.0033885234
2022-03-11,5.545419e-05
2022-03-14,0.0010353007
2022-03-15,-0.00033538748
2022-03-16,-0.0008940195
2022-03-17,-0.0044024633
2022-03-18,-0.0023525732
2022-03-21,-0.0018548538
2022-03-22,-0.00031651236
2022-03-23,-0.0010944554
2022-03-24,0.00059434725
2022-03-25,-0.0006291382
2022-03-28,-0.00022046918
2022-03-29,0.00031720762
2022-03-30,-0.0015966938
2022-03-31,-5.2869887e-05
2022-04-01,0.0015304004
2022-04-04,-2.1887638e-05
2022-04-05,-0.000110001
2022-04-06,0.0012823364
2022-04-07,0.0017015926
2022-04-08,0.0006798136
2022-04-11,0.00047106965
2022-04-12,0.0012992442
2022-04-13,0.0013556316
2022-04-14,-0.00018173108
2022-04-15,0.00052802125
2022-04-18,0.00038688345
2022-04-19,0.0008035014
2022-04-20,4.960649e-05
2022-04-21,-0.00039376476
2022-04-22,0.00085071445
2022-04-25,0.0018015553
2022-04-26,0.001200895
2022-04-27,0.0036149973
2022-04-28,0.0009012953
2022-04-29,-0.0006140286
2022-05-02,0.0009488855
2022-05-03,0.0007676382
2022-05-04,-0.0001560758
2022-05-05,-0.001357954
2022-05-06,0.0021898781
2022-05-09,0.0017266773
2022-05-10,0.0053408304
2022-05-11,0.00069637556
2022-05-12,0.0009519967
2022-05-13,0.00077367807
2022-05-16,-0.0018538396
2022-05-17,-0.0005953871
2022-05-18,-0.0017482181
2022-05-19,0.0013341546
2022-05-20,-0.00033776602
2022-05-23,-0.00068825047
2022-05-24,-0.0017013306
2022-05-25,-0.00049393415
2022-05-26,-0.00022185546
2022-05-27,-0.001012744
2022-05-30,-0.0013447596
2022-05-31,-0.00045426242
2022-06-01,0.00040035328
2022-06-02,0.001133026
2022-06-03,-0.0012161705
2022-06-06,0.00089412375
2022-06-07,0.00018037371
2022-06-08,2.4804569e-05
2022-06-09,0.0013677306
2022-06-10,0.002513631
2022-06-13,0.0043607308
2022-06-14,0.010428129
2022-06-15,0.004140954
2022-06-16,-0.00014928992
2022-06-17,0.0021529312
2022-06-20,0.0015057272
2022-06-21,0.00083774194
2022-06-22,-0.0007648674
2022-06-23,0.00037693995
2022-06-24,0.00026336344
2022-06-27,-0.003071735
2022-06-28,-0.0006510589
2022-06-29,0.00019982914
2022-06-30,0.00028746607
2022-07-01,0.00049497385
2022-07-04,-2.279818e-05
2022-07-05,5.059049e-05
2022-07-06,0.0019056004
2022-07-07,0.00079934753
2022-07-08,-0.000752336
2022-07-11,-0.00014528738
2022-07-12,0.0014803701
2022-07-13,0.0007509678
2022-07-14,0.0005072611
2022-07-15,0.0015503062
2022-07-18,-0.0006026617
2022-07-19,-0.000381149
2022-07-20,-0.0025488785
2022-07-21,-0.00023011187
2022-07-22,-0.0009492161
2022-07-25,-0.00012984466
2022-07-26,-0.00070488045
2022-07-27,0.000932103
2022-07-28,-0.0016600275
2022-07-29,-0.00094136
2022-08-01,-0.0014420641
2022-08-02,-0.0005719202
2022-08-03,0.0011911372
2022-08-04,4.7719193e-05
2022-08-05,-0.00025116152
2022-08-08,0.0006546783
2022-08-09,0.00024347952
2022-08-10,0.00074745563
2022-08-11,-0.001404078
2022-08-12,-0.00028254936
2022-08-15,-0.0005827268
2022-08-16,0.00041828168
2022-08-17,0.00030425948
2022-08-18,0.00091500615
2022-08-19,0.0007688313
2022-08-22,0.0016173755
2022-08-23,0.0022657274
2022-08-24,0.0010468826
2022-08-25,0.00055971276
2022-08-26,-0.00042769272
2022-08-29,0.0022399223
2022-08-30,0.0012553579
2022-08-31,0.0013001792
2022-09-01,0.0012666491
2022-09-02,0.0018195108
2022-09-05,0.0014391515
2022-09-06,0.0007259171
2022-09-07,0.0006602938
2022-09-08,-0.00033896382
2022-09-09,-5.2481148e-05
2022-09-12,-0.0023098523
2022-09-13,-0.0020503998
2022-09-14,0.0020764903
2022-09-15,0.00043583516
2022-09-16,0.0009149035
2022-09-19,0.0009109907
2022-09-20,0.00015625713
2022-09-21,0.0016263814
2022-09-22,0.0019174113
2022-09-23,0.0011923633
2022-09-26,0.00542813
2022-09-27,0.0038078977
2022-09-28,0.0020071873
2022-09-29,-0.0009904107
2022-09-30,0.0008648612
2022-10-03,0.0008293938
2022-10-04,-0.001227272
2022-10-05,-0.0050162473
2022-10-06,-0.00062693766
2022-10-07,0.0010865986
2022-10-10,0.0016312939
2022-10-11,0.001010176
2022-10-12,0.0013346265
2022-10-13,0.0008745712
2022-10-14,-0.0012284097
2022-10-17,0.00094570353
2022-10-18,-0.0015382284
2022-10-19,-0.0009564507
2022-10-20,0.00076355826
2022-10-21,0.0005791609
2022-10-24,-0.0012221886
2022-10-25,-0.000366161
2022-10-26,-0.0020025382
2022-10-27,-0.0014651659
2022-10-28,0.00023436302
2022-10-31,-0.00076811283
2022-11-01,0.0005455579
2022-11-02,-0.00041909737
2022-11-03,0.0011762931
2022-11-04,0.0013207344
2022-11-07,-0.0029684908
2022-11-08,-0.0010451342
2022-11-09,-0.0011886908
2022-11-10,0.0008205109
2022-11-11,-0.0057692393
2022-11-14,-0.0038702379
2022-11-15,-0.0004412986
2022-11-16,-0.0008261312
2022-11-17,-0.000157233
2022-11-18,-2.896694e-05
2022-11-21,-0.00012591424
2022-11-22,0.00070894655
2022-11-23,-0.0007461256
2022-11-24,-0.0009559946
2022-11-25,-0.00012636597
2022-11-28,-0.0002527667
2022-11-29,0.0011744007
2022-11-30,0.00039996556
2022-12-01,-0.0011107471
2022-12-02,-0.0010001509
2022-12-05,-0.00015484441
2022-12-06,0.0011589923
2022-12-07,0.00094439456
2022-12-08,0.0005117936
2022-12-09,-6.2878986e-05
2022-12-12,0.000121885096
2022-12-13,-2.1534656e-06
2022-12-14,-0.0009850886
2022-12-15,-0.00012212426
2022-12-16,0.0022045134
2022-12-19,0.0017241009
2022-12-20,0.0010305948
2022-12-21,0.00026217228
2022-12-22,-0.0005328348
2022-12-23,0.00067723624
2022-12-26,0.0001445988
2022-12-27,0.00022550128
2022-12-28,0.000102074424
2022-12-29,0.0010465357
2022-12-30,-0.00082309556
2023-01-02,0.00065769063
2023-01-03,0.00035752056
2023-01-04,-0.00047993247
2023-01-05,-0.0011701988
2023-01-06,0.00047741743
2023-01-09,-0.001973456
2023-01-10,-0.000989737
2023-01-11,-0.0005827251
2023-01-12,-0.00081831426
2023-01-13,-0.001498756
2023-01-16,-0.00095756294
2023-01-17,-0.0003267635
2023-01-18,-0.00033720076
2023-01-19,0.0002609261
2023-01-20,0.00034996524
2023-01-23,-0.0004515298
2023-01-24,-0.00030937756
2023-01-25,0.00018006124
2023-01-26,-0.00027891458
2023-01-27,2.4063149e-05
2023-01-30,0.00035924217
2023-01-31,0.00085365784
2023-02-01,2.2767825e-05
2023-02-02,-0.00053095625
2023-02-03,9.758644e-05
2023-02-06,0.0009661486
2023-02-07,0.0013894294
2023-02-08,-2.3708548e-05
2023-02-09,0.0006997787
2023-02-10,0.00030121137
2023-02-13,0.0006750306
2023-02-14,-0.00039587612
2023-02-15,-0.00011478747
2023-02-16,0.00047910606
2023-02-17,0.0007279194
2023-02-20,0.00019203874
2023-02-21,0.00021233966
2023-02-22,0.0011338572
2023-02-23,0.0010413583
2023-02-24,0.00012193213
2023-02-27,0.0016148728
2023-02-28,-0.00022725276
2023-03-01,0.00071251375
2023-03-02,-3.8769945e-06
2023-03-03,5.546913e-06
2023-03-06,-0.0010623826
2023-03-07,-7.0212016e-05
2023-03-08,0.0014377045
2023-03-09,0.00014684937
2023-03-10,0.00077043776
2023-03-13,0.0013086878
2023-03-14,0.0012219308
2023-03-15,-0.0004892712
2023-03-16,0.0025629902
2023-03-17,-0.00019963561
2023-03-20,0.0011293436
2023-03-21,-0.0006997569
2023-03-22,-0.0013059697
2023-03-23,-8.6169704e-05
2023-03-24,3.2282158e-05
2023-03-27,0.00032607288
2023-03-28,-0.00063397177
2023-03-29,-0.00020732409
2023-03-30,-0.0010533364
2023-03-31,-0.0013067414
2023-04-03,-0.00086391054
2023-04-04,-0.00094917533
2023-04-05,-0.00031242927
2023-04-06,0.0005333631
2023-04-07,-0.0001102196
2023-04-10,0.00010012895
2023-04-11,0.00025274642
2023-04-12,-2.2190948e-06
2023-04-13,-0.00032523606
2023-04-14,-0.000994488
2023-04-17,0.00014027875
2023-04-18,0.0003493091
2023-04-19,-0.00017076982
2023-04-20,0.000351859
2023-04-21,0.0002867022
2023-04-24,-0.00014700666
2023-04-25,-0.00010124555
2023-04-26,0.0012736142
2023-04-27,0.00069677125
2023-04-28,-0.0005977231
2023-05-01,1.7568959e-06
2023-05-02,0.00029696932
2023-05-03,0.0011186085
2023-05-04,0.0003655763
2023-05-05,0.00048694017
2023-05-08,-0.0008648732
2023-05-09,-0.00017938255
2023-05-10,0.00040003526
2023-05-11,0.00044336397
2023-05-12,0.0004964144
2023-05-15,0.00047132585
2023-05-16,-0.00031348446
2023-05-17,0.0008173284
2023-05-18,6.622622e-05
2023-05-19,0.00031341647
2023-05-22,-0.00021154089
2023-05-23,5.69907e-05
2023-05-24,0.0013849012
2023-05-25,0.001914031
2023-05-26,0.0010056539
2023-05-29,-0.00024016817
2023-05-30,0.00012666793
2023-05-31,0.0010825247
2023-06-01,0.001465476
2023-06-02,-0.00054398086
2023-06-05,-0.0010862602
2023-06-06,0.00018695724
2023-06-07,-0.0005268655
2023-06-08,0.00060772005
2023-06-09,-0.0006089827
2023-06-12,-6.233386e-06
2023-06-13,-0.000295115
2023-06-14,-0.0008239517
2023-06-15,-0.00053022
2023-06-16,-0.0010081969
2023-06-19,-0.000106721345
2023-06-20,5.0225135e-05
2023-06-21,0.0012262143
2023-06-22,0.00046148902
2023-06-23,0.00086584035
2023-06-26,0.0018347142
2023-06-27,0.00081211526
2023-06-28,-0.0001582179
2023-06-29,0.00014352046
2023-06-30,0.00039559996
2023-07-03,-0.0006731008
2023-07-04,5.9537265e-06
2023-07-05,0.00012519547
2023-07-06,0.0010834273
2023-07-07,0.0019769059
2023-07-10,0.0002057817
2023-07-11,7.520502e-06
2023-07-12,-0.0005734842
2023-07-13,-0.001643157
2023-07-14,-0.0018417736
2023-07-17,-0.0001516438
2023-07-18,7.7347344e-05
2023-07-19,-0.0004919151
2023-07-20,-8.2900966e-05
2023-07-21,0.0004692987
2023-07-24,0.00010720904
2023-07-25,0.00037622417
2023-07-26,0.00020912681
2023-07-27,3.9456063e-05
2023-07-28,0.00040087738
2023-07-31,-0.0002460142
2023-08-01,8.7620705e-05
2023-08-02,0.0012531815
2023-08-03,0.002242564
2023-08-04,0.0012797317
2023-08-07,0.0004743181
2023-08-08,-0.00028497225
2023-08-09,0.0006080286
2023-08-10,0.00043875343
2023-08-11,-2.2613807e-05
2023-08-14,0.0007020473
2023-08-15,0.0007666426
2023-08-16,0.0014628136
2023-08-17,0.0013866829
2023-08-18,0.0012908839
2023-08-21,0.0006697878
2023-08-22,0.00013957208
2023-08-23,0.0003982352
2023-08-24,-0.0005862463
2023-08-25,0.0010477316
2023-08-28,-6.734532e-05
2023-08-29,-0.000782207
2023-08-30,-0.0012401581
2023-08-31,-0.0003610365
2023-09-01,0.00022031486
2023-09-04,0.00016087494
2023-09-05,0.0001138822
2023-09-06,0.0008473919
2023-09-07,0.00061018625
2023-09-08,0.00065967854
2023-09-11,0.0005582338
2023-09-12,-0.00044150272
2023-09-13,0.00038166784
2023-09-14,0.00059464364
2023-09-15,-0.0006939532
2023-09-18,8.7423105e-05
2023-09-19,0.0004547365
2023-09-20,0.00022432707
2023-09-21,0.00040651395
2023-09-22,0.0016730573
2023-09-25,0.0006907411
2023-09-26,0.0008074722
2023-09-27,0.0015879356
2023-09-28,0.000972659
2023-09-29,-8.9654364e-05
2023-10-02,0.00043106795
2023-10-03,0.0015872815
2023-10-04,0.001855468
2023-10-05,0.000721757
2023-10-06,-0.00027796574
2023-10-09,-0.00084434275
2023-10-10,-7.465026e-05
2023-10-11,-0.0011003193
2023-10-12,-0.000706558
2023-10-13,0.00044278093
2023-10-16,0.000959885
2023-10-17,-0.0002175868
2023-10-18,-3.9028135e-05
2023-10-19,0.0015366783
2023-10-20,0.0014748173
2023-10-23,0.0015038409
2023-10-24,0.0007315771
2023-10-25,5.7230733e-05
2023-10-26,0.0008650899
2023-10-27,0.0011623478
2023-10-30,0.0009082612
2023-10-31,-0.00053518807
2023-11-01,-0.0003244063
2023-11-02,-0.0007770718
2023-11-03,-0.002053848
2023-11-06,-0.00160173
2023-11-07,-0.00021643324
2023-11-08,0.0003849772
2023-11-09,0.00024049346
2023-11-10,0.00014785168
2023-11-13,-0.00023079016
2023-11-14,-0.00016433436
2023-11-15,-0.0020910148
2023-11-16,-0.0004844782
2023-11-17,2.2390009e-06
2023-11-20,-0.0010286046
2023-11-21,-0.00057522673
2023-11-22,0.00021901322
2023-11-23,-2.7288775e-06
2023-11-24,0.00013378942
2023-11-27,-0.00044482318
2023-11-28,0.00027504054
2023-11-29,0.0002408578
2023-11-30,9.429603e-05
2023-12-01,0.00028736368
2023-12-04,-0.00056882197
2023-12-05,0.00061358156
2023-12-06,0.0007084576
2023-12-07,0.00019612238
2023-12-08,-0.00013672492
2023-12-11,-0.00012038475
2023-12-12,-8.4033396e-05
2023-12-13,-3.0296229e-05
2023-12-14,-0.0010967314
2023-12-15,-0.00089671055
2023-12-18,0.0005565044
2023-12-19,9.2971866e-05
2023-12-20,-0.000570894
2023-12-21,0.00073577213
2023-12-22,-0.0009837903
2023-12-25,-0.00028698088
2023-12-26,2.7978866e-05
2023-12-27,-0.00022363341
2023-12-28,-0.00038036436
2023-12-29,0.00022051964
2024-01-01,0.00013683781
2024-01-02,0.0002075463
2024-01-03,0.0011656107
2024-01-04,0.0012478038
2024-01-05,0.0004743481
2024-01-08,0.00034818138
2024-01-09,-0.00052606745
2024-01-10,0.0007407366
2024-01-11,-8.324617e-05
2024-01-12,0.00015382704
2024-01-15,-0.00013453698
2024-01-16,8.4811036e-05
2024-01-17,0.0015463249
2024-01-18,0.0015158668
2024-01-19,-4.3463413e-05
2024-01-22,-2.1636064e-05
2024-01-23,-8.754972e-05
2024-01-24,0.00036784215
2024-01-25,-0.0003387531
2024-01-26,-0.0002124807
2024-01-29,-0.00031993235
2024-01-30,-0.0004984098
2024-01-31,2.1309519e-05
2024-02-01,0.00051164057
2024-02-02,-0.0005527508
2024-02-05,0.000556629
2024-02-06,0.00076702057
2024-02-07,-8.5015476e-05
2024-02-08,0.00017974638
2024-02-09,0.00038346695
2024-02-12,3.565666e-05
2024-02-13,5.4923818e-05
2024-02-14,0.0014715471
2024-02-15,-0.00023137881
2024-02-16,-0.00083037023
2024-02-19,-0.00028452039
2024-02-20,2.1066473e-05
2024-02-21,-0.00021364864
2024-02-22,-3.7562146e-05
2024-02-23,-0.0008663017
2024-02-26,-0.00032714492
2024-02-27,9.029076e-05
2024-02-28,-8.978647e-05
2024-02-29,0.000563758
2024-03-01,0.00012464615
2024-03-04,-0.00060039863
2024-03-05,0.0001514051
2024-03-06,0.0003638997
2024-03-07,-0.0006863987
2024-03-08,-0.0010727883
2024-03-11,1.03134225e-05
2024-03-12,0.0005930175
2024-03-13,-0.00032327772
2024-03-14,4.9642836e-06
2024-03-15,0.000737702
2024-03-18,0.00039192542
2024-03-19,0.00033962802
2024-03-20,0.00016331692
2024-03-21,-0.0006260176
2024-03-22,-1.2689779e-05
2024-03-25,0.00033293274
2024-03-26,0.0004585882
2024-03-27,0.00023237689
2024-03-28,-0.00025424396
2024-03-29,0.00024321652
2024-04-01,0.00023534326
2024-04-02,0.00059090124
2024-04-03,0.0009635834
2024-04-04,5.3040087e-05
2024-04-05,0.0009088413
2024-04-08,0.00025602707
2024-04-09,-0.00012090699
2024-04-10,0.00014468178
2024-04-11,0.0013185646
2024-04-12,0.00042390893
2024-04-15,0.001683307
2024-04-16,0.00105816
2024-04-17,0.0014295503
2024-04-18,0.0006870511
2024-04-19,0.00070899236
2024-04-22,0.00044324345
2024-04-23,-0.000616577
2024-04-24,-0.000960727
2024-04-25,-9.929018e-05
2024-04-26,0.000412434
2024-04-29,-0.00047298148
2024-04-30,-0.00044505432
2024-05-01,0.0009285313
2024-05-02,0.00059191196
2024-05-03,-0.00082085165
2024-05-06,-0.0010092179
2024-05-07,-0.00083115546
2024-05-08,-0.00042457116
2024-05-09,4.200125e-05
2024-05-10,-0.0005365923
2024-05-13,-0.00024061765
2024-05-14,2.5389149e-05
2024-05-15,-0.00050055963
2024-05-16,-0.0009497879
2024-05-17,0.00021790172
2024-05-20,-8.469373e-05
2024-05-21,4.4877277e-05
2024-05-22,0.00029395428
2024-05-23,0.001057563
2024-05-24,0.0010076727
2024-05-27,-0.00010300281
2024-05-28,0.00019037105
2024-05-29,0.0003208325
2024-05-30,0.0016432093
2024-05-31,9.276629e-05
2024-06-03,-0.00054767344
2024-06-04,-0.0002552847
2024-06-05,0.00015554376
2024-06-06,-0.00039337325
2024-06-07,-0.00031312258
2024-06-10,0.0008697897
2024-06-11,0.0004810472
2024-06-12,0.0012506769
2024-06-13,-0.0003919258
2024-06-14,0.0012005974
2024-06-17,0.001567874
2024-06-18,0.00045064758
2024-06-19,6.627722e-05
2024-06-20,0.00024293725
2024-06-21,0.0002337494
2024-06-24,0.0008425423
2024-06-25,-0.00020063976
2024-06-26,-0.00012857497
2024-06-27,0.00068074395
2024-06-28,0.00029465626
2024-07-01,0.00012594876
2024-07-02,1.4754754e-05
2024-07-03,-7.508152e-05
2024-07-04,-0.0008660767
2024-07-05,-0.00020272193
2024-07-08,-0.0005363253
2024-07-09,0.00031187676
2024-07-10,0.00054729945
2024-07-11,-0.0008844993
2024-07-12,-0.00042747456
2024-07-15,-0.0009401222
2024-07-16,0.00048777633
2024-07-17,-0.000114115115
2024-07-18,0.0005226721
2024-07-19,0.0011624575
2024-07-22,0.0011215932
2024-07-23,-0.0002712618
2024-07-24,0.00058092945
2024-07-25,0.0014930217
2024-07-26,0.0013218117
2024-07-29,-0.0003558214
2024-07-30,0.0004545155
2024-07-31,0.00017454693
2024-08-01,-0.00093119766
2024-08-02,0.0019448862
2024-08-05,0.0022040184
2024-08-06,0.0033495505
2024-08-07,0.0010974766
2024-08-08,0.00024124443
2024-08-09,-0.0010565744
2024-08-12,-0.000510149
2024-08-13,2.5062924e-05
2024-08-14,-0.0013452711
2024-08-15,-0.00075234124
2024-08-16,-0.0013140684
2024-08-19,-0.000980217
2024-08-20,-0.0014478912
2024-08-21,-0.00032902625
2024-08-22,-0.0009483831
2024-08-23,0.00015163817
2024-08-26,-0.0014813602
2024-08-27,-8.925046e-05
2024-08-28,-0.0003229223
2024-08-29,0.00031976486
2024-08-30,-1.9317333e-05
2024-09-02,6.000929e-05
2024-09-03,0.00022561706
2024-09-04,0.0015978623
2024-09-05,0.0011872548
2024-09-06,0.0006630115
2024-09-09,0.0020839842
2024-09-10,0.00017973312
2024-09-11,0.00074939814
2024-09-12,2.5575675e-05
2024-09-13,-0.00044607947
2024-09-16,-0.000184535
2024-09-17,-0.0006071644
2024-09-18,0.0003250057
2024-09-19,0.00045211264
2024-09-20,-0.0014587048
2024-09-23,0.00033611915
2024-09-24,-0.00013478195
2024-09-25,-0.00046910736
2024-09-26,0.0003706977
2024-09-27,-0.0016417733
2024-09-30,1.2846678e-05
2024-10-01,0.00039421028
2024-10-02,0.0008936311
2024-10-03,0.00065473205
2024-10-04,0.0012046399
2024-10-07,0.00016210852
2024-10-08,0.00074734923
2024-10-09,0.00063771097
2024-10-10,0.00044210377
2024-10-11,0.00048155087
2024-10-14,-4.734438e-05
2024-10-15,-7.707831e-05
2024-10-16,0.0015000046
2024-10-17,0.00047747657
2024-10-18,0.0003172604
2024-10-21,-0.00029350183
2024-10-22,0.0010063018
2024-10-23,0.0009906297
2024-10-24,0.0013727072
2024-10-25,0.00019402501
2024-10-28,0.0005411456
2024-10-29,-0.00028463075
2024-10-30,0.00036232642
2024-10-31,0.00082524976
2024-11-01,0.00096820923
2024-11-04,0.0003309105
2024-11-05,0.00020924874
2024-11-06,-0.0006048569
2024-11-07,0.0010860525
2024-11-08,-0.00076670886
2024-11-11,0.0009626323
2024-11-12,0.00044345448
2024-11-13,0.001853228
2024-11-14,0.0013453155
2024-11-15,0.0005092486
2024-11-18,0.0007028183
2024-11-19,2.0170308e-05
2024-11-20,0.000316252
2024-11-21,0.0005192952
2024-11-22,0.00032452724
2024-11-25,-6.5657325e-05
2024-11-26,-0.00033133093
2024-11-27,0.00045305997
2024-11-28,-0.00019548672
2024-11-29,1.9454441e-05
2024-12-02,-0.001038411
2024-12-03,-0.00053316925
2024-12-04,-0.00061425474
2024-12-05,-0.00022012233
2024-12-06,-0.00042885845
2024-12-09,-5.643988e-05
2024-12-10,0.00013294452
2024-12-11,0.00091880234
2024-12-12,-4.3329273e-05
2024-12-13,0.00088351406
2024-12-16,0.00075363956
2024-12-17,0.00077094964
2024-12-18,0.00064869295
2024-12-19,0.0025388857
2024-12-20,0.0014677251
2024-12-23,0.0010528208
2024-12-24,0.00011318571
2024-12-25,-4.2912584e-06
2024-12-26,0.00020001754
2024-12-27,-0.00016300382
2024-12-30,0.00017344972
2024-12-31,0.0006960951
2025-01-01,0.0003310887
2025-01-02,0.00020409621
2025-01-03,0.00045162998
2025-01-06,-9.533735e-05
2025-01-07,-0.00070660457
2025-01-08,-8.348566e-05
2025-01-09,0.00020219525
2025-01-10,0.00018662077
2025-01-13,0.0014569319
2025-01-14,0.0009185109
2025-01-15,0.0002131993
2025-01-16,-0.0007825955
2025-01-17,-0.00052794866
2025-01-20,-0.00038102333
2025-01-21,-2.0878055e-05
2025-01-22,-0.0016236792
2025-01-23,-0.00033221208
2025-01-24,-0.0007767342
2025-01-27,-0.00070831424
2025-01-28,-0.00021449114
2025-01-29,9.0833826e-05
2025-01-30,0.00013856289
2025-01-31,-0.0007637973
2025-02-03,0.0006287311
2025-02-04,0.0013708844
2025-02-05,-0.0002844833
2025-02-06,-0.0006748475
2025-02-07,-0.00042963418
2025-02-10,0.0007982073
2025-02-11,-0.00010010482
2025-02-12,-0.00025707408
2025-02-13,-0.00025078125
2025-02-14,-0.0009742291
2025-02-17,-0.0003604028
2025-02-18,-3.1587973e-05
2025-02-19,-0.0005293985
2025-02-20,0.00075951056
2025-02-21,4.015353e-06
2025-02-24,0.00066024857
2025-02-25,0.0004607898
2025-02-26,-0.00039299432
2025-02-27,-5.859499e-05
2025-02-28,0.0010942641
2025-03-03,0.0004204259
2025-03-04,-0.00056176656
2025-03-05,-8.6010405e-06
2025-03-06,-0.0018770142
2025-03-07,0.00027003876
2025-03-10,-0.0007024951
2025-03-11,0.0017623777
2025-03-12,0.0010314282
2025-03-13,-8.756305e-05
2025-03-14,0.0006858791
2025-03-17,-0.0011001824
2025-03-18,-0.0011361057
2025-03-19,-0.00026047463
2025-03-20,-0.00021547072
2025-03-21,0.00072023517
2025-03-24,0.000897161
2025-03-25,0.00047474375
2025-03-26,-0.00012391155
2025-03-27,0.0011957786
2025-03-28,0.00044605712
2025-03-31,0.0011108761
2025-04-01,0.0013723411
2025-04-02,0.0006107618
2025-04-03,0.00026557175
2025-04-04,0.0020731709
2025-04-07,0.02066518
2025-04-08,0.014866721
2025-04-09,0.004153033
2025-04-10,-0.007235382
2025-04-11,-0.00033530453
2025-04-14,-0.0026152546
2025-04-15,-0.0019933863
2025-04-16,-0.0017350594
2025-04-17,-0.00047421467
2025-04-18,-0.0013827991
2025-04-21,-0.00072413846
2025-04-22,1.3339231e-05
2025-04-23,-0.0019184357
2025-04-24,-0.0010485837
2025-04-25,-0.001499914
2025-04-28,-0.00085916684
2025-04-29,-0.0008004585
2025-04-30,-0.00035601814
2025-05-01,0.00010780885
2025-05-02,0.0004735914
2025-05-05,-0.00126324
2025-05-06,-0.00041268457
2025-05-07,0.00011546095
2025-05-08,0.00046882682
2025-05-09,0.00064019614
2025-05-12,1.4284233e-05
2025-05-13,-0.00021144729
2025-05-14,1.864093e-05
2025-05-15,0.00060271623
2025-05-16,-0.00049549155
2025-05-19,-0.00018482651
2025-05-20,-0.00069721974
2025-05-21,-0.00051349436
2025-05-22,0.0004113595
2025-05-23,0.00031191806
2025-05-26,0.00012998904
2025-05-27,0.00018937471
2025-05-28,-0.0009992048
2025-05-29,0.00072166394
2025-05-30,4.4170447e-05
2025-06-02,5.574159e-05
2025-06-03,-0.00070621655
2025-06-04,0.0005140425
2025-06-05,-3.4368146e-05
2025-06-06,0.00019929904
2025-06-09,-7.0651484e-05
2025-06-10,0.00013682923
2025-06-11,9.276111e-05
2025-06-12,0.000327479
2025-06-13,-0.00036276283
2025-06-16,0.0010734287
2025-06-17,0.00023666494
2025-06-18,0.0012842455
2025-06-19,0.0005173491
2025-06-20,0.00039794986
2025-06-23,0.0011004774
2025-06-24,-2.176124e-05
2025-06-25,-0.0008101952
2025-06-26,0.00030866204
2025-06-27,-0.00068145804
2025-06-30,-0.000891204
2025-07-01,-0.00029844051
2025-07-02,9.3209106e-05
2025-07-03,-0.00015190743
2025-07-04,5.0222293e-06
2025-07-07,9.314342e-05
2025-07-08,0.0010475622
2025-07-09,-8.914787e-05
2025-07-10,-0.00047297252
2025-07-11,5.4400996e-05
2025-07-14,0.0009876215
2025-07-15,0.0005470072
2025-07-16,0.0012737876
2025-07-17,0.0003279105
2025-07-18,0.00011965881
2025-07-21,0.0004804303
2025-07-22,-7.895271e-05
2025-07-23,-0.00031336804
2025-07-24,-0.0021589345
2025-07-25,-6.2401334e-05
2025-07-28,0.00012944729
2025-07-29,0.0014485576
2025-07-30,0.00078566594
2025-07-31,0.0010240832
2025-08-01,0.0014599129
2025-08-04,0.0009802307
2025-08-05,-0.0005059266
2025-08-06,6.1454644e-05
2025-08-07,-0.0003072361
2025-08-08,-0.000666868
2025-08-11,-0.0006090089
2025-08-12,0.00021428605
2025-08-13,-0.0008933594
2025-08-14,-0.00078006065
2025-08-15,-0.00026263483
2025-08-18,-0.00056164735
2025-08-19,-6.150034e-05
2025-08-20,4.206199e-05
2025-08-21,-0.00018511368
2025-08-22,0.0005858308
2025-08-25,-0.0008958037
2025-08-26,0.0009214945
2025-08-27,0.00061120925
2025-08-28,0.00062917836
2025-08-29,0.00013601746
2025-09-01,0.0007488595
2025-09-02,0.0004843988
2025-09-03,0.0012100422
2025-09-04,0.0005235548
2025-09-05,-0.00020435078
2025-09-08,-0.00025273627
2025-09-09,-0.0007523688
2025-09-10,0.00011943806
2025-09-11,0.00016313171
2025-09-12,-0.0007406215
2025-09-15,0.00014436856
2025-09-16,-0.00042827328
2025-09-17,0.0001678429
2025-09-18,0.00047297977
2025-09-19,-2.4653695e-05
2025-09-22,0.00045202047
2025-09-23,6.0420367e-05
2025-09-24,0.00035711966
2025-09-25,0.0007956212
2025-09-26,0.0010853618
2025-09-29,-4.44037e-05
2025-09-30,-0.0001268458
2025-10-01,-0.00019361176
2025-10-02,-0.0005837413
2025-10-03,-0.00021146126
2025-10-06,-0.0006745748
2025-10-07,-0.0003522362
2025-10-08,0.000666912
2025-10-09,8.163926e-05
2025-10-10,0.000821661
2025-10-13,0.00199423
2025-10-14,0.00022104695
2025-10-15,-6.78893e-05
2025-10-16,-0.00019795627
2025-10-17,-0.00029265624
2025-10-20,-7.25203e-05
2025-10-21,-0.0005508503
2025-10-22,0.0005248176
2025-10-23,0.00042845146
2025-10-24,-0.00011532883
2025-10-27,-5.6490608e-05
2025-10-28,-0.0004807681
2025-10-29,-2.5046742e-05
2025-10-30,0.0005719868
2025-10-31,0.00071086845
2025-11-03,0.00060117134
2025-11-04,0.00036484704
2025-11-05,0.0011859562
2025-11-06,0.00010392585
2025-11-07,0.00044043176
