Date,GLD_xgb_proba
2015-01-01,0.6130317
2015-01-02,0.45506322
2015-01-05,0.52787805
2015-01-06,0.4931434
2015-01-07,0.3944693
2015-01-08,0.44031498
2015-01-09,0.3267252
2015-01-12,0.6022777
2015-01-13,0.6328907
2015-01-14,0.45485625
2015-01-15,0.68792033
2015-01-16,0.46994814
2015-01-19,0.57669276
2015-01-20,0.36410713
2015-01-21,0.36009312
2015-01-22,0.51678205
2015-01-23,0.59407127
2015-01-26,0.739413
2015-01-27,0.7233292
2015-01-28,0.6527761
2015-01-29,0.29692993
2015-01-30,0.25724378
2015-02-02,0.46634904
2015-02-03,0.5018068
2015-02-04,0.5443897
2015-02-05,0.48515302
2015-02-06,0.473494
2015-02-09,0.41982538
2015-02-10,0.49410778
2015-02-11,0.42570096
2015-02-12,0.58944535
2015-02-13,0.45513624
2015-02-16,0.6223146
2015-02-17,0.567016
2015-02-18,0.6157223
2015-02-19,0.6385895
2015-02-20,0.54998976
2015-02-23,0.5942466
2015-02-24,0.7009463
2015-02-25,0.573893
2015-02-26,0.57811207
2015-02-27,0.5393281
2015-03-02,0.5075753
2015-03-03,0.6422075
2015-03-04,0.6451682
2015-03-05,0.65924656
2015-03-06,0.7418324
2015-03-09,0.59538126
2015-03-10,0.52923363
2015-03-11,0.45952457
2015-03-12,0.5547306
2015-03-13,0.58155966
2015-03-16,0.6448087
2015-03-17,0.52686524
2015-03-18,0.40706262
2015-03-19,0.6488771
2015-03-20,0.44245085
2015-03-23,0.38634184
2015-03-24,0.40887636
2015-03-25,0.3908067
2015-03-26,0.47859538
2015-03-27,0.55824625
2015-03-30,0.50307876
2015-03-31,0.65032554
2015-04-01,0.5166198
2015-04-02,0.6032681
2015-04-03,0.49751502
2015-04-06,0.61829615
2015-04-07,0.58261454
2015-04-08,0.48114118
2015-04-09,0.56747955
2015-04-10,0.6309481
2015-04-13,0.54398686
2015-04-14,0.38639057
2015-04-15,0.4129091
2015-04-16,0.55943453
2015-04-17,0.5238908
2015-04-20,0.5724106
2015-04-21,0.5320108
2015-04-22,0.59402597
2015-04-23,0.4567342
2015-04-24,0.5485417
2015-04-27,0.51808554
2015-04-28,0.5499506
2015-04-29,0.60690224
2015-04-30,0.5874006
2015-05-01,0.557999
2015-05-04,0.48350284
2015-05-05,0.62540615
2015-05-06,0.59611136
2015-05-07,0.493036
2015-05-08,0.46517652
2015-05-11,0.64596456
2015-05-12,0.3996683
2015-05-13,0.58075887
2015-05-14,0.59388584
2015-05-15,0.49648696
2015-05-18,0.5286953
2015-05-19,0.62720513
2015-05-20,0.69962513
2015-05-21,0.63422894
2015-05-22,0.55209297
2015-05-25,0.62564397
2015-05-26,0.46803457
2015-05-27,0.52458936
2015-05-28,0.5786231
2015-05-29,0.4786022
2015-06-01,0.545344
2015-06-02,0.46701998
2015-06-03,0.46418735
2015-06-04,0.46264425
2015-06-05,0.45629284
2015-06-08,0.53584003
2015-06-09,0.51580113
2015-06-10,0.40994045
2015-06-11,0.50112563
2015-06-12,0.47496018
2015-06-15,0.41218397
2015-06-16,0.3383103
2015-06-17,0.30755758
2015-06-18,0.6555277
2015-06-19,0.7001562
2015-06-22,0.40389383
2015-06-23,0.59035635
2015-06-24,0.62803364
2015-06-25,0.6291423
2015-06-26,0.46487445
2015-06-29,0.5552682
2015-06-30,0.59623134
2015-07-01,0.5794914
2015-07-02,0.5492139
2015-07-03,0.46963388
2015-07-06,0.26942572
2015-07-07,0.47878724
2015-07-08,0.3754946
2015-07-09,0.47649843
2015-07-10,0.41948912
2015-07-13,0.4466354
2015-07-14,0.4278906
2015-07-15,0.48288974
2015-07-16,0.4753427
2015-07-17,0.46867225
2015-07-20,0.63967836
2015-07-21,0.65045685
2015-07-22,0.48126972
2015-07-23,0.46120328
2015-07-24,0.5947984
2015-07-27,0.59391993
2015-07-28,0.50810224
2015-07-29,0.52755255
2015-07-30,0.5798405
2015-07-31,0.47408345
2015-08-03,0.6068237
2015-08-04,0.4573996
2015-08-05,0.6091359
2015-08-06,0.48019636
2015-08-07,0.5839166
2015-08-10,0.49007225
2015-08-11,0.32456484
2015-08-12,0.3141816
2015-08-13,0.4795391
2015-08-14,0.5903938
2015-08-17,0.53700864
2015-08-18,0.5317602
2015-08-19,0.5563154
2015-08-20,0.35103825
2015-08-21,0.37829137
2015-08-24,0.43172252
2015-08-25,0.6297522
2015-08-26,0.6768452
2015-08-27,0.69409287
2015-08-28,0.67482644
2015-08-31,0.46002784
2015-09-01,0.5911264
2015-09-02,0.60664153
2015-09-03,0.5488166
2015-09-04,0.6006981
2015-09-07,0.6162932
2015-09-08,0.5572336
2015-09-09,0.5095901
2015-09-10,0.60731465
2015-09-11,0.64443165
2015-09-14,0.50273645
2015-09-15,0.5236551
2015-09-16,0.5360011
2015-09-17,0.61562693
2015-09-18,0.36584687
2015-09-21,0.34582925
2015-09-22,0.47657606
2015-09-23,0.5876224
2015-09-24,0.62173295
2015-09-25,0.5060139
2015-09-28,0.35627738
2015-09-29,0.71173644
2015-09-30,0.60406
2015-10-01,0.6431197
2015-10-02,0.6033313
2015-10-05,0.6100775
2015-10-06,0.5801207
2015-10-07,0.5705541
2015-10-08,0.5568313
2015-10-09,0.61948186
2015-10-12,0.610595
2015-10-13,0.48231158
2015-10-14,0.4852824
2015-10-15,0.6758059
2015-10-16,0.5108779
2015-10-19,0.4835157
2015-10-20,0.67303747
2015-10-21,0.5559952
2015-10-22,0.5298569
2015-10-23,0.65555614
2015-10-26,0.5942813
2015-10-27,0.51543885
2015-10-28,0.6481548
2015-10-29,0.5185687
2015-10-30,0.59080845
2015-11-02,0.5359765
2015-11-03,0.5102758
2015-11-04,0.6285065
2015-11-05,0.6674649
2015-11-06,0.54272836
2015-11-09,0.5763542
2015-11-10,0.57993704
2015-11-11,0.5119085
2015-11-12,0.5778229
2015-11-13,0.4390542
2015-11-16,0.35989425
2015-11-17,0.42211157
2015-11-18,0.5524421
2015-11-19,0.48378783
2015-11-20,0.6363515
2015-11-23,0.53633386
2015-11-24,0.46785906
2015-11-25,0.5310047
2015-11-26,0.5181657
2015-11-27,0.4812585
2015-11-30,0.52596784
2015-12-01,0.51013607
2015-12-02,0.49676138
2015-12-03,0.45973945
2015-12-04,0.4077574
2015-12-07,0.5431888
2015-12-08,0.6234062
2015-12-09,0.709643
2015-12-10,0.6151414
2015-12-11,0.47301367
2015-12-14,0.6840887
2015-12-15,0.57999647
2015-12-16,0.5706113
2015-12-17,0.70330596
2015-12-18,0.21411662
2015-12-21,0.28792936
2015-12-22,0.5742003
2015-12-23,0.4245185
2015-12-24,0.59569484
2015-12-25,0.7081957
2015-12-28,0.569054
2015-12-29,0.52525413
2015-12-30,0.64156526
2015-12-31,0.38000345
2016-01-01,0.5566217
2016-01-04,0.35566115
2016-01-05,0.51928955
2016-01-06,0.49529025
2016-01-07,0.6477636
2016-01-08,0.70430124
2016-01-11,0.5854356
2016-01-12,0.64515984
2016-01-13,0.63476694
2016-01-14,0.5631838
2016-01-15,0.4933449
2016-01-18,0.63518447
2016-01-19,0.5091793
2016-01-20,0.40862346
2016-01-21,0.5219201
2016-01-22,0.5723331
2016-01-25,0.53785264
2016-01-26,0.48895967
2016-01-27,0.5743138
2016-01-28,0.48676464
2016-01-29,0.4170123
2016-02-01,0.5184779
2016-02-02,0.50012237
2016-02-03,0.5557655
2016-02-04,0.47877657
2016-02-05,0.49566332
2016-02-08,0.41253987
2016-02-09,0.33767965
2016-02-10,0.35126847
2016-02-11,0.4671638
2016-02-12,0.5230464
2016-02-15,0.52126706
2016-02-16,0.67937076
2016-02-17,0.40520447
2016-02-18,0.44081026
2016-02-19,0.58072585
2016-02-22,0.49962014
2016-02-23,0.5664186
2016-02-24,0.57364035
2016-02-25,0.42859942
2016-02-26,0.537831
2016-02-29,0.5682438
2016-03-01,0.5435224
2016-03-02,0.37409523
2016-03-03,0.43032768
2016-03-04,0.5180125
2016-03-07,0.4171989
2016-03-08,0.35164705
2016-03-09,0.587585
2016-03-10,0.36254585
2016-03-11,0.6893796
2016-03-14,0.49536008
2016-03-15,0.79008657
2016-03-16,0.6263322
2016-03-17,0.5359837
2016-03-18,0.40931588
2016-03-21,0.64564455
2016-03-22,0.55027384
2016-03-23,0.5922049
2016-03-24,0.42635074
2016-03-25,0.5526862
2016-03-28,0.49106598
2016-03-29,0.3779756
2016-03-30,0.5286894
2016-03-31,0.53590417
2016-04-01,0.6881655
2016-04-04,0.46803594
2016-04-05,0.5041411
2016-04-06,0.49276856
2016-04-07,0.33076632
2016-04-08,0.5276896
2016-04-11,0.4929631
2016-04-12,0.5625918
2016-04-13,0.59176326
2016-04-14,0.46271548
2016-04-15,0.5252956
2016-04-18,0.65659565
2016-04-19,0.26839226
2016-04-20,0.5467487
2016-04-21,0.6116624
2016-04-22,0.54799736
2016-04-25,0.49549797
2016-04-26,0.6087737
2016-04-27,0.53126156
2016-04-28,0.6044005
2016-04-29,0.43938297
2016-05-02,0.5593689
2016-05-03,0.64975387
2016-05-04,0.7290643
2016-05-05,0.4674839
2016-05-06,0.6259935
2016-05-09,0.6294608
2016-05-10,0.5831026
2016-05-11,0.5048136
2016-05-12,0.7013654
2016-05-13,0.47811335
2016-05-16,0.62060416
2016-05-17,0.48766065
2016-05-18,0.51241595
2016-05-19,0.57803714
2016-05-20,0.6148839
2016-05-23,0.54931116
2016-05-24,0.51340103
2016-05-25,0.53040504
2016-05-26,0.7029345
2016-05-27,0.6075777
2016-05-30,0.6333834
2016-05-31,0.56168973
2016-06-01,0.635148
2016-06-02,0.66753334
2016-06-03,0.30344352
2016-06-06,0.39732182
2016-06-07,0.6099334
2016-06-08,0.5158296
2016-06-09,0.49972913
2016-06-10,0.63371336
2016-06-13,0.4599904
2016-06-14,0.5926662
2016-06-15,0.5135376
2016-06-16,0.6261033
2016-06-17,0.6433691
2016-06-20,0.54273564
2016-06-21,0.3414023
2016-06-22,0.55932945
2016-06-23,0.55934167
2016-06-24,0.6063186
2016-06-27,0.33008355
2016-06-28,0.67219466
2016-06-29,0.73120236
2016-06-30,0.39823943
2016-07-01,0.6265107
2016-07-04,0.5239457
2016-07-05,0.35755166
2016-07-06,0.31884754
2016-07-07,0.57014763
2016-07-08,0.45191953
2016-07-11,0.46223605
2016-07-12,0.5179133
2016-07-13,0.59357554
2016-07-14,0.4229892
2016-07-15,0.44988126
2016-07-18,0.56095
2016-07-19,0.42451188
2016-07-20,0.51357937
2016-07-21,0.21644957
2016-07-22,0.60130906
2016-07-25,0.36131027
2016-07-26,0.60331786
2016-07-27,0.5733165
2016-07-28,0.5867282
2016-07-29,0.47631475
2016-08-01,0.49024984
2016-08-02,0.41226903
2016-08-03,0.56646067
2016-08-04,0.59777856
2016-08-05,0.5666138
2016-08-08,0.58230495
2016-08-09,0.6725325
2016-08-10,0.4810432
2016-08-11,0.48910555
2016-08-12,0.45792058
2016-08-15,0.573967
2016-08-16,0.44268125
2016-08-17,0.43442062
2016-08-18,0.52726644
2016-08-19,0.4524162
2016-08-22,0.5072817
2016-08-23,0.6175766
2016-08-24,0.45905915
2016-08-25,0.44124758
2016-08-26,0.4681573
2016-08-29,0.4250684
2016-08-30,0.6773633
2016-08-31,0.63677394
2016-09-01,0.4842645
2016-09-02,0.41234937
2016-09-05,0.5263331
2016-09-06,0.3594378
2016-09-07,0.5476474
2016-09-08,0.6404205
2016-09-09,0.53879637
2016-09-12,0.618619
2016-09-13,0.38947147
2016-09-14,0.49715737
2016-09-15,0.52331495
2016-09-16,0.4412027
2016-09-19,0.47233605
2016-09-20,0.36121136
2016-09-21,0.4553634
2016-09-22,0.49923325
2016-09-23,0.56250805
2016-09-26,0.58563054
2016-09-27,0.58192474
2016-09-28,0.6224703
2016-09-29,0.6039371
2016-09-30,0.51718736
2016-10-03,0.511304
2016-10-04,0.73029876
2016-10-05,0.74048877
2016-10-06,0.6404832
2016-10-07,0.592377
2016-10-10,0.54013324
2016-10-11,0.5481485
2016-10-12,0.5117724
2016-10-13,0.509194
2016-10-14,0.56643844
2016-10-17,0.5202676
2016-10-18,0.55069685
2016-10-19,0.45197874
2016-10-20,0.57454556
2016-10-21,0.37337583
2016-10-24,0.6153421
2016-10-25,0.45421767
2016-10-26,0.64258903
2016-10-27,0.48081973
2016-10-28,0.505432
2016-10-31,0.47917736
2016-11-01,0.5732657
2016-11-02,0.5588222
2016-11-03,0.5686202
2016-11-04,0.43140402
2016-11-07,0.5999531
2016-11-08,0.56677127
2016-11-09,0.6276807
2016-11-10,0.47492975
2016-11-11,0.6874277
2016-11-14,0.6620697
2016-11-15,0.4658764
2016-11-16,0.6561207
2016-11-17,0.59103334
2016-11-18,0.59493583
2016-11-21,0.58179855
2016-11-22,0.5912702
2016-11-23,0.6281128
2016-11-24,0.62331516
2016-11-25,0.5102025
2016-11-28,0.5179112
2016-11-29,0.5743941
2016-11-30,0.4964952
2016-12-01,0.66704965
2016-12-02,0.5468602
2016-12-05,0.58505887
2016-12-06,0.5686237
2016-12-07,0.60398316
2016-12-08,0.64145786
2016-12-09,0.60929585
2016-12-12,0.4778148
2016-12-13,0.6220127
2016-12-14,0.58560926
2016-12-15,0.42508054
2016-12-16,0.6594405
2016-12-19,0.5489092
2016-12-20,0.5633434
2016-12-21,0.5229629
2016-12-22,0.5310821
2016-12-23,0.45977044
2016-12-26,0.59558344
2016-12-27,0.43992445
2016-12-28,0.51094955
2016-12-29,0.48508012
2016-12-30,0.4001906
2017-01-02,0.5214364
2017-01-03,0.52470654
2017-01-04,0.5169796
2017-01-05,0.54000163
2017-01-06,0.524074
2017-01-09,0.4875354
2017-01-10,0.6046151
2017-01-11,0.52775496
2017-01-12,0.62994826
2017-01-13,0.5999441
2017-01-16,0.738082
2017-01-17,0.4212162
2017-01-18,0.4872753
2017-01-19,0.6141825
2017-01-20,0.38858813
2017-01-23,0.35940412
2017-01-24,0.50889087
2017-01-25,0.56374705
2017-01-26,0.5246465
2017-01-27,0.5866263
2017-01-30,0.54326
2017-01-31,0.49157906
2017-02-01,0.6386295
2017-02-02,0.529238
2017-02-03,0.6160273
2017-02-06,0.60026264
2017-02-07,0.5874444
2017-02-08,0.5136322
2017-02-09,0.52129817
2017-02-10,0.5155205
2017-02-13,0.5851302
2017-02-14,0.41227302
2017-02-15,0.51794505
2017-02-16,0.4049309
2017-02-17,0.53344214
2017-02-20,0.54649156
2017-02-21,0.5225782
2017-02-22,0.59616673
2017-02-23,0.42367348
2017-02-24,0.42057014
2017-02-27,0.7695334
2017-02-28,0.5154231
2017-03-01,0.5885936
2017-03-02,0.52869284
2017-03-03,0.5471781
2017-03-06,0.39909568
2017-03-07,0.35005894
2017-03-08,0.33504045
2017-03-09,0.3364943
2017-03-10,0.35298997
2017-03-13,0.4768776
2017-03-14,0.31608415
2017-03-15,0.4798652
2017-03-16,0.5678788
2017-03-17,0.52125996
2017-03-20,0.5165207
2017-03-21,0.49590188
2017-03-22,0.5290705
2017-03-23,0.6244078
2017-03-24,0.53374046
2017-03-27,0.53056324
2017-03-28,0.55916727
2017-03-29,0.42726216
2017-03-30,0.46649706
2017-03-31,0.49293923
2017-04-03,0.4588988
2017-04-04,0.50892615
2017-04-05,0.45916218
2017-04-06,0.5254276
2017-04-07,0.35659847
2017-04-10,0.5758518
2017-04-11,0.39350548
2017-04-12,0.39114463
2017-04-13,0.3775296
2017-04-14,0.43644625
2017-04-17,0.62817615
2017-04-18,0.4063574
2017-04-19,0.45917705
2017-04-20,0.46321768
2017-04-21,0.4158118
2017-04-24,0.45535785
2017-04-25,0.50647837
2017-04-26,0.6282269
2017-04-27,0.36816543
2017-04-28,0.3093362
2017-05-01,0.5507629
2017-05-02,0.55775994
2017-05-03,0.4205305
2017-05-04,0.4804621
2017-05-05,0.48771295
2017-05-08,0.47248042
2017-05-09,0.5468563
2017-05-10,0.5322142
2017-05-11,0.26002288
2017-05-12,0.32562974
2017-05-15,0.576578
2017-05-16,0.3326137
2017-05-17,0.34961733
2017-05-18,0.4946602
2017-05-19,0.38764438
2017-05-22,0.61452466
2017-05-23,0.46606934
2017-05-24,0.477141
2017-05-25,0.5327228
2017-05-26,0.5546578
2017-05-29,0.4669121
2017-05-30,0.6414231
2017-05-31,0.47397754
2017-06-01,0.35684174
2017-06-02,0.64848137
2017-06-05,0.6325865
2017-06-06,0.5134729
2017-06-07,0.55650586
2017-06-08,0.60225856
2017-06-09,0.6575023
2017-06-12,0.59847295
2017-06-13,0.5478972
2017-06-14,0.27623102
2017-06-15,0.44802487
2017-06-16,0.5517612
2017-06-19,0.29534805
2017-06-20,0.48589578
2017-06-21,0.49697924
2017-06-22,0.25021127
2017-06-23,0.36033744
2017-06-26,0.47608337
2017-06-27,0.39166716
2017-06-28,0.4489886
2017-06-29,0.31727186
2017-06-30,0.51567644
2017-07-03,0.5402417
2017-07-04,0.46643916
2017-07-05,0.4716958
2017-07-06,0.51614034
2017-07-07,0.52390915
2017-07-10,0.41803268
2017-07-11,0.34671697
2017-07-12,0.32762796
2017-07-13,0.5045932
2017-07-14,0.45710468
2017-07-17,0.39925626
2017-07-18,0.6115638
2017-07-19,0.6902175
2017-07-20,0.5692272
2017-07-21,0.5491223
2017-07-24,0.48468903
2017-07-25,0.5531944
2017-07-26,0.57861733
2017-07-27,0.6580443
2017-07-28,0.5801369
2017-07-31,0.46504727
2017-08-01,0.59004843
2017-08-02,0.5038608
2017-08-03,0.27762455
2017-08-04,0.4871525
2017-08-07,0.5774358
2017-08-08,0.49229366
2017-08-09,0.48473495
2017-08-10,0.46209162
2017-08-11,0.40288854
2017-08-14,0.45751077
2017-08-15,0.64373404
2017-08-16,0.69226694
2017-08-17,0.5809529
2017-08-18,0.45254424
2017-08-21,0.33088803
2017-08-22,0.4786798
2017-08-23,0.33960792
2017-08-24,0.5222128
2017-08-25,0.35596198
2017-08-28,0.60511994
2017-08-29,0.6010538
2017-08-30,0.6088461
2017-08-31,0.5087782
2017-09-01,0.39924216
2017-09-04,0.5478888
2017-09-05,0.3704051
2017-09-06,0.5647133
2017-09-07,0.56354344
2017-09-08,0.5849545
2017-09-11,0.5165752
2017-09-12,0.65367687
2017-09-13,0.60485667
2017-09-14,0.5212078
2017-09-15,0.48198658
2017-09-18,0.48519734
2017-09-19,0.58349556
2017-09-20,0.53529453
2017-09-21,0.4305284
2017-09-22,0.53366095
2017-09-25,0.5761594
2017-09-26,0.4668834
2017-09-27,0.2918994
2017-09-28,0.52553505
2017-09-29,0.5157657
2017-10-02,0.46037203
2017-10-03,0.5774932
2017-10-04,0.48292512
2017-10-05,0.5685142
2017-10-06,0.4567133
2017-10-09,0.54286397
2017-10-10,0.40643942
2017-10-11,0.44289002
2017-10-12,0.44756562
2017-10-13,0.47916502
2017-10-16,0.5239352
2017-10-17,0.39568287
2017-10-18,0.6260582
2017-10-19,0.4726445
2017-10-20,0.4189156
2017-10-23,0.20953128
2017-10-24,0.5592752
2017-10-25,0.43647256
2017-10-26,0.4351381
2017-10-27,0.3337447
2017-10-30,0.4520271
2017-10-31,0.44773826
2017-11-01,0.3976171
2017-11-02,0.4970927
2017-11-03,0.38256025
2017-11-06,0.534828
2017-11-07,0.53159475
2017-11-08,0.36880037
2017-11-09,0.43810663
2017-11-10,0.33870414
2017-11-13,0.4439492
2017-11-14,0.36502036
2017-11-15,0.40273246
2017-11-16,0.49227613
2017-11-17,0.63572985
2017-11-20,0.47301427
2017-11-21,0.52911305
2017-11-22,0.50764793
2017-11-23,0.61758685
2017-11-24,0.46617824
2017-11-27,0.35217503
2017-11-28,0.36195886
2017-11-29,0.48237494
2017-11-30,0.52914864
2017-12-01,0.5710416
2017-12-04,0.5150814
2017-12-05,0.5255219
2017-12-06,0.6586609
2017-12-07,0.571509
2017-12-08,0.43961477
2017-12-11,0.45563745
2017-12-12,0.46718752
2017-12-13,0.5734788
2017-12-14,0.441791
2017-12-15,0.5815737
2017-12-18,0.38039508
2017-12-19,0.37325767
2017-12-20,0.31482083
2017-12-21,0.40889785
2017-12-22,0.4833943
2017-12-25,0.480844
2017-12-26,0.58415014
2017-12-27,0.43982098
2017-12-28,0.5013651
2017-12-29,0.62421083
2018-01-01,0.5748226
2018-01-02,0.6072833
2018-01-03,0.50959647
2018-01-04,0.41455817
2018-01-05,0.39646494
2018-01-08,0.51819426
2018-01-09,0.5208005
2018-01-10,0.34359586
2018-01-11,0.32920712
2018-01-12,0.37756371
2018-01-15,0.5110472
2018-01-16,0.43066308
2018-01-17,0.46895894
2018-01-18,0.669333
2018-01-19,0.5490437
2018-01-22,0.28191417
2018-01-23,0.49474528
2018-01-24,0.4798972
2018-01-25,0.5661851
2018-01-26,0.4915748
2018-01-29,0.39572862
2018-01-30,0.50194794
2018-01-31,0.6452088
2018-02-01,0.4514275
2018-02-02,0.41140947
2018-02-05,0.5632302
2018-02-06,0.55719376
2018-02-07,0.44943398
2018-02-08,0.4783031
2018-02-09,0.5769739
2018-02-12,0.40330172
2018-02-13,0.53141654
2018-02-14,0.56355006
2018-02-15,0.43031567
2018-02-16,0.5935191
2018-02-19,0.5705474
2018-02-20,0.60033154
2018-02-21,0.5394062
2018-02-22,0.5827463
2018-02-23,0.55068433
2018-02-26,0.47736222
2018-02-27,0.5375298
2018-02-28,0.46798283
2018-03-01,0.52247155
2018-03-02,0.5124397
2018-03-05,0.50120896
2018-03-06,0.5248655
2018-03-07,0.41666898
2018-03-08,0.47369158
2018-03-09,0.55636126
2018-03-12,0.40225446
2018-03-13,0.5195125
2018-03-14,0.4000202
2018-03-15,0.41546795
2018-03-16,0.54104364
2018-03-19,0.38655847
2018-03-20,0.31994912
2018-03-21,0.23494558
2018-03-22,0.66672444
2018-03-23,0.5403922
2018-03-26,0.42310447
2018-03-27,0.52995354
2018-03-28,0.5171109
2018-03-29,0.62407994
2018-03-30,0.5940157
2018-04-02,0.52884775
2018-04-03,0.5367481
2018-04-04,0.4481885
2018-04-05,0.44132107
2018-04-06,0.4594717
2018-04-09,0.5639662
2018-04-10,0.42802584
2018-04-11,0.5376002
2018-04-12,0.3903597
2018-04-13,0.53752655
2018-04-16,0.48012844
2018-04-17,0.4209769
2018-04-18,0.43383098
2018-04-19,0.61059475
2018-04-20,0.51918644
2018-04-23,0.38164392
2018-04-24,0.5676993
2018-04-25,0.51386446
2018-04-26,0.52178717
2018-04-27,0.6259192
2018-04-30,0.33738437
2018-05-01,0.27878976
2018-05-02,0.4685675
2018-05-03,0.35804313
2018-05-04,0.255306
2018-05-07,0.40179196
2018-05-08,0.39663184
2018-05-09,0.4712644
2018-05-10,0.45418933
2018-05-11,0.3960567
2018-05-14,0.32085425
2018-05-15,0.5397486
2018-05-16,0.45791644
2018-05-17,0.4558873
2018-05-18,0.42098063
2018-05-21,0.37814674
2018-05-22,0.4783236
2018-05-23,0.3660705
2018-05-24,0.57567734
2018-05-25,0.5191291
2018-05-28,0.45875427
2018-05-29,0.46736974
2018-05-30,0.25667268
2018-05-31,0.49129272
2018-06-01,0.38553348
2018-06-04,0.5884477
2018-06-05,0.42024994
2018-06-06,0.40877923
2018-06-07,0.43825457
2018-06-08,0.3093054
2018-06-11,0.34120685
2018-06-12,0.41189575
2018-06-13,0.35418805
2018-06-14,0.42641386
2018-06-15,0.334463
2018-06-18,0.5310819
2018-06-19,0.5856924
2018-06-20,0.37132245
2018-06-21,0.3884585
2018-06-22,0.33497268
2018-06-25,0.38829115
2018-06-26,0.39653188
2018-06-27,0.49205992
2018-06-28,0.49145567
2018-06-29,0.34324595
2018-07-02,0.50547457
2018-07-03,0.3602415
2018-07-04,0.5767314
2018-07-05,0.2704972
2018-07-06,0.5605822
2018-07-09,0.370502
2018-07-10,0.5024945
2018-07-11,0.52126354
2018-07-12,0.5273971
2018-07-13,0.4620648
2018-07-16,0.43025854
2018-07-17,0.5170235
2018-07-18,0.3482516
2018-07-19,0.49719617
2018-07-20,0.35463557
2018-07-23,0.45741582
2018-07-24,0.2588528
2018-07-25,0.4568498
2018-07-26,0.4343052
2018-07-27,0.37564898
2018-07-30,0.5690905
2018-07-31,0.2595625
2018-08-01,0.44647938
2018-08-02,0.47853044
2018-08-03,0.48768526
2018-08-06,0.3723031
2018-08-07,0.3380578
2018-08-08,0.35227194
2018-08-09,0.4827434
2018-08-10,0.4181967
2018-08-13,0.5619268
2018-08-14,0.27414313
2018-08-15,0.5772613
2018-08-16,0.5601495
2018-08-17,0.501972
2018-08-20,0.42430997
2018-08-21,0.37561667
2018-08-22,0.47679916
2018-08-23,0.62020385
2018-08-24,0.4333114
2018-08-27,0.56645656
2018-08-28,0.42089757
2018-08-29,0.4735206
2018-08-30,0.56358755
2018-08-31,0.53368914
2018-09-03,0.6494385
2018-09-04,0.5223566
2018-09-05,0.49341565
2018-09-06,0.6076761
2018-09-07,0.52153707
2018-09-10,0.48743907
2018-09-11,0.35046992
2018-09-12,0.57189566
2018-09-13,0.52373797
2018-09-14,0.5983398
2018-09-17,0.59992117
2018-09-18,0.613336
2018-09-19,0.39284346
2018-09-20,0.31473887
2018-09-21,0.39108595
2018-09-24,0.5123562
2018-09-25,0.39636886
2018-09-26,0.32264462
2018-09-27,0.37573558
2018-09-28,0.6240597
2018-10-01,0.4762899
2018-10-02,0.49738342
2018-10-03,0.51801074
2018-10-04,0.4099925
2018-10-05,0.33304065
2018-10-08,0.3781625
2018-10-09,0.5091316
2018-10-10,0.43521658
2018-10-11,0.65455467
2018-10-12,0.5954815
2018-10-15,0.43974698
2018-10-16,0.7109615
2018-10-17,0.57393533
2018-10-18,0.49698243
2018-10-19,0.40518236
2018-10-22,0.56004775
2018-10-23,0.48134515
2018-10-24,0.49583748
2018-10-25,0.5654931
2018-10-26,0.47202784
2018-10-29,0.529035
2018-10-30,0.54722655
2018-10-31,0.55102444
2018-11-01,0.5870739
2018-11-02,0.66138047
2018-11-05,0.5404171
2018-11-06,0.5343021
2018-11-07,0.5117983
2018-11-08,0.53007334
2018-11-09,0.3594909
2018-11-12,0.29175466
2018-11-13,0.5330989
2018-11-14,0.53054625
2018-11-15,0.4294703
2018-11-16,0.4973676
2018-11-19,0.4595735
2018-11-20,0.49349004
2018-11-21,0.40015146
2018-11-22,0.5102016
2018-11-23,0.5117282
2018-11-26,0.43698356
2018-11-27,0.46553937
2018-11-28,0.40121266
2018-11-29,0.3499732
2018-11-30,0.42153594
2018-12-03,0.34859744
2018-12-04,0.7186361
2018-12-05,0.56325245
2018-12-06,0.54626024
2018-12-07,0.51834977
2018-12-10,0.56490535
2018-12-11,0.5367822
2018-12-12,0.44417024
2018-12-13,0.45492762
2018-12-14,0.47994667
2018-12-17,0.5129601
2018-12-18,0.3977792
2018-12-19,0.44484332
2018-12-20,0.6518411
2018-12-21,0.5629644
2018-12-24,0.5674799
2018-12-25,0.48132515
2018-12-26,0.49151972
2018-12-27,0.5608892
2018-12-28,0.5293565
2018-12-31,0.4514734
2019-01-01,0.4878416
2019-01-02,0.48246005
2019-01-03,0.6073485
2019-01-04,0.594897
2019-01-07,0.6063355
2019-01-08,0.6606594
2019-01-09,0.6098232
2019-01-10,0.4294566
2019-01-11,0.48958316
2019-01-14,0.6303404
2019-01-15,0.7014304
2019-01-16,0.37127823
2019-01-17,0.5193064
2019-01-18,0.4745298
2019-01-21,0.6524134
2019-01-22,0.38807583
2019-01-23,0.50068104
2019-01-24,0.531027
2019-01-25,0.5692963
2019-01-28,0.44664988
2019-01-29,0.6207995
2019-01-30,0.5149312
2019-01-31,0.41704696
2019-02-01,0.5316791
2019-02-04,0.40929762
2019-02-05,0.36859834
2019-02-06,0.4113221
2019-02-07,0.4547502
2019-02-08,0.41932666
2019-02-11,0.42356995
2019-02-12,0.54204875
2019-02-13,0.5144724
2019-02-14,0.44785514
2019-02-15,0.62874514
2019-02-18,0.54790574
2019-02-19,0.5320971
2019-02-20,0.5011604
2019-02-21,0.65740114
2019-02-22,0.37559748
2019-02-25,0.3972593
2019-02-26,0.36749342
2019-02-27,0.32891214
2019-02-28,0.4811358
2019-03-01,0.35848758
2019-03-04,0.36933166
2019-03-05,0.53332084
2019-03-06,0.45638916
2019-03-07,0.5734039
2019-03-08,0.5217946
2019-03-11,0.4419495
2019-03-12,0.4630393
2019-03-13,0.635767
2019-03-14,0.5191155
2019-03-15,0.39091575
2019-03-18,0.5073968
2019-03-19,0.43685442
2019-03-20,0.52307653
2019-03-21,0.5588028
2019-03-22,0.44215235
2019-03-25,0.59201974
2019-03-26,0.5788387
2019-03-27,0.46884486
2019-03-28,0.54011893
2019-03-29,0.60506254
2019-04-01,0.5308615
2019-04-02,0.5351969
2019-04-03,0.5674762
2019-04-04,0.49657354
2019-04-05,0.55986255
2019-04-08,0.58674824
2019-04-09,0.52858365
2019-04-10,0.34539717
2019-04-11,0.44187775
2019-04-12,0.5916454
2019-04-15,0.58580506
2019-04-16,0.49808624
2019-04-17,0.40935487
2019-04-18,0.3980505
2019-04-19,0.4159509
2019-04-22,0.50724715
2019-04-23,0.5223342
2019-04-24,0.34368128
2019-04-25,0.35500494
2019-04-26,0.4225781
2019-04-29,0.458609
2019-04-30,0.32713076
2019-05-01,0.45227137
2019-05-02,0.5177122
2019-05-03,0.7344417
2019-05-06,0.3899086
2019-05-07,0.21746579
2019-05-08,0.42063764
2019-05-09,0.3496433
2019-05-10,0.24111564
2019-05-13,0.5331717
2019-05-14,0.56517935
2019-05-15,0.52457166
2019-05-16,0.4290231
2019-05-17,0.50535095
2019-05-20,0.5474641
2019-05-21,0.46773562
2019-05-22,0.3901856
2019-05-23,0.45076147
2019-05-24,0.46221313
2019-05-27,0.40736803
2019-05-28,0.4612029
2019-05-29,0.35124573
2019-05-30,0.64306355
2019-05-31,0.5782232
2019-06-03,0.658643
2019-06-04,0.59555906
2019-06-05,0.62391835
2019-06-06,0.6383121
2019-06-07,0.67516726
2019-06-10,0.5245446
2019-06-11,0.4926146
2019-06-12,0.5242663
2019-06-13,0.5804393
2019-06-14,0.47754484
2019-06-17,0.48030365
2019-06-18,0.34179255
2019-06-19,0.35646728
2019-06-20,0.6388395
2019-06-21,0.448264
2019-06-24,0.25243562
2019-06-25,0.34666902
2019-06-26,0.54712445
2019-06-27,0.6211386
2019-06-28,0.72209764
2019-07-01,0.58871317
2019-07-02,0.2913079
2019-07-03,0.42610568
2019-07-04,0.46347862
2019-07-05,0.7201102
2019-07-08,0.4568428
2019-07-09,0.5291244
2019-07-10,0.40268862
2019-07-11,0.51708394
2019-07-12,0.3181532
2019-07-15,0.52419037
2019-07-16,0.44031784
2019-07-17,0.23592052
2019-07-18,0.49967363
2019-07-19,0.5432579
2019-07-22,0.6137013
2019-07-23,0.7194006
2019-07-24,0.44842654
2019-07-25,0.5500999
2019-07-26,0.45002997
2019-07-29,0.5541208
2019-07-30,0.47767526
2019-07-31,0.56511015
2019-08-01,0.6187307
2019-08-02,0.57199997
2019-08-05,0.59519374
2019-08-06,0.4315575
2019-08-07,0.4467494
2019-08-08,0.32866338
2019-08-09,0.5213442
2019-08-12,0.37260303
2019-08-13,0.40469736
2019-08-14,0.5157019
2019-08-15,0.47555944
2019-08-16,0.5178675
2019-08-19,0.482683
2019-08-20,0.45555773
2019-08-21,0.58895886
2019-08-22,0.5209644
2019-08-23,0.68316793
2019-08-26,0.44998607
2019-08-27,0.65145665
2019-08-28,0.5325583
2019-08-29,0.543813
2019-08-30,0.52880293
2019-09-02,0.70643187
2019-09-03,0.34743184
2019-09-04,0.46257412
2019-09-05,0.70661867
2019-09-06,0.46295318
2019-09-09,0.6091674
2019-09-10,0.6143911
2019-09-11,0.5450522
2019-09-12,0.62822795
2019-09-13,0.48766372
2019-09-16,0.38365096
2019-09-17,0.5893916
2019-09-18,0.4187205
2019-09-19,0.45879272
2019-09-20,0.57980156
2019-09-23,0.4976975
2019-09-24,0.49214768
2019-09-25,0.3712506
2019-09-26,0.5463193
2019-09-27,0.64124244
2019-09-30,0.5709567
2019-10-01,0.54438263
2019-10-02,0.55617225
2019-10-03,0.5130243
2019-10-04,0.44972166
2019-10-07,0.48235217
2019-10-08,0.58303475
2019-10-09,0.53277344
2019-10-10,0.5556057
2019-10-11,0.4599066
2019-10-14,0.5669711
2019-10-15,0.58093387
2019-10-16,0.45656285
2019-10-17,0.56334794
2019-10-18,0.41555995
2019-10-21,0.4941824
2019-10-22,0.5027628
2019-10-23,0.59700954
2019-10-24,0.42353684
2019-10-25,0.6121985
2019-10-28,0.49244514
2019-10-29,0.56980497
2019-10-30,0.56996185
2019-10-31,0.4122726
2019-11-01,0.44716135
2019-11-04,0.51911604
2019-11-05,0.41214758
2019-11-06,0.5051309
2019-11-07,0.56066936
2019-11-08,0.410293
2019-11-11,0.4821988
2019-11-12,0.57748306
2019-11-13,0.46790862
2019-11-14,0.4738753
2019-11-15,0.5107485
2019-11-18,0.4971783
2019-11-19,0.39516655
2019-11-20,0.4435042
2019-11-21,0.43281567
2019-11-22,0.595703
2019-11-25,0.4702689
2019-11-26,0.49277157
2019-11-27,0.5063506
2019-11-28,0.5545936
2019-11-29,0.5011872
2019-12-02,0.70351374
2019-12-03,0.43625972
2019-12-04,0.4963954
2019-12-05,0.35605612
2019-12-06,0.4336225
2019-12-09,0.4575502
2019-12-10,0.4243521
2019-12-11,0.39342067
2019-12-12,0.51096714
2019-12-13,0.34062317
2019-12-16,0.5627753
2019-12-17,0.48429158
2019-12-18,0.46861738
2019-12-19,0.26584807
2019-12-20,0.29535326
2019-12-23,0.29959443
2019-12-24,0.5653226
2019-12-25,0.61165106
2019-12-26,0.59249794
2019-12-27,0.5256575
2019-12-30,0.46352047
2019-12-31,0.3844691
2020-01-01,0.54816633
2020-01-02,0.56730545
2020-01-03,0.539987
2020-01-06,0.50559425
2020-01-07,0.3557741
2020-01-08,0.3126883
2020-01-09,0.5679537
2020-01-10,0.5846821
2020-01-13,0.31838155
2020-01-14,0.5201638
2020-01-15,0.4406962
2020-01-16,0.42566368
2020-01-17,0.33124685
2020-01-20,0.47231966
2020-01-21,0.43603468
2020-01-22,0.4690231
2020-01-23,0.37421945
2020-01-24,0.5875284
2020-01-27,0.6179059
2020-01-28,0.5851614
2020-01-29,0.5769407
2020-01-30,0.6420496
2020-01-31,0.5830575
2020-02-03,0.4406546
2020-02-04,0.559373
2020-02-05,0.6231764
2020-02-06,0.45207793
2020-02-07,0.32592127
2020-02-10,0.3993194
2020-02-11,0.57844543
2020-02-12,0.4100971
2020-02-13,0.6394187
2020-02-14,0.34727222
2020-02-17,0.41393632
2020-02-18,0.5709605
2020-02-19,0.5827318
2020-02-20,0.7739444
2020-02-21,0.48180225
2020-02-24,0.53406346
2020-02-25,0.5460412
2020-02-26,0.5609133
2020-02-27,0.68747324
2020-02-28,0.54711115
2020-03-02,0.43397722
2020-03-03,0.35192114
2020-03-04,0.4348681
2020-03-05,0.2817355
2020-03-06,0.27293667
2020-03-09,0.408279
2020-03-10,0.5228332
2020-03-11,0.50265396
2020-03-12,0.54792535
2020-03-13,0.75073034
2020-03-16,0.7677874
2020-03-17,0.42260593
2020-03-18,0.5585322
2020-03-19,0.57080495
2020-03-20,0.45841292
2020-03-23,0.34674045
2020-03-24,0.5424172
2020-03-25,0.48619747
2020-03-26,0.6430587
2020-03-27,0.75464845
2020-03-30,0.76745325
2020-03-31,0.5882756
2020-04-01,0.44880468
2020-04-02,0.35582346
2020-04-03,0.37460613
2020-04-06,0.46074432
2020-04-07,0.688767
2020-04-08,0.7245874
2020-04-09,0.7640232
2020-04-10,0.6160347
2020-04-13,0.4276424
2020-04-14,0.44092673
2020-04-15,0.5156199
2020-04-16,0.34480575
2020-04-17,0.5904431
2020-04-20,0.44349742
2020-04-21,0.5425534
2020-04-22,0.3493843
2020-04-23,0.3362692
2020-04-24,0.4776274
2020-04-27,0.33705965
2020-04-28,0.63586867
2020-04-29,0.60518175
2020-04-30,0.543149
2020-05-01,0.5113995
2020-05-04,0.6122029
2020-05-05,0.48754185
2020-05-06,0.5014958
2020-05-07,0.5469943
2020-05-08,0.5392835
2020-05-11,0.39193705
2020-05-12,0.59547555
2020-05-13,0.5203921
2020-05-14,0.5286104
2020-05-15,0.45414507
2020-05-18,0.70373493
2020-05-19,0.62439734
2020-05-20,0.56691897
2020-05-21,0.38413128
2020-05-22,0.50230974
2020-05-25,0.65338135
2020-05-26,0.4467564
2020-05-27,0.4971289
2020-05-28,0.5819208
2020-05-29,0.49051407
2020-06-01,0.5536015
2020-06-02,0.49706653
2020-06-03,0.4576737
2020-06-04,0.49852508
2020-06-05,0.6363518
2020-06-08,0.49258018
2020-06-09,0.5506909
2020-06-10,0.60158646
2020-06-11,0.46562257
2020-06-12,0.5394603
2020-06-15,0.6584351
2020-06-16,0.48431605
2020-06-17,0.52056056
2020-06-18,0.5479749
2020-06-19,0.54183763
2020-06-22,0.5477017
2020-06-23,0.5168396
2020-06-24,0.574386
2020-06-25,0.6356522
2020-06-26,0.59865457
2020-06-29,0.55459434
2020-06-30,0.5015946
2020-07-01,0.5076566
2020-07-02,0.5238597
2020-07-03,0.42841303
2020-07-06,0.4732688
2020-07-07,0.4946865
2020-07-08,0.55282694
2020-07-09,0.6063573
2020-07-10,0.58845156
2020-07-13,0.3489216
2020-07-14,0.23296875
2020-07-15,0.33262938
2020-07-16,0.58406276
2020-07-17,0.4807002
2020-07-20,0.44949314
2020-07-21,0.6501274
2020-07-22,0.44591716
2020-07-23,0.36058447
2020-07-24,0.27809474
2020-07-27,0.3945603
2020-07-28,0.36328834
2020-07-29,0.29457355
2020-07-30,0.54037035
2020-07-31,0.7157023
2020-08-03,0.51417756
2020-08-04,0.51943964
2020-08-05,0.51153255
2020-08-06,0.47912678
2020-08-07,0.4057203
2020-08-10,0.5257172
2020-08-11,0.474544
2020-08-12,0.38979238
2020-08-13,0.5176459
2020-08-14,0.41595668
2020-08-17,0.42367324
2020-08-18,0.52310914
2020-08-19,0.66159314
2020-08-20,0.5350187
2020-08-21,0.5347777
2020-08-24,0.39459613
2020-08-25,0.53172565
2020-08-26,0.3799258
2020-08-27,0.48926154
2020-08-28,0.2501186
2020-08-31,0.3202205
2020-09-01,0.4719858
2020-09-02,0.59073204
2020-09-03,0.66917515
2020-09-04,0.5867625
2020-09-07,0.5782162
2020-09-08,0.51363134
2020-09-09,0.45971817
2020-09-10,0.5247671
2020-09-11,0.45789486
2020-09-14,0.48517272
2020-09-15,0.5408973
2020-09-16,0.52228785
2020-09-17,0.450489
2020-09-18,0.47297424
2020-09-21,0.5450855
2020-09-22,0.48046613
2020-09-23,0.52960414
2020-09-24,0.7159798
2020-09-25,0.6084038
2020-09-28,0.49977538
2020-09-29,0.44686583
2020-09-30,0.4709101
2020-10-01,0.58293
2020-10-02,0.5752577
2020-10-05,0.46847045
2020-10-06,0.48660985
2020-10-07,0.5971464
2020-10-08,0.52671504
2020-10-09,0.46779686
2020-10-12,0.54997486
2020-10-13,0.5251966
2020-10-14,0.5489282
2020-10-15,0.5912299
2020-10-16,0.5195032
2020-10-19,0.5482756
2020-10-20,0.5680379
2020-10-21,0.5535722
2020-10-22,0.6293504
2020-10-23,0.5297953
2020-10-26,0.6140945
2020-10-27,0.4544078
2020-10-28,0.44907212
2020-10-29,0.5098654
2020-10-30,0.56272817
2020-11-02,0.57250524
2020-11-03,0.53285265
2020-11-04,0.5688394
2020-11-05,0.61668986
2020-11-06,0.51627916
2020-11-09,0.5923327
2020-11-10,0.5210155
2020-11-11,0.5583358
2020-11-12,0.3643512
2020-11-13,0.46882612
2020-11-16,0.5425644
2020-11-17,0.45525625
2020-11-18,0.47660497
2020-11-19,0.57908994
2020-11-20,0.6395038
2020-11-23,0.6709211
2020-11-24,0.60033804
2020-11-25,0.6402246
2020-11-26,0.70412236
2020-11-27,0.59554243
2020-11-30,0.5794245
2020-12-01,0.3820954
2020-12-02,0.33389923
2020-12-03,0.37141502
2020-12-04,0.55510587
2020-12-07,0.54930675
2020-12-08,0.4604321
2020-12-09,0.5284961
2020-12-10,0.46449608
2020-12-11,0.6113537
2020-12-14,0.54395103
2020-12-15,0.40156806
2020-12-16,0.4699816
2020-12-17,0.54949135
2020-12-18,0.5213662
2020-12-21,0.5797526
2020-12-22,0.47101068
2020-12-23,0.62693906
2020-12-24,0.56200486
2020-12-25,0.4096961
2020-12-28,0.4506434
2020-12-29,0.5385696
2020-12-30,0.65147716
2020-12-31,0.62125546
2021-01-01,0.5603518
2021-01-04,0.7106707
2021-01-05,0.4349247
2021-01-06,0.66093427
2021-01-07,0.5815726
2021-01-08,0.5799006
2021-01-11,0.4247448
2021-01-12,0.4708789
2021-01-13,0.54343474
2021-01-14,0.36722162
2021-01-15,0.6285837
2021-01-18,0.47094795
2021-01-19,0.4810999
2021-01-20,0.4219345
2021-01-21,0.54427785
2021-01-22,0.45548406
2021-01-25,0.5667967
2021-01-26,0.51499087
2021-01-27,0.40662992
2021-01-28,0.45686412
2021-01-29,0.6521073
2021-02-01,0.47380129
2021-02-02,0.75132126
2021-02-03,0.5009791
2021-02-04,0.5019219
2021-02-05,0.40584552
2021-02-08,0.44068703
2021-02-09,0.5178689
2021-02-10,0.3929706
2021-02-11,0.57764834
2021-02-12,0.5473869
2021-02-15,0.59565204
2021-02-16,0.55386204
2021-02-17,0.5681178
2021-02-18,0.6169281
2021-02-19,0.62104046
2021-02-22,0.39629254
2021-02-23,0.45902607
2021-02-24,0.4416233
2021-02-25,0.5693881
2021-02-26,0.7599967
2021-03-01,0.6715821
2021-03-02,0.48461264
2021-03-03,0.68390244
2021-03-04,0.54797435
2021-03-05,0.60782766
2021-03-08,0.53239673
2021-03-09,0.53416115
2021-03-10,0.4329699
2021-03-11,0.4497946
2021-03-12,0.49513975
2021-03-15,0.35103855
2021-03-16,0.5188349
2021-03-17,0.4067688
2021-03-18,0.45404133
2021-03-19,0.41978118
2021-03-22,0.63539594
2021-03-23,0.585062
2021-03-24,0.5268571
2021-03-25,0.60089827
2021-03-26,0.44798994
2021-03-29,0.5100984
2021-03-30,0.58014596
2021-03-31,0.29921633
2021-04-01,0.59361947
2021-04-02,0.52271026
2021-04-05,0.5370986
2021-04-06,0.44012204
2021-04-07,0.61579967
2021-04-08,0.58607984
2021-04-09,0.5829879
2021-04-12,0.46314305
2021-04-13,0.53135157
2021-04-14,0.63945943
2021-04-15,0.35028377
2021-04-16,0.4753764
2021-04-19,0.66817015
2021-04-20,0.50392675
2021-04-21,0.51387364
2021-04-22,0.6422954
2021-04-23,0.40531498
2021-04-26,0.59459597
2021-04-27,0.516285
2021-04-28,0.5927543
2021-04-29,0.48438877
2021-04-30,0.56938154
2021-05-03,0.6223621
2021-05-04,0.5368231
2021-05-05,0.46211442
2021-05-06,0.5188756
2021-05-07,0.5724983
2021-05-10,0.37773666
2021-05-11,0.4750017
2021-05-12,0.5944634
2021-05-13,0.4876906
2021-05-14,0.5598781
2021-05-17,0.5401024
2021-05-18,0.4806737
2021-05-19,0.5017394
2021-05-20,0.30150518
2021-05-21,0.4452913
2021-05-24,0.52753454
2021-05-25,0.48271656
2021-05-26,0.53930485
2021-05-27,0.5732902
2021-05-28,0.60078806
2021-05-31,0.7061993
2021-06-01,0.42060873
2021-06-02,0.23350923
2021-06-03,0.5129567
2021-06-04,0.54166913
2021-06-07,0.47949266
2021-06-08,0.5298293
2021-06-09,0.54865897
2021-06-10,0.6079163
2021-06-11,0.55356103
2021-06-14,0.47194633
2021-06-15,0.51756686
2021-06-16,0.5125717
2021-06-17,0.6508313
2021-06-18,0.7311347
2021-06-21,0.43305644
2021-06-22,0.65126425
2021-06-23,0.627336
2021-06-24,0.5586298
2021-06-25,0.5744455
2021-06-28,0.6380966
2021-06-29,0.68036765
2021-06-30,0.5028625
2021-07-01,0.50681657
2021-07-02,0.46949002
2021-07-05,0.63415533
2021-07-06,0.32504177
2021-07-07,0.48331162
2021-07-08,0.50830734
2021-07-09,0.48386624
2021-07-12,0.58969396
2021-07-13,0.4545851
2021-07-14,0.50057626
2021-07-15,0.54996824
2021-07-16,0.46637776
2021-07-19,0.45421755
2021-07-20,0.53861487
2021-07-21,0.4843853
2021-07-22,0.3841153
2021-07-23,0.4901175
2021-07-26,0.504856
2021-07-27,0.42935416
2021-07-28,0.24467346
2021-07-29,0.47840405
2021-07-30,0.5751753
2021-08-02,0.6424087
2021-08-03,0.49496475
2021-08-04,0.3540587
2021-08-05,0.43448374
2021-08-06,0.490794
2021-08-09,0.5839326
2021-08-10,0.62550884
2021-08-11,0.44086727
2021-08-12,0.62466073
2021-08-13,0.44674417
2021-08-16,0.34111002
2021-08-17,0.5123599
2021-08-18,0.49685997
2021-08-19,0.56823003
2021-08-20,0.53540754
2021-08-23,0.55842084
2021-08-24,0.6201695
2021-08-25,0.40834633
2021-08-26,0.28366253
2021-08-27,0.5209245
2021-08-30,0.5455353
2021-08-31,0.40816575
2021-09-01,0.6223893
2021-09-02,0.6576248
2021-09-03,0.51739466
2021-09-06,0.4407724
2021-09-07,0.4292045
2021-09-08,0.5348556
2021-09-09,0.552562
2021-09-10,0.46393085
2021-09-13,0.4694136
2021-09-14,0.50227153
2021-09-15,0.44366783
2021-09-16,0.35458052
2021-09-17,0.53688633
2021-09-20,0.4420525
2021-09-21,0.5096103
2021-09-22,0.48829037
2021-09-23,0.45700997
2021-09-24,0.6286488
2021-09-27,0.61092776
2021-09-28,0.6524529
2021-09-29,0.5934203
2021-09-30,0.4019051
2021-10-01,0.5936648
2021-10-04,0.4543066
2021-10-05,0.5360561
2021-10-06,0.50163156
2021-10-07,0.4627741
2021-10-08,0.49972537
2021-10-11,0.6576743
2021-10-12,0.4589663
2021-10-13,0.4310327
2021-10-14,0.5295494
2021-10-15,0.4483587
2021-10-18,0.4069124
2021-10-19,0.61800843
2021-10-20,0.39922756
2021-10-21,0.5910729
2021-10-22,0.5589764
2021-10-25,0.57543916
2021-10-26,0.5905837
2021-10-27,0.5568024
2021-10-28,0.62322134
2021-10-29,0.5088695
2021-11-01,0.5305482
2021-11-02,0.588664
2021-11-03,0.46291375
2021-11-04,0.38290718
2021-11-05,0.5899158
2021-11-08,0.5377372
2021-11-09,0.31615517
2021-11-10,0.40792772
2021-11-11,0.46577382
2021-11-12,0.47420442
2021-11-15,0.51273096
2021-11-16,0.65646726
2021-11-17,0.6555538
2021-11-18,0.568324
2021-11-19,0.5012846
2021-11-22,0.60504353
2021-11-23,0.56572884
2021-11-24,0.5959337
2021-11-25,0.60968894
2021-11-26,0.53883934
2021-11-29,0.52773976
2021-11-30,0.47537458
2021-12-01,0.52315223
2021-12-02,0.54533595
2021-12-03,0.4292395
2021-12-06,0.542722
2021-12-07,0.4134821
2021-12-08,0.52318
2021-12-09,0.52665406
2021-12-10,0.43445623
2021-12-13,0.52583545
2021-12-14,0.6487644
2021-12-15,0.4622341
2021-12-16,0.54524595
2021-12-17,0.5919374
2021-12-20,0.39763746
2021-12-21,0.49096096
2021-12-22,0.5860736
2021-12-23,0.4230606
2021-12-24,0.3558543
2021-12-27,0.408927
2021-12-28,0.52162117
2021-12-29,0.5272933
2021-12-30,0.6951281
2021-12-31,0.62601423
2022-01-03,0.56193537
2022-01-04,0.46208608
2022-01-05,0.661201
2022-01-06,0.45328596
2022-01-07,0.5489614
2022-01-10,0.50517744
2022-01-11,0.5152717
2022-01-12,0.46334863
2022-01-13,0.6261918
2022-01-14,0.5264847
2022-01-17,0.67069405
2022-01-18,0.60887986
2022-01-19,0.45534146
2022-01-20,0.5666783
2022-01-21,0.59182936
2022-01-24,0.50301784
2022-01-25,0.5703184
2022-01-26,0.4585205
2022-01-27,0.4623817
2022-01-28,0.6509185
2022-01-31,0.5694456
2022-02-01,0.6196854
2022-02-02,0.4425073
2022-02-03,0.5063992
2022-02-04,0.5327211
2022-02-07,0.46467558
2022-02-08,0.58937943
2022-02-09,0.50881684
2022-02-10,0.6014656
2022-02-11,0.50964177
2022-02-14,0.37939727
2022-02-15,0.63618875
2022-02-16,0.55108964
2022-02-17,0.53783363
2022-02-18,0.62580556
2022-02-21,0.5282598
2022-02-22,0.46089774
2022-02-23,0.5207931
2022-02-24,0.43652043
2022-02-25,0.5566839
2022-02-28,0.46738076
2022-03-01,0.4469072
2022-03-02,0.63436097
2022-03-03,0.3836433
2022-03-04,0.590678
2022-03-07,0.6463511
2022-03-08,0.505896
2022-03-09,0.3267198
2022-03-10,0.46413982
2022-03-11,0.70216966
2022-03-14,0.5296651
2022-03-15,0.40598774
2022-03-16,0.53904915
2022-03-17,0.60012555
2022-03-18,0.45050526
2022-03-21,0.42786905
2022-03-22,0.5636394
2022-03-23,0.5229713
2022-03-24,0.36087188
2022-03-25,0.62928396
2022-03-28,0.5305581
2022-03-29,0.52113706
2022-03-30,0.51935506
2022-03-31,0.42128757
2022-04-01,0.43117854
2022-04-04,0.39607018
2022-04-05,0.5887661
2022-04-06,0.47680306
2022-04-07,0.55040485
2022-04-08,0.42061096
2022-04-11,0.53905565
2022-04-12,0.4545912
2022-04-13,0.54952204
2022-04-14,0.58614653
2022-04-15,0.5993039
2022-04-18,0.54048294
2022-04-19,0.46009943
2022-04-20,0.40267456
2022-04-21,0.6454125
2022-04-22,0.47805777
2022-04-25,0.45007116
2022-04-26,0.52575827
2022-04-27,0.48287863
2022-04-28,0.4240163
2022-04-29,0.54584134
2022-05-02,0.50917906
2022-05-03,0.47220284
2022-05-04,0.5353728
2022-05-05,0.57253534
2022-05-06,0.39790303
2022-05-09,0.5804211
2022-05-10,0.60066116
2022-05-11,0.51305324
2022-05-12,0.5521493
2022-05-13,0.6795286
2022-05-16,0.50608784
2022-05-17,0.569103
2022-05-18,0.50609285
2022-05-19,0.4260445
2022-05-20,0.42649877
2022-05-23,0.4156961
2022-05-24,0.43486607
2022-05-25,0.58322567
2022-05-26,0.45478818
2022-05-27,0.57348293
2022-05-30,0.50871134
2022-05-31,0.48727745
2022-06-01,0.42230546
2022-06-02,0.59926546
2022-06-03,0.47908196
2022-06-06,0.4422731
2022-06-07,0.4873313
2022-06-08,0.59537435
2022-06-09,0.48874533
2022-06-10,0.584355
2022-06-13,0.7068635
2022-06-14,0.5854466
2022-06-15,0.4548518
2022-06-16,0.45781997
2022-06-17,0.4581058
2022-06-20,0.3930063
2022-06-21,0.6234378
2022-06-22,0.51814926
2022-06-23,0.5993107
2022-06-24,0.61009574
2022-06-27,0.6228685
2022-06-28,0.5678758
2022-06-29,0.54352164
2022-06-30,0.53392774
2022-07-01,0.50554734
2022-07-04,0.5932125
2022-07-05,0.6950941
2022-07-06,0.68394315
2022-07-07,0.6950238
2022-07-08,0.62639385
2022-07-11,0.55010253
2022-07-12,0.5379764
2022-07-13,0.5197666
2022-07-14,0.50272465
2022-07-15,0.7709798
2022-07-18,0.62430745
2022-07-19,0.5871246
2022-07-20,0.53037626
2022-07-21,0.44580665
2022-07-22,0.46396512
2022-07-25,0.5139314
2022-07-26,0.55371094
2022-07-27,0.38129288
2022-07-28,0.505648
2022-07-29,0.38586244
2022-08-01,0.26754498
2022-08-02,0.5032762
2022-08-03,0.5269715
2022-08-04,0.527418
2022-08-05,0.6478597
2022-08-08,0.5109365
2022-08-09,0.506179
2022-08-10,0.70054674
2022-08-11,0.64961404
2022-08-12,0.41534695
2022-08-15,0.49188346
2022-08-16,0.72863394
2022-08-17,0.5601491
2022-08-18,0.54991496
2022-08-19,0.5303852
2022-08-22,0.38691086
2022-08-23,0.61642915
2022-08-24,0.54938704
2022-08-25,0.37192872
2022-08-26,0.5138852
2022-08-29,0.40600786
2022-08-30,0.4663086
2022-08-31,0.4384502
2022-09-01,0.46597943
2022-09-02,0.42533895
2022-09-05,0.54634064
2022-09-06,0.53868335
2022-09-07,0.49068883
2022-09-08,0.5191936
2022-09-09,0.33023897
2022-09-12,0.514215
2022-09-13,0.57113695
2022-09-14,0.7390165
2022-09-15,0.3974332
2022-09-16,0.53736943
2022-09-19,0.6646425
2022-09-20,0.47420368
2022-09-21,0.47893324
2022-09-22,0.59296227
2022-09-23,0.5532883
2022-09-26,0.53777146
2022-09-27,0.6504185
2022-09-28,0.4836942
2022-09-29,0.56757665
2022-09-30,0.57572305
2022-10-03,0.5465545
2022-10-04,0.4914269
2022-10-05,0.53951
2022-10-06,0.6143145
2022-10-07,0.692154
2022-10-10,0.54081446
2022-10-11,0.4762524
2022-10-12,0.5038525
2022-10-13,0.4714162
2022-10-14,0.5161344
2022-10-17,0.5632586
2022-10-18,0.5961899
2022-10-19,0.4530658
2022-10-20,0.5589789
2022-10-21,0.5064086
2022-10-24,0.54196376
2022-10-25,0.45575896
2022-10-26,0.4944643
2022-10-27,0.6610442
2022-10-28,0.5326169
2022-10-31,0.5631401
2022-11-01,0.52386767
2022-11-02,0.59108853
2022-11-03,0.42218882
2022-11-04,0.46378842
2022-11-07,0.55370283
2022-11-08,0.45652965
2022-11-09,0.72778547
2022-11-10,0.44575596
2022-11-11,0.38695553
2022-11-14,0.43737894
2022-11-15,0.58824134
2022-11-16,0.6650043
2022-11-17,0.58111465
2022-11-18,0.3095355
2022-11-21,0.41970807
2022-11-22,0.45103854
2022-11-23,0.38264343
2022-11-24,0.53382754
2022-11-25,0.4556721
2022-11-28,0.36704794
2022-11-29,0.38979933
2022-11-30,0.70721275
2022-12-01,0.5816745
2022-12-02,0.42490962
2022-12-05,0.32737565
2022-12-06,0.5844143
2022-12-07,0.627701
2022-12-08,0.52398705
2022-12-09,0.49395952
2022-12-12,0.5591059
2022-12-13,0.50117314
2022-12-14,0.53815067
2022-12-15,0.46461546
2022-12-16,0.4417954
2022-12-19,0.6278279
2022-12-20,0.47790843
2022-12-21,0.5759056
2022-12-22,0.64727217
2022-12-23,0.46865287
2022-12-26,0.540314
2022-12-27,0.53777194
2022-12-28,0.59747314
2022-12-29,0.5700086
2022-12-30,0.6335991
2023-01-02,0.6214879
2023-01-03,0.60448086
2023-01-04,0.537629
2023-01-05,0.7018621
2023-01-06,0.5272944
2023-01-09,0.4687646
2023-01-10,0.73589057
2023-01-11,0.66448724
2023-01-12,0.44295812
2023-01-13,0.31138662
2023-01-16,0.51033527
2023-01-17,0.3705281
2023-01-18,0.5425552
2023-01-19,0.7019831
2023-01-20,0.4730548
2023-01-23,0.40434322
2023-01-24,0.36907005
2023-01-25,0.63545316
2023-01-26,0.5162311
2023-01-27,0.4124881
2023-01-30,0.5997437
2023-01-31,0.4686013
2023-02-01,0.33883485
2023-02-02,0.59997064
2023-02-03,0.55746216
2023-02-06,0.45315844
2023-02-07,0.66173625
2023-02-08,0.56014687
2023-02-09,0.43473026
2023-02-10,0.48014966
2023-02-13,0.6117216
2023-02-14,0.43686548
2023-02-15,0.5800969
2023-02-16,0.57370734
2023-02-17,0.555601
2023-02-20,0.6474002
2023-02-21,0.6021641
2023-02-22,0.6716164
2023-02-23,0.67579216
2023-02-24,0.67392606
2023-02-27,0.566561
2023-02-28,0.48237392
2023-03-01,0.42442805
2023-03-02,0.51197493
2023-03-03,0.51469517
2023-03-06,0.45856053
2023-03-07,0.4199049
2023-03-08,0.5119146
2023-03-09,0.5536313
2023-03-10,0.5584246
2023-03-13,0.595425
2023-03-14,0.6095642
2023-03-15,0.5328968
2023-03-16,0.62773764
2023-03-17,0.5039084
2023-03-20,0.3105183
2023-03-21,0.3658482
2023-03-22,0.5580953
2023-03-23,0.5757552
2023-03-24,0.5420029
2023-03-27,0.47978243
2023-03-28,0.5301486
2023-03-29,0.44822472
2023-03-30,0.67332876
2023-03-31,0.44588143
2023-04-03,0.6087354
2023-04-04,0.6561085
2023-04-05,0.57789713
2023-04-06,0.51275134
2023-04-07,0.41121852
2023-04-10,0.4575926
2023-04-11,0.35930872
2023-04-12,0.46436012
2023-04-13,0.49068654
2023-04-14,0.5208774
2023-04-17,0.6147853
2023-04-18,0.57137406
2023-04-19,0.54228663
2023-04-20,0.57202333
2023-04-21,0.5050999
2023-04-24,0.5321822
2023-04-25,0.52778727
2023-04-26,0.5077744
2023-04-27,0.5992735
2023-04-28,0.5697416
2023-05-01,0.5267974
2023-05-02,0.4450461
2023-05-03,0.5112875
2023-05-04,0.44060796
2023-05-05,0.6198
2023-05-08,0.5782504
2023-05-09,0.61037403
2023-05-10,0.6413362
2023-05-11,0.43844688
2023-05-12,0.5544086
2023-05-15,0.5846105
2023-05-16,0.41944903
2023-05-17,0.44442967
2023-05-18,0.49589127
2023-05-19,0.6593216
2023-05-22,0.6648139
2023-05-23,0.40249953
2023-05-24,0.48106155
2023-05-25,0.5002444
2023-05-26,0.5546961
2023-05-29,0.581007
2023-05-30,0.45961252
2023-05-31,0.57988393
2023-06-01,0.3435734
2023-06-02,0.54275674
2023-06-05,0.3641335
2023-06-06,0.63139784
2023-06-07,0.51622224
2023-06-08,0.42419136
2023-06-09,0.50874436
2023-06-12,0.44007617
2023-06-13,0.3993424
2023-06-14,0.43252108
2023-06-15,0.532702
2023-06-16,0.4981815
2023-06-19,0.45207813
2023-06-20,0.45872957
2023-06-21,0.5787536
2023-06-22,0.4603214
2023-06-23,0.4913181
2023-06-26,0.5452248
2023-06-27,0.4399371
2023-06-28,0.5468539
2023-06-29,0.6106939
2023-06-30,0.37108967
2023-07-03,0.4774971
2023-07-04,0.49790502
2023-07-05,0.48707792
2023-07-06,0.5236318
2023-07-07,0.6797085
2023-07-10,0.5132999
2023-07-11,0.24091598
2023-07-12,0.5518402
2023-07-13,0.5271309
2023-07-14,0.5105263
2023-07-17,0.38174778
2023-07-18,0.6376931
2023-07-19,0.5668408
2023-07-20,0.41697732
2023-07-21,0.51271135
2023-07-24,0.4958164
2023-07-25,0.49686697
2023-07-26,0.43891153
2023-07-27,0.43299657
2023-07-28,0.42946512
2023-07-31,0.57756674
2023-08-01,0.48009324
2023-08-02,0.40713406
2023-08-03,0.63152343
2023-08-04,0.5665199
2023-08-07,0.54064876
2023-08-08,0.4611802
2023-08-09,0.35100475
2023-08-10,0.4902794
2023-08-11,0.49267468
2023-08-14,0.44001725
2023-08-15,0.50548273
2023-08-16,0.48359957
2023-08-17,0.45444325
2023-08-18,0.48732632
2023-08-21,0.325643
2023-08-22,0.3853133
2023-08-23,0.4152482
2023-08-24,0.45328116
2023-08-25,0.38538942
2023-08-28,0.30248946
2023-08-29,0.5163518
2023-08-30,0.4172548
2023-08-31,0.49173835
2023-09-01,0.39639255
2023-09-04,0.5306312
2023-09-05,0.404376
2023-09-06,0.47148982
2023-09-07,0.42856684
2023-09-08,0.3245331
2023-09-11,0.30598006
2023-09-12,0.44573748
2023-09-13,0.5868217
2023-09-14,0.46826
2023-09-15,0.42408463
2023-09-18,0.44315076
2023-09-19,0.53873503
2023-09-20,0.35605326
2023-09-21,0.41805333
2023-09-22,0.3733887
2023-09-25,0.4859343
2023-09-26,0.2635433
2023-09-27,0.5300385
2023-09-28,0.46940288
2023-09-29,0.4074283
2023-10-02,0.456329
2023-10-03,0.45914185
2023-10-04,0.49356174
2023-10-05,0.47040066
2023-10-06,0.28943107
2023-10-09,0.4687069
2023-10-10,0.5172517
2023-10-11,0.44967437
2023-10-12,0.5238341
2023-10-13,0.50246984
2023-10-16,0.6245122
2023-10-17,0.47771183
2023-10-18,0.6083004
2023-10-19,0.52668726
2023-10-20,0.49844196
2023-10-23,0.4498077
2023-10-24,0.48231697
2023-10-25,0.5999561
2023-10-26,0.5255617
2023-10-27,0.6399454
2023-10-30,0.6367402
2023-10-31,0.46878323
2023-11-01,0.5669437
2023-11-02,0.6396061
2023-11-03,0.5223875
2023-11-06,0.52431417
2023-11-07,0.6048555
2023-11-08,0.5035817
2023-11-09,0.5620783
2023-11-10,0.50082475
2023-11-13,0.5150623
2023-11-14,0.6096944
2023-11-15,0.47633955
2023-11-16,0.56485784
2023-11-17,0.47909102
2023-11-20,0.5868112
2023-11-21,0.6258079
2023-11-22,0.58853465
2023-11-23,0.48535877
2023-11-24,0.5752366
2023-11-27,0.555409
2023-11-28,0.57357436
2023-11-29,0.49750105
2023-11-30,0.5579545
2023-12-01,0.46051458
2023-12-04,0.56273645
2023-12-05,0.6682064
2023-12-06,0.76388156
2023-12-07,0.65872115
2023-12-08,0.5875933
2023-12-11,0.5485877
2023-12-12,0.61758757
2023-12-13,0.53599626
2023-12-14,0.5195253
2023-12-15,0.6340237
2023-12-18,0.50823236
2023-12-19,0.46385458
2023-12-20,0.4761522
2023-12-21,0.4576705
2023-12-22,0.62743354
2023-12-25,0.5457435
2023-12-26,0.62586486
2023-12-27,0.623374
2023-12-28,0.6525499
2023-12-29,0.5218735
2024-01-01,0.60028976
2024-01-02,0.56494886
2024-01-03,0.5057699
2024-01-04,0.41477194
2024-01-05,0.5924003
2024-01-08,0.43646374
2024-01-09,0.48723283
2024-01-10,0.56548315
2024-01-11,0.2770952
2024-01-12,0.50998646
2024-01-15,0.5864197
2024-01-16,0.3789762
2024-01-17,0.5662177
2024-01-18,0.5710225
2024-01-19,0.43174174
2024-01-22,0.36407027
2024-01-23,0.2988888
2024-01-24,0.5139002
2024-01-25,0.25163895
2024-01-26,0.40027717
2024-01-29,0.46128577
2024-01-30,0.55177206
2024-01-31,0.38555628
2024-02-01,0.58147395
2024-02-02,0.61170465
2024-02-05,0.45219725
2024-02-06,0.5449475
2024-02-07,0.56700724
2024-02-08,0.51807183
2024-02-09,0.62884474
2024-02-12,0.5255739
2024-02-13,0.5595191
2024-02-14,0.65874213
2024-02-15,0.58451426
2024-02-16,0.62241304
2024-02-19,0.6122821
2024-02-20,0.5707278
2024-02-21,0.46002412
2024-02-22,0.34017074
2024-02-23,0.51066774
2024-02-26,0.5292096
2024-02-27,0.34485593
2024-02-28,0.31167814
2024-02-29,0.3742793
2024-03-01,0.5262115
2024-03-04,0.5375611
2024-03-05,0.40873438
2024-03-06,0.3012549
2024-03-07,0.22160843
2024-03-08,0.56050587
2024-03-11,0.6021826
2024-03-12,0.6598202
2024-03-13,0.49138337
2024-03-14,0.7107855
2024-03-15,0.59224135
2024-03-18,0.4677494
2024-03-19,0.48620102
2024-03-20,0.66019493
2024-03-21,0.62719136
2024-03-22,0.4141063
2024-03-25,0.3057725
2024-03-26,0.5124917
2024-03-27,0.5959482
2024-03-28,0.6280205
2024-03-29,0.49719805
2024-04-01,0.4207314
2024-04-02,0.2845089
2024-04-03,0.47527325
2024-04-04,0.38968134
2024-04-05,0.5340028
2024-04-08,0.30666456
2024-04-09,0.38426876
2024-04-10,0.52864796
2024-04-11,0.56017226
2024-04-12,0.6634858
2024-04-15,0.5225378
2024-04-16,0.6556111
2024-04-17,0.6936286
2024-04-18,0.5812811
2024-04-19,0.7055835
2024-04-22,0.32352385
2024-04-23,0.2962963
2024-04-24,0.49190262
2024-04-25,0.38130134
2024-04-26,0.4147878
2024-04-29,0.4479905
2024-04-30,0.4937375
2024-05-01,0.5064539
2024-05-02,0.55120194
2024-05-03,0.5494562
2024-05-06,0.48914284
2024-05-07,0.5866152
2024-05-08,0.39889038
2024-05-09,0.53917915
2024-05-10,0.4990668
2024-05-13,0.47997525
2024-05-14,0.47430417
2024-05-15,0.4667563
2024-05-16,0.67732745
2024-05-17,0.4711694
2024-05-20,0.4512327
2024-05-21,0.65897155
2024-05-22,0.5392083
2024-05-23,0.54193693
2024-05-24,0.5829466
2024-05-27,0.5983169
2024-05-28,0.56325793
2024-05-29,0.49582493
2024-05-30,0.38699138
2024-05-31,0.5685802
2024-06-03,0.465739
2024-06-04,0.49912077
2024-06-05,0.50293076
2024-06-06,0.46316668
2024-06-07,0.5565417
2024-06-10,0.35131934
2024-06-11,0.5498356
2024-06-12,0.4292479
2024-06-13,0.44581488
2024-06-14,0.43316287
2024-06-17,0.5259213
2024-06-18,0.36895302
2024-06-19,0.4636742
2024-06-20,0.57815707
2024-06-21,0.51547605
2024-06-24,0.55250496
2024-06-25,0.47274333
2024-06-26,0.514042
2024-06-27,0.44156328
2024-06-28,0.60422546
2024-07-01,0.41551837
2024-07-02,0.39433673
2024-07-03,0.5003099
2024-07-04,0.5378479
2024-07-05,0.5602757
2024-07-08,0.58081645
2024-07-09,0.49233374
2024-07-10,0.34297705
2024-07-11,0.54333574
2024-07-12,0.6170834
2024-07-15,0.5437706
2024-07-16,0.5293139
2024-07-17,0.5808643
2024-07-18,0.6254694
2024-07-19,0.6714452
2024-07-22,0.6480654
2024-07-23,0.6201633
2024-07-24,0.56618947
2024-07-25,0.54159313
2024-07-26,0.5336484
2024-07-29,0.7247597
2024-07-30,0.50041515
2024-07-31,0.59224206
2024-08-01,0.55350864
2024-08-02,0.6167402
2024-08-05,0.6846821
2024-08-06,0.6364385
2024-08-07,0.57310337
2024-08-08,0.41188744
2024-08-09,0.49449983
2024-08-12,0.3426566
2024-08-13,0.56654805
2024-08-14,0.5225441
2024-08-15,0.5325038
2024-08-16,0.55123717
2024-08-19,0.6231228
2024-08-20,0.6313427
2024-08-21,0.6220725
2024-08-22,0.6872821
2024-08-23,0.37894407
2024-08-26,0.49477398
2024-08-27,0.5110475
2024-08-28,0.46160555
2024-08-29,0.61849666
2024-08-30,0.5967237
2024-09-02,0.59615993
2024-09-03,0.61385965
2024-09-04,0.5164305
2024-09-05,0.56830287
2024-09-06,0.53709406
2024-09-09,0.5451395
2024-09-10,0.5875633
2024-09-11,0.5458659
2024-09-12,0.51515543
2024-09-13,0.42079613
2024-09-16,0.512461
2024-09-17,0.464907
2024-09-18,0.5762086
2024-09-19,0.5893145
2024-09-20,0.51426005
2024-09-23,0.5009001
2024-09-24,0.33715636
2024-09-25,0.4343487
2024-09-26,0.38702887
2024-09-27,0.49099734
2024-09-30,0.49921432
2024-10-01,0.40395516
2024-10-02,0.46150193
2024-10-03,0.5259823
2024-10-04,0.43895906
2024-10-07,0.5166613
2024-10-08,0.5124043
2024-10-09,0.56815904
2024-10-10,0.56102955
2024-10-11,0.6500926
2024-10-14,0.4923872
2024-10-15,0.5407575
2024-10-16,0.45661283
2024-10-17,0.56250167
2024-10-18,0.6133417
2024-10-21,0.5521847
2024-10-22,0.5219689
2024-10-23,0.5264952
2024-10-24,0.5569991
2024-10-25,0.52700794
2024-10-28,0.72275937
2024-10-29,0.62144846
2024-10-30,0.4026679
2024-10-31,0.4681004
2024-11-01,0.44813323
2024-11-04,0.5578921
2024-11-05,0.5936886
2024-11-06,0.6748154
2024-11-07,0.27142975
2024-11-08,0.44915175
2024-11-11,0.39765483
2024-11-12,0.3952823
2024-11-13,0.59342754
2024-11-14,0.5748461
2024-11-15,0.6452097
2024-11-18,0.41586152
2024-11-19,0.39847857
2024-11-20,0.27724007
2024-11-21,0.41413906
2024-11-22,0.3148378
2024-11-25,0.50078434
2024-11-26,0.5713048
2024-11-27,0.48850614
2024-11-28,0.5227039
2024-11-29,0.32940292
2024-12-02,0.53133327
2024-12-03,0.46850786
2024-12-04,0.5419382
2024-12-05,0.43099636
2024-12-06,0.41156852
2024-12-09,0.61594754
2024-12-10,0.58125836
2024-12-11,0.492453
2024-12-12,0.6091327
2024-12-13,0.5045854
2024-12-16,0.6049767
2024-12-17,0.59454966
2024-12-18,0.31621197
2024-12-19,0.52659786
2024-12-20,0.5125047
2024-12-23,0.5479701
2024-12-24,0.37617758
2024-12-25,0.57996917
2024-12-26,0.52601147
2024-12-27,0.46612307
2024-12-30,0.48834643
2024-12-31,0.56305444
2025-01-01,0.62808233
2025-01-02,0.5528526
2025-01-03,0.57799774
2025-01-06,0.58410215
2025-01-07,0.43221173
2025-01-08,0.42795292
2025-01-09,0.4750725
2025-01-10,0.60295784
2025-01-13,0.56980085
2025-01-14,0.48388913
2025-01-15,0.5685525
2025-01-16,0.64609826
2025-01-17,0.44794926
2025-01-20,0.62330174
2025-01-21,0.58998233
2025-01-22,0.38300222
2025-01-23,0.6375136
2025-01-24,0.38746923
2025-01-27,0.60168123
2025-01-28,0.46991813
2025-01-29,0.5070388
2025-01-30,0.5055474
2025-01-31,0.3793188
2025-02-03,0.39825583
2025-02-04,0.33058852
2025-02-05,0.383584
2025-02-06,0.5780269
2025-02-07,0.4867071
2025-02-10,0.26399234
2025-02-11,0.6620703
2025-02-12,0.57689536
2025-02-13,0.60248065
2025-02-14,0.5177388
2025-02-17,0.5673412
2025-02-18,0.43929386
2025-02-19,0.40284285
2025-02-20,0.42745122
2025-02-21,0.45010066
2025-02-24,0.55106616
2025-02-25,0.5299716
2025-02-26,0.6498267
2025-02-27,0.4935216
2025-02-28,0.51119
2025-03-03,0.5520587
2025-03-04,0.5928274
2025-03-05,0.47979423
2025-03-06,0.5721801
2025-03-07,0.5694194
2025-03-10,0.55434656
2025-03-11,0.41972974
2025-03-12,0.5417868
2025-03-13,0.483891
2025-03-14,0.40783828
2025-03-17,0.5707455
2025-03-18,0.54784477
2025-03-19,0.6646795
2025-03-20,0.61898655
2025-03-21,0.48384407
2025-03-24,0.49833614
2025-03-25,0.61860746
2025-03-26,0.61078894
2025-03-27,0.42098984
2025-03-28,0.44831946
2025-03-31,0.5499828
2025-04-01,0.36053237
2025-04-02,0.45302808
2025-04-03,0.37077042
2025-04-04,0.6520419
2025-04-07,0.41231063
2025-04-08,0.6033168
2025-04-09,0.44821447
2025-04-10,0.47312728
2025-04-11,0.28174117
2025-04-14,0.27951688
2025-04-15,0.32249814
2025-04-16,0.5372718
2025-04-17,0.5227533
2025-04-18,0.50845295
2025-04-21,0.5913336
2025-04-22,0.5628648
2025-04-23,0.57383865
2025-04-24,0.39705208
2025-04-25,0.47396645
2025-04-28,0.40872878
2025-04-29,0.29815257
2025-04-30,0.35449836
2025-05-01,0.4779969
2025-05-02,0.49609774
2025-05-05,0.41672763
2025-05-06,0.66252846
2025-05-07,0.5729892
2025-05-08,0.73825455
2025-05-09,0.6387593
2025-05-12,0.70333385
2025-05-13,0.5583014
2025-05-14,0.6324083
2025-05-15,0.23295775
2025-05-16,0.4984732
2025-05-19,0.43107954
2025-05-20,0.3555876
2025-05-21,0.5027596
2025-05-22,0.38822302
2025-05-23,0.70383716
2025-05-26,0.5815474
2025-05-27,0.39058736
2025-05-28,0.5661415
2025-05-29,0.577212
2025-05-30,0.4363706
2025-06-02,0.3359975
2025-06-03,0.5122917
2025-06-04,0.39799276
2025-06-05,0.6609839
2025-06-06,0.44418302
2025-06-09,0.6748382
2025-06-10,0.5961049
2025-06-11,0.46244276
2025-06-12,0.47800282
2025-06-13,0.5596068
2025-06-16,0.5486961
2025-06-17,0.5086542
2025-06-18,0.4147885
2025-06-19,0.53365296
2025-06-20,0.6574073
2025-06-23,0.43210903
2025-06-24,0.5556949
2025-06-25,0.553911
2025-06-26,0.68379104
2025-06-27,0.49954838
2025-06-30,0.39553502
2025-07-01,0.5885935
2025-07-02,0.4581039
2025-07-03,0.5392857
2025-07-04,0.5641728
2025-07-07,0.5705988
2025-07-08,0.46590582
2025-07-09,0.4917357
2025-07-10,0.53766894
2025-07-11,0.45999864
2025-07-14,0.518546
2025-07-15,0.41353628
2025-07-16,0.6341005
2025-07-17,0.59949154
2025-07-18,0.470947
2025-07-21,0.459313
2025-07-22,0.5007868
2025-07-23,0.6017367
2025-07-24,0.4694948
2025-07-25,0.60632527
2025-07-28,0.5148215
2025-07-29,0.5788491
2025-07-30,0.49402478
2025-07-31,0.4034122
2025-08-01,0.43055376
2025-08-04,0.56211567
2025-08-05,0.56073356
2025-08-06,0.5626763
2025-08-07,0.47616985
2025-08-08,0.5627405
2025-08-11,0.66820246
2025-08-12,0.58536685
2025-08-13,0.6410127
2025-08-14,0.5260494
2025-08-15,0.56586105
2025-08-18,0.5777035
2025-08-19,0.5277764
2025-08-20,0.47366998
2025-08-21,0.6511437
2025-08-22,0.4884516
2025-08-25,0.6018632
2025-08-26,0.5548434
2025-08-27,0.521101
2025-08-28,0.53775334
2025-08-29,0.6532412
2025-09-01,0.5191253
2025-09-02,0.6737219
2025-09-03,0.4107394
2025-09-04,0.69248474
2025-09-05,0.5536039
2025-09-08,0.4642967
2025-09-09,0.4972412
2025-09-10,0.31076875
2025-09-11,0.4637265
2025-09-12,0.5851587
2025-09-15,0.4666671
2025-09-16,0.6141269
2025-09-17,0.43972033
2025-09-18,0.5618121
2025-09-19,0.5543722
2025-09-22,0.52709883
2025-09-23,0.5202282
2025-09-24,0.4478043
2025-09-25,0.5386638
2025-09-26,0.44444323
2025-09-29,0.6241302
2025-09-30,0.4477424
2025-10-01,0.35447875
2025-10-02,0.5054576
2025-10-03,0.6267966
2025-10-06,0.52548575
2025-10-07,0.50980306
2025-10-08,0.3701822
2025-10-09,0.5192669
2025-10-10,0.5275384
2025-10-13,0.6964613
2025-10-14,0.5931254
2025-10-15,0.40978953
2025-10-16,0.59691924
2025-10-17,0.3314698
2025-10-20,0.31541008
2025-10-21,0.8520331
2025-10-22,0.6627924
2025-10-23,0.8019218
2025-10-24,0.49181148
2025-10-27,0.45730934
2025-10-28,0.53258103
2025-10-29,0.6158909
2025-10-30,0.26973596
2025-10-31,0.5351674
2025-11-03,0.54291797
2025-11-04,0.6329348
2025-11-05,0.45818868
2025-11-06,0.55785704
2025-11-07,0.4422482
