Date,GLD_lstm_pred
2015-01-01,0.00070859236
2015-01-02,0.00070847664
2015-01-05,0.0007079401
2015-01-06,0.0007063996
2015-01-07,0.0007056354
2015-01-08,0.00070690346
2015-01-09,0.0007076839
2015-01-12,0.00070662936
2015-01-13,0.0007058809
2015-01-14,0.0007068456
2015-01-15,0.0007073837
2015-01-16,0.00070495065
2015-01-19,0.00070442125
2015-01-20,0.0007054073
2015-01-21,0.0007046977
2015-01-22,0.00070561294
2015-01-23,0.00070547126
2015-01-26,0.00070707226
2015-01-27,0.00070848403
2015-01-28,0.0007072621
2015-01-29,0.0007083961
2015-01-30,0.00071067055
2015-02-02,0.00070771604
2015-02-03,0.0007087448
2015-02-04,0.0007097875
2015-02-05,0.0007089207
2015-02-06,0.0007085496
2015-02-09,0.00071118306
2015-02-10,0.00070993253
2015-02-11,0.00071010063
2015-02-12,0.00071083783
2015-02-13,0.0007098818
2015-02-16,0.0007088316
2015-02-17,0.00070861855
2015-02-18,0.00071022724
2015-02-19,0.0007093672
2015-02-20,0.0007093992
2015-02-23,0.00070965907
2015-02-24,0.0007091136
2015-02-25,0.0007089981
2015-02-26,0.0007083524
2015-02-27,0.000707941
2015-03-02,0.0007078855
2015-03-03,0.00070837635
2015-03-04,0.0007085062
2015-03-05,0.0007087459
2015-03-06,0.0007086978
2015-03-09,0.00071146083
2015-03-10,0.0007105198
2015-03-11,0.00071044447
2015-03-12,0.0007104848
2015-03-13,0.0007098938
2015-03-16,0.0007092631
2015-03-17,0.0007090074
2015-03-18,0.0007093265
2015-03-19,0.00070691237
2015-03-20,0.00070727145
2015-03-23,0.00070625456
2015-03-24,0.0007060497
2015-03-25,0.00070632074
2015-03-26,0.00070665
2015-03-27,0.00070636487
2015-03-30,0.0007072404
2015-03-31,0.00070872053
2015-04-01,0.00070870796
2015-04-02,0.00070680236
2015-04-03,0.00070747006
2015-04-06,0.00070766703
2015-04-07,0.0007065176
2015-04-08,0.000707485
2015-04-09,0.0007082624
2015-04-10,0.0007090004
2015-04-13,0.00070761354
2015-04-14,0.00070853386
2015-04-15,0.0007090961
2015-04-16,0.000707952
2015-04-17,0.0007083818
2015-04-20,0.00070779875
2015-04-21,0.0007086998
2015-04-22,0.00070795434
2015-04-23,0.000709437
2015-04-24,0.0007083414
2015-04-27,0.0007097911
2015-04-28,0.0007072371
2015-04-29,0.0007065495
2015-04-30,0.0007076881
2015-05-01,0.0007096773
2015-05-04,0.00070966996
2015-05-05,0.0007083454
2015-05-06,0.00070800574
2015-05-07,0.00070809387
2015-05-08,0.00070897746
2015-05-11,0.0007082524
2015-05-12,0.0007086413
2015-05-13,0.00070761074
2015-05-14,0.00070584705
2015-05-15,0.00070585555
2015-05-18,0.0007061209
2015-05-19,0.0007066644
2015-05-20,0.00070854387
2015-05-21,0.0007083155
2015-05-22,0.0007086759
2015-05-25,0.0007086629
2015-05-26,0.0007085571
2015-05-27,0.00071002176
2015-05-28,0.0007095808
2015-05-29,0.0007091106
2015-06-01,0.00070878956
2015-06-02,0.0007087071
2015-06-03,0.0007081232
2015-06-04,0.00070887647
2015-06-05,0.0007094285
2015-06-08,0.00070966245
2015-06-09,0.00070896256
2015-06-10,0.00070850935
2015-06-11,0.00070749584
2015-06-12,0.0007081288
2015-06-15,0.0007081483
2015-06-16,0.0007076779
2015-06-17,0.00070818345
2015-06-18,0.00070768176
2015-06-19,0.00070643955
2015-06-22,0.0007070648
2015-06-23,0.0007087133
2015-06-24,0.00070929626
2015-06-25,0.0007093175
2015-06-26,0.00070918474
2015-06-29,0.0007088201
2015-06-30,0.00070817163
2015-07-01,0.0007088175
2015-07-02,0.00070901116
2015-07-03,0.00070900033
2015-07-06,0.00070878206
2015-07-07,0.00070833013
2015-07-08,0.0007095056
2015-07-09,0.00070883613
2015-07-10,0.00070840097
2015-07-13,0.00070820283
2015-07-14,0.0007086533
2015-07-15,0.0007087577
2015-07-16,0.0007091556
2015-07-17,0.0007092812
2015-07-20,0.0007100647
2015-07-21,0.00071245537
2015-07-22,0.0007116912
2015-07-23,0.0007113553
2015-07-24,0.000710982
2015-07-27,0.0007091766
2015-07-28,0.00070934993
2015-07-29,0.0007088218
2015-07-30,0.0007084484
2015-07-31,0.0007092357
2015-08-03,0.000708254
2015-08-04,0.0007090416
2015-08-05,0.0007085808
2015-08-06,0.00070884346
2015-08-07,0.00070818426
2015-08-10,0.0007079011
2015-08-11,0.00070687
2015-08-12,0.000706647
2015-08-13,0.00070553954
2015-08-14,0.00070708746
2015-08-17,0.00070738763
2015-08-18,0.0007073444
2015-08-19,0.0007076071
2015-08-20,0.00070635544
2015-08-21,0.0007049981
2015-08-24,0.0007051619
2015-08-25,0.0007065267
2015-08-26,0.0007083016
2015-08-27,0.00070977275
2015-08-28,0.0007093672
2015-08-31,0.0007081524
2015-09-01,0.0007080631
2015-09-02,0.0007077257
2015-09-03,0.00070840627
2015-09-04,0.0007091108
2015-09-07,0.0007092233
2015-09-08,0.0007089598
2015-09-09,0.00070872734
2015-09-10,0.0007099464
2015-09-11,0.00070923736
2015-09-14,0.0007091762
2015-09-15,0.00070884137
2015-09-16,0.00070896937
2015-09-17,0.0007073294
2015-09-18,0.00070643076
2015-09-21,0.000706065
2015-09-22,0.0007072482
2015-09-23,0.0007082115
2015-09-24,0.0007078012
2015-09-25,0.0007056935
2015-09-28,0.0007069909
2015-09-29,0.0007086469
2015-09-30,0.000708987
2015-10-01,0.0007099157
2015-10-02,0.0007096288
2015-10-05,0.0007070276
2015-10-06,0.00070752937
2015-10-07,0.00070661394
2015-10-08,0.00070716173
2015-10-09,0.0007079599
2015-10-12,0.00070634496
2015-10-13,0.00070640456
2015-10-14,0.0007063422
2015-10-15,0.0007049767
2015-10-16,0.00070629874
2015-10-19,0.00070755486
2015-10-20,0.00070820533
2015-10-21,0.0007075786
2015-10-22,0.0007087143
2015-10-23,0.00070864504
2015-10-26,0.00070873724
2015-10-27,0.0007086822
2015-10-28,0.00070832676
2015-10-29,0.0007091481
2015-10-30,0.00070991536
2015-11-02,0.0007098761
2015-11-03,0.0007101284
2015-11-04,0.00071118836
2015-11-05,0.00071140454
2015-11-06,0.00071088964
2015-11-09,0.0007117042
2015-11-10,0.00071045186
2015-11-11,0.00071004074
2015-11-12,0.000709854
2015-11-13,0.0007093431
2015-11-16,0.00070928317
2015-11-17,0.0007087927
2015-11-18,0.00070998684
2015-11-19,0.0007093935
2015-11-20,0.00070788094
2015-11-23,0.0007084003
2015-11-24,0.0007091611
2015-11-25,0.00070818263
2015-11-26,0.0007086601
2015-11-27,0.0007085204
2015-11-30,0.0007096738
2015-12-01,0.0007085826
2015-12-02,0.00070809864
2015-12-03,0.0007097513
2015-12-04,0.0007082106
2015-12-07,0.0007058387
2015-12-08,0.00070778804
2015-12-09,0.00070769445
2015-12-10,0.0007080293
2015-12-11,0.00070816797
2015-12-14,0.0007076021
2015-12-15,0.000709115
2015-12-16,0.000709169
2015-12-17,0.00070764415
2015-12-18,0.000710102
2015-12-21,0.00070798455
2015-12-22,0.0007068821
2015-12-23,0.00070775
2015-12-24,0.00070815824
2015-12-25,0.00070739764
2015-12-28,0.0007076023
2015-12-29,0.00070855336
2015-12-30,0.00070853916
2015-12-31,0.000709272
2016-01-01,0.0007089587
2016-01-04,0.00070876116
2016-01-05,0.00070711575
2016-01-06,0.000707076
2016-01-07,0.0007058099
2016-01-08,0.0007049063
2016-01-11,0.0007062073
2016-01-12,0.0007076702
2016-01-13,0.0007083745
2016-01-14,0.0007078488
2016-01-15,0.0007096965
2016-01-18,0.0007082462
2016-01-19,0.0007082517
2016-01-20,0.00070834236
2016-01-21,0.0007068866
2016-01-22,0.00070709304
2016-01-25,0.0007078584
2016-01-26,0.0007068568
2016-01-27,0.0007059949
2016-01-28,0.0007061648
2016-01-29,0.0007078235
2016-02-01,0.00070753286
2016-02-02,0.0007066394
2016-02-03,0.00070701924
2016-02-04,0.0007061974
2016-02-05,0.0007054444
2016-02-08,0.00070448726
2016-02-09,0.00070403115
2016-02-10,0.0007053578
2016-02-11,0.0007053054
2016-02-12,0.0007018421
2016-02-15,0.0007041432
2016-02-16,0.0007052346
2016-02-17,0.0007092938
2016-02-18,0.000708457
2016-02-19,0.00070590625
2016-02-22,0.00070718647
2016-02-23,0.00070936466
2016-02-24,0.00070752174
2016-02-25,0.00070737826
2016-02-26,0.0007073247
2016-02-29,0.0007082876
2016-03-01,0.00070689066
2016-03-02,0.0007080142
2016-03-03,0.0007072464
2016-03-04,0.0007056658
2016-03-07,0.0007064799
2016-03-08,0.0007063938
2016-03-09,0.00070736493
2016-03-10,0.00070848264
2016-03-11,0.0007067341
2016-03-14,0.0007089612
2016-03-15,0.0007101548
2016-03-16,0.00070960924
2016-03-17,0.0007068988
2016-03-18,0.0007076221
2016-03-21,0.0007080408
2016-03-22,0.0007088202
2016-03-23,0.00070834596
2016-03-24,0.00071070675
2016-03-25,0.0007103209
2016-03-28,0.00070978084
2016-03-29,0.00070911023
2016-03-30,0.000706882
2016-03-31,0.000708658
2016-04-01,0.0007080108
2016-04-04,0.0007086792
2016-04-05,0.00070924556
2016-04-06,0.0007075897
2016-04-07,0.0007083815
2016-04-08,0.00070679793
2016-04-11,0.0007073056
2016-04-12,0.00070608844
2016-04-13,0.0007066047
2016-04-14,0.0007081389
2016-04-15,0.0007096543
2016-04-18,0.0007085784
2016-04-19,0.0007086659
2016-04-20,0.00070689217
2016-04-21,0.0007077657
2016-04-22,0.0007074658
2016-04-25,0.00070901157
2016-04-26,0.0007085025
2016-04-27,0.0007080081
2016-04-28,0.0007077533
2016-04-29,0.0007058542
2016-05-02,0.0007043792
2016-05-03,0.00070569466
2016-05-04,0.00070657633
2016-05-05,0.0007076684
2016-05-06,0.0007079647
2016-05-09,0.00070710346
2016-05-10,0.0007095923
2016-05-11,0.0007089764
2016-05-12,0.00070780993
2016-05-13,0.0007087538
2016-05-16,0.00070812885
2016-05-17,0.0007080682
2016-05-18,0.00070772634
2016-05-19,0.0007096801
2016-05-20,0.0007095027
2016-05-23,0.0007093166
2016-05-24,0.00070932315
2016-05-25,0.00071085786
2016-05-26,0.0007104513
2016-05-27,0.0007102161
2016-05-30,0.00071053766
2016-05-31,0.00070990116
2016-06-01,0.0007090183
2016-06-02,0.00070886716
2016-06-03,0.0007088907
2016-06-06,0.0007057213
2016-06-07,0.00070627546
2016-06-08,0.000706811
2016-06-09,0.0007055757
2016-06-10,0.00070565543
2016-06-13,0.0007058806
2016-06-14,0.0007057086
2016-06-15,0.0007062625
2016-06-16,0.0007060117
2016-06-17,0.0007077292
2016-06-20,0.0007065358
2016-06-21,0.0007076423
2016-06-22,0.0007098655
2016-06-23,0.0007094325
2016-06-24,0.00070984877
2016-06-27,0.00070424005
2016-06-28,0.0007046692
2016-06-29,0.00070667866
2016-06-30,0.0007066313
2016-07-01,0.0007065283
2016-07-04,0.00070535153
2016-07-05,0.0007061062
2016-07-06,0.00070579426
2016-07-07,0.00070582173
2016-07-08,0.00070686726
2016-07-11,0.00070661504
2016-07-12,0.00070806703
2016-07-13,0.0007099028
2016-07-14,0.00070854096
2016-07-15,0.0007093103
2016-07-18,0.00070944696
2016-07-19,0.0007089696
2016-07-20,0.00070862967
2016-07-21,0.00071002165
2016-07-22,0.00070792594
2016-07-25,0.00070875953
2016-07-26,0.00070932554
2016-07-27,0.0007085731
2016-07-28,0.00070674805
2016-07-29,0.000707396
2016-08-01,0.0007064749
2016-08-02,0.00070670474
2016-08-03,0.0007062163
2016-08-04,0.00070723094
2016-08-05,0.0007073125
2016-08-08,0.00070945633
2016-08-09,0.00070925767
2016-08-10,0.0007085869
2016-08-11,0.000708
2016-08-12,0.00070878374
2016-08-15,0.000708854
2016-08-16,0.00070831686
2016-08-17,0.00070775487
2016-08-18,0.00070783135
2016-08-19,0.00070740486
2016-08-22,0.0007085352
2016-08-23,0.00070860365
2016-08-24,0.0007085188
2016-08-25,0.00070961204
2016-08-26,0.00070934236
2016-08-29,0.00070919655
2016-08-30,0.0007087179
2016-08-31,0.0007096306
2016-09-01,0.00070945715
2016-09-02,0.00070868287
2016-09-05,0.0007074519
2016-09-06,0.00070760946
2016-09-07,0.000705934
2016-09-08,0.0007068507
2016-09-09,0.00070774293
2016-09-12,0.0007085635
2016-09-13,0.0007086196
2016-09-14,0.000709231
2016-09-15,0.00070861535
2016-09-16,0.00070919277
2016-09-19,0.0007091983
2016-09-20,0.0007087162
2016-09-21,0.0007084688
2016-09-22,0.00070683437
2016-09-23,0.0007069091
2016-09-26,0.0007071484
2016-09-27,0.0007074893
2016-09-28,0.00070844655
2016-09-29,0.0007087283
2016-09-30,0.0007087316
2016-10-03,0.0007089636
2016-10-04,0.0007090407
2016-10-05,0.00071250054
2016-10-06,0.0007115722
2016-10-07,0.0007116933
2016-10-10,0.0007107011
2016-10-11,0.0007096421
2016-10-12,0.00070974894
2016-10-13,0.000709117
2016-10-14,0.0007085646
2016-10-17,0.00070900423
2016-10-18,0.0007084631
2016-10-19,0.0007076981
2016-10-20,0.00070717663
2016-10-21,0.00070772774
2016-10-24,0.00070774695
2016-10-25,0.0007080904
2016-10-26,0.0007073155
2016-10-27,0.00070813444
2016-10-28,0.0007079579
2016-10-31,0.00070752593
2016-11-01,0.00070738664
2016-11-02,0.0007069139
2016-11-03,0.000706458
2016-11-04,0.00070634135
2016-11-07,0.00070674694
2016-11-08,0.0007090433
2016-11-09,0.0007093009
2016-11-10,0.0007091236
2016-11-11,0.0007104859
2016-11-14,0.00071225927
2016-11-15,0.00071212597
2016-11-16,0.0007101913
2016-11-17,0.0007099599
2016-11-18,0.00070999627
2016-11-21,0.0007104089
2016-11-22,0.00070939295
2016-11-23,0.0007090673
2016-11-24,0.0007108892
2016-11-25,0.00071015407
2016-11-28,0.00071021257
2016-11-29,0.0007085284
2016-11-30,0.00070888404
2016-12-01,0.00071007625
2016-12-02,0.00070975546
2016-12-05,0.0007087542
2016-12-06,0.0007091436
2016-12-07,0.0007089673
2016-12-08,0.00070835615
2016-12-09,0.0007085315
2016-12-12,0.0007095314
2016-12-13,0.00070876704
2016-12-14,0.00070895517
2016-12-15,0.000710294
2016-12-16,0.0007111936
2016-12-19,0.0007097144
2016-12-20,0.0007087696
2016-12-21,0.00070936064
2016-12-22,0.0007089639
2016-12-23,0.0007089862
2016-12-26,0.0007084137
2016-12-27,0.0007083222
2016-12-28,0.00070763944
2016-12-29,0.00070746295
2016-12-30,0.0007062331
2017-01-02,0.0007073696
2017-01-03,0.00070757285
2017-01-04,0.00070690754
2017-01-05,0.0007068711
2017-01-06,0.00070557307
2017-01-09,0.0007070381
2017-01-10,0.0007064766
2017-01-11,0.00070649356
2017-01-12,0.00070663024
2017-01-13,0.00070667977
2017-01-16,0.00070681894
2017-01-17,0.00070720294
2017-01-18,0.0007059683
2017-01-19,0.0007074648
2017-01-20,0.00070777314
2017-01-23,0.00070765876
2017-01-24,0.0007071448
2017-01-25,0.0007079115
2017-01-26,0.0007088775
2017-01-27,0.00070970797
2017-01-30,0.00070912926
2017-01-31,0.0007084526
2017-02-01,0.00070690876
2017-02-02,0.00070754095
2017-02-03,0.0007070985
2017-02-06,0.00070710765
2017-02-07,0.000705947
2017-02-08,0.00070673804
2017-02-09,0.000706457
2017-02-10,0.00070772687
2017-02-13,0.000707591
2017-02-14,0.0007084978
2017-02-15,0.0007083275
2017-02-16,0.00070784776
2017-02-17,0.0007073813
2017-02-20,0.0007079539
2017-02-21,0.0007080199
2017-02-22,0.00070801115
2017-02-23,0.00070792245
2017-02-24,0.0007070717
2017-02-27,0.00070668146
2017-02-28,0.00070757995
2017-03-01,0.0007076428
2017-03-02,0.0007079503
2017-03-03,0.0007093453
2017-03-06,0.0007091323
2017-03-07,0.0007096195
2017-03-08,0.000710115
2017-03-09,0.0007102818
2017-03-10,0.00071028416
2017-03-13,0.00070949807
2017-03-14,0.0007091161
2017-03-15,0.0007094132
2017-03-16,0.00070708117
2017-03-17,0.00070688484
2017-03-20,0.0007069395
2017-03-21,0.00070676114
2017-03-22,0.00070618436
2017-03-23,0.00070643454
2017-03-24,0.0007070312
2017-03-27,0.00070717605
2017-03-28,0.0007068652
2017-03-29,0.0007076656
2017-03-30,0.00070756924
2017-03-31,0.000708524
2017-04-03,0.0007082421
2017-04-04,0.0007076911
2017-04-05,0.00070759305
2017-04-06,0.0007077535
2017-04-07,0.00070826313
2017-04-10,0.00070800434
2017-04-11,0.0007080607
2017-04-12,0.0007065632
2017-04-13,0.0007062492
2017-04-14,0.0007062366
2017-04-17,0.00070674106
2017-04-18,0.0007074389
2017-04-19,0.00070715306
2017-04-20,0.0007083884
2017-04-21,0.0007081667
2017-04-24,0.00070789695
2017-04-25,0.00070870935
2017-04-26,0.000709666
2017-04-27,0.0007087838
2017-04-28,0.00070903514
2017-05-01,0.00070847804
2017-05-02,0.00070935895
2017-05-03,0.0007090648
2017-05-04,0.00071030983
2017-05-05,0.00071082514
2017-05-08,0.00070993905
2017-05-09,0.00070970313
2017-05-10,0.0007099123
2017-05-11,0.0007094405
2017-05-12,0.00070865906
2017-05-15,0.0007081944
2017-05-16,0.0007078684
2017-05-17,0.00070745026
2017-05-18,0.0007056808
2017-05-19,0.00070716423
2017-05-22,0.0007068853
2017-05-23,0.0007067829
2017-05-24,0.0007078283
2017-05-25,0.00070752105
2017-05-26,0.00070783234
2017-05-29,0.00070700265
2017-05-30,0.0007073251
2017-05-31,0.0007079121
2017-06-01,0.0007075806
2017-06-02,0.000707669
2017-06-05,0.00070703425
2017-06-06,0.0007072374
2017-06-07,0.00070629845
2017-06-08,0.00070735393
2017-06-09,0.0007082748
2017-06-12,0.0007092468
2017-06-13,0.00070916343
2017-06-14,0.00070883
2017-06-15,0.00070925226
2017-06-16,0.00070942414
2017-06-19,0.00070908567
2017-06-20,0.00070965313
2017-06-21,0.00070948794
2017-06-22,0.0007088322
2017-06-23,0.0007082846
2017-06-26,0.00070777326
2017-06-27,0.00070880004
2017-06-28,0.00070821977
2017-06-29,0.0007081174
2017-06-30,0.000708638
2017-07-03,0.0007087806
2017-07-04,0.00071035756
2017-07-05,0.00070979923
2017-07-06,0.0007089913
2017-07-07,0.00070881296
2017-07-10,0.0007097113
2017-07-11,0.0007091237
2017-07-12,0.0007087244
2017-07-13,0.0007081838
2017-07-14,0.00070834806
2017-07-17,0.0007074107
2017-07-18,0.0007071162
2017-07-19,0.0007066288
2017-07-20,0.00070704165
2017-07-21,0.00070718816
2017-07-24,0.00070653704
2017-07-25,0.000706929
2017-07-26,0.0007076126
2017-07-27,0.0007069274
2017-07-28,0.0007073553
2017-07-31,0.00070679357
2017-08-01,0.0007071229
2017-08-02,0.0007075044
2017-08-03,0.00070792367
2017-08-04,0.00070785056
2017-08-07,0.00070878933
2017-08-08,0.0007087807
2017-08-09,0.00070833694
2017-08-10,0.0007070228
2017-08-11,0.00070653076
2017-08-14,0.0007064413
2017-08-15,0.0007076372
2017-08-16,0.0007086062
2017-08-17,0.000707743
2017-08-18,0.00070733746
2017-08-21,0.0007077278
2017-08-22,0.0007074559
2017-08-23,0.0007081304
2017-08-24,0.0007077567
2017-08-25,0.0007082089
2017-08-28,0.00070782215
2017-08-29,0.0007062392
2017-08-30,0.0007069686
2017-08-31,0.0007073332
2017-09-01,0.0007063202
2017-09-04,0.00070661266
2017-09-05,0.0007070312
2017-09-06,0.00070617226
2017-09-07,0.0007072523
2017-09-08,0.00070641306
2017-09-11,0.00070703035
2017-09-12,0.00070883206
2017-09-13,0.000708396
2017-09-14,0.0007091748
2017-09-15,0.00070848176
2017-09-18,0.00070895185
2017-09-19,0.0007097488
2017-09-20,0.00070913206
2017-09-21,0.00070973736
2017-09-22,0.0007101357
2017-09-25,0.0007091388
2017-09-26,0.0007077593
2017-09-27,0.0007090175
2017-09-28,0.0007097724
2017-09-29,0.0007091477
2017-10-02,0.0007094302
2017-10-03,0.0007097955
2017-10-04,0.00070930755
2017-10-05,0.0007086985
2017-10-06,0.00070910377
2017-10-09,0.0007083376
2017-10-10,0.0007074067
2017-10-11,0.0007072977
2017-10-12,0.00070716284
2017-10-13,0.00070732273
2017-10-16,0.0007067365
2017-10-17,0.0007078386
2017-10-18,0.00070866063
2017-10-19,0.00070896035
2017-10-20,0.00070815586
2017-10-23,0.000708849
2017-10-24,0.00070851494
2017-10-25,0.0007088441
2017-10-26,0.0007086574
2017-10-27,0.00070942345
2017-10-30,0.0007085994
2017-10-31,0.000708284
2017-11-01,0.00070864445
2017-11-02,0.0007081243
2017-11-03,0.00070805737
2017-11-06,0.0007085741
2017-11-07,0.0007075583
2017-11-08,0.0007080939
2017-11-09,0.0007077406
2017-11-10,0.00070741534
2017-11-13,0.0007084765
2017-11-14,0.0007082486
2017-11-15,0.0007080232
2017-11-16,0.0007081996
2017-11-17,0.0007082056
2017-11-20,0.000706928
2017-11-21,0.0007085854
2017-11-22,0.00070830924
2017-11-23,0.00070730934
2017-11-24,0.00070753635
2017-11-27,0.0007079684
2017-11-28,0.00070758676
2017-11-29,0.00070776534
2017-11-30,0.0007085438
2017-12-01,0.0007092799
2017-12-04,0.0007085857
2017-12-05,0.00070884696
2017-12-06,0.00070942915
2017-12-07,0.0007093285
2017-12-08,0.00071042543
2017-12-11,0.00070985407
2017-12-12,0.0007098338
2017-12-13,0.00070926046
2017-12-14,0.000708038
2017-12-15,0.0007082504
2017-12-18,0.0007079709
2017-12-19,0.0007075103
2017-12-20,0.00070758
2017-12-21,0.0007074337
2017-12-22,0.0007074679
2017-12-25,0.0007070944
2017-12-26,0.0007073753
2017-12-27,0.0007068611
2017-12-28,0.0007068111
2017-12-29,0.0007066379
2018-01-01,0.0007063586
2018-01-02,0.00070684595
2018-01-03,0.0007059273
2018-01-04,0.0007068128
2018-01-05,0.00070665154
2018-01-08,0.00070719025
2018-01-09,0.00070749887
2018-01-10,0.0007082032
2018-01-11,0.00070797856
2018-01-12,0.0007077153
2018-01-15,0.0007065709
2018-01-16,0.0007069955
2018-01-17,0.00070713426
2018-01-18,0.0007082792
2018-01-19,0.0007085139
2018-01-22,0.00070798316
2018-01-23,0.0007078594
2018-01-24,0.0007074229
2018-01-25,0.00070633076
2018-01-26,0.00070751394
2018-01-29,0.000707608
2018-01-30,0.00070837
2018-01-31,0.00070879876
2018-02-01,0.0007079521
2018-02-02,0.00070767436
2018-02-05,0.00070919923
2018-02-06,0.0007086781
2018-02-07,0.00070967484
2018-02-08,0.00070979487
2018-02-09,0.00070922123
2018-02-12,0.0007091214
2018-02-13,0.0007083518
2018-02-14,0.0007076836
2018-02-15,0.000705976
2018-02-16,0.0007063891
2018-02-19,0.00070717424
2018-02-20,0.00070743356
2018-02-21,0.0007090652
2018-02-22,0.0007093486
2018-02-23,0.0007085381
2018-02-26,0.00070859474
2018-02-27,0.00070823095
2018-02-28,0.0007093238
2018-03-01,0.00070913864
2018-03-02,0.00070913014
2018-03-05,0.000708312
2018-03-06,0.0007084414
2018-03-07,0.0007072145
2018-03-08,0.00070812384
2018-03-09,0.0007083768
2018-03-12,0.000708223
2018-03-13,0.0007082104
2018-03-14,0.00070799724
2018-03-15,0.00070810673
2018-03-16,0.00070879905
2018-03-19,0.00070889894
2018-03-20,0.0007084896
2018-03-21,0.00070888735
2018-03-22,0.00070685026
2018-03-23,0.00070759834
2018-03-26,0.00070636056
2018-03-27,0.0007062639
2018-03-28,0.0007074069
2018-03-29,0.0007090818
2018-03-30,0.00070883
2018-04-02,0.0007086923
2018-04-03,0.00070733787
2018-04-04,0.0007083554
2018-04-05,0.0007081854
2018-04-06,0.0007087356
2018-04-09,0.00070810056
2018-04-10,0.00070776243
2018-04-11,0.0007076143
2018-04-12,0.00070692925
2018-04-13,0.0007084815
2018-04-16,0.0007077144
2018-04-17,0.0007076953
2018-04-18,0.00070772646
2018-04-19,0.0007077639
2018-04-20,0.00070808723
2018-04-23,0.0007089256
2018-04-24,0.0007095937
2018-04-25,0.0007087327
2018-04-26,0.0007092879
2018-04-27,0.0007093718
2018-04-30,0.00070861087
2018-05-01,0.00070925406
2018-05-02,0.0007097127
2018-05-03,0.0007093589
2018-05-04,0.0007085013
2018-05-07,0.00070817175
2018-05-08,0.0007081195
2018-05-09,0.00070809375
2018-05-10,0.00070831826
2018-05-11,0.00070754805
2018-05-14,0.00070785184
2018-05-15,0.0007083606
2018-05-16,0.0007100272
2018-05-17,0.00070972857
2018-05-18,0.00070928066
2018-05-21,0.0007089509
2018-05-22,0.00070867845
2018-05-23,0.00070859044
2018-05-24,0.00070835307
2018-05-25,0.0007073809
2018-05-28,0.0007078906
2018-05-29,0.0007079497
2018-05-30,0.0007080212
2018-05-31,0.0007079053
2018-06-01,0.0007082073
2018-06-04,0.00070872816
2018-06-05,0.00070869795
2018-06-06,0.000708155
2018-06-07,0.00070810085
2018-06-08,0.0007081671
2018-06-11,0.00070803793
2018-06-12,0.00070788315
2018-06-13,0.0007083128
2018-06-14,0.00070795993
2018-06-15,0.00070785446
2018-06-18,0.0007096911
2018-06-19,0.0007095125
2018-06-20,0.0007094533
2018-06-21,0.0007095998
2018-06-22,0.0007094112
2018-06-25,0.0007088254
2018-06-26,0.00070903474
2018-06-27,0.0007093488
2018-06-28,0.00070963334
2018-06-29,0.0007095648
2018-07-02,0.00070880476
2018-07-03,0.00070968235
2018-07-04,0.00070819585
2018-07-05,0.0007081653
2018-07-06,0.0007077803
2018-07-09,0.0007080272
2018-07-10,0.0007077896
2018-07-11,0.00070807576
2018-07-12,0.0007092469
2018-07-13,0.000708535
2018-07-16,0.00070891774
2018-07-17,0.0007087803
2018-07-18,0.0007097689
2018-07-19,0.00070933136
2018-07-20,0.0007094866
2018-07-23,0.0007084503
2018-07-24,0.0007088705
2018-07-25,0.000708634
2018-07-26,0.0007079139
2018-07-27,0.00070878846
2018-07-30,0.0007085601
2018-07-31,0.0007086195
2018-08-01,0.0007081827
2018-08-02,0.00070894824
2018-08-03,0.0007093133
2018-08-06,0.00070864934
2018-08-07,0.0007090651
2018-08-08,0.0007085851
2018-08-09,0.0007081741
2018-08-10,0.00070831494
2018-08-13,0.000708312
2018-08-14,0.00070986716
2018-08-15,0.0007093305
2018-08-16,0.00071079744
2018-08-17,0.0007102072
2018-08-20,0.0007086922
2018-08-21,0.000708002
2018-08-22,0.00070769683
2018-08-23,0.0007075493
2018-08-24,0.00070868764
2018-08-27,0.00070669124
2018-08-28,0.0007066641
2018-08-29,0.00070788123
2018-08-30,0.0007074772
2018-08-31,0.0007081919
2018-09-03,0.000708324
2018-09-04,0.0007083053
2018-09-05,0.0007088283
2018-09-06,0.0007083065
2018-09-07,0.0007080752
2018-09-10,0.0007083911
2018-09-11,0.00070841366
2018-09-12,0.00070828845
2018-09-13,0.000707372
2018-09-14,0.0007079543
2018-09-17,0.0007086955
2018-09-18,0.0007080134
2018-09-19,0.00070821866
2018-09-20,0.0007077968
2018-09-21,0.0007075331
2018-09-24,0.00070841797
2018-09-25,0.00070837844
2018-09-26,0.0007081689
2018-09-27,0.00070873526
2018-09-28,0.0007095357
2018-10-01,0.0007085232
2018-10-02,0.0007086139
2018-10-03,0.00070726854
2018-10-04,0.00070790667
2018-10-05,0.0007079065
2018-10-08,0.0007076742
2018-10-09,0.0007089768
2018-10-10,0.00070872094
2018-10-11,0.00070832577
2018-10-12,0.0007055631
2018-10-15,0.0007067264
2018-10-16,0.00070637674
2018-10-17,0.0007070293
2018-10-18,0.00070734904
2018-10-19,0.0007074682
2018-10-22,0.0007075973
2018-10-23,0.0007080478
2018-10-24,0.00070748414
2018-10-25,0.00070743926
2018-10-26,0.00070788275
2018-10-29,0.0007076375
2018-10-30,0.00070821145
2018-10-31,0.0007086821
2018-11-01,0.0007091669
2018-11-02,0.0007075657
2018-11-05,0.0007077082
2018-11-06,0.0007080795
2018-11-07,0.00070840586
2018-11-08,0.0007083612
2018-11-09,0.00070854335
2018-11-12,0.00070964464
2018-11-13,0.00071003323
2018-11-14,0.00070952676
2018-11-15,0.00070829905
2018-11-16,0.00070812745
2018-11-19,0.00070732814
2018-11-20,0.00070747687
2018-11-21,0.0007076373
2018-11-22,0.0007075939
2018-11-23,0.0007077437
2018-11-26,0.0007079411
2018-11-27,0.00070812996
2018-11-28,0.0007087865
2018-11-29,0.0007082472
2018-11-30,0.0007079057
2018-12-03,0.0007081602
2018-12-04,0.0007073673
2018-12-05,0.0007069287
2018-12-06,0.0007072463
2018-12-07,0.00070747046
2018-12-10,0.00070680474
2018-12-11,0.000707539
2018-12-12,0.00070784416
2018-12-13,0.00070772495
2018-12-14,0.0007080961
2018-12-17,0.00070855906
2018-12-18,0.0007077466
2018-12-19,0.0007076183
2018-12-20,0.00070841337
2018-12-21,0.0007067265
2018-12-24,0.00070756715
2018-12-25,0.0007065646
2018-12-26,0.00070698775
2018-12-27,0.00070762006
2018-12-28,0.0007069757
2018-12-31,0.00070687453
2019-01-01,0.00070705893
2019-01-02,0.0007073659
2019-01-03,0.00070752925
2019-01-04,0.0007067605
2019-01-07,0.00070800295
2019-01-08,0.0007077052
2019-01-09,0.0007081413
2019-01-10,0.00070749206
2019-01-11,0.00070831075
2019-01-14,0.00070810935
2019-01-15,0.00070788915
2019-01-16,0.00070815516
2019-01-17,0.0007078307
2019-01-18,0.0007080628
2019-01-21,0.00070904533
2019-01-22,0.00070883124
2019-01-23,0.00070829643
2019-01-24,0.00070841494
2019-01-25,0.00070851436
2019-01-28,0.0007068727
2019-01-29,0.0007068263
2019-01-30,0.00070656656
2019-01-31,0.0007063694
2019-02-01,0.0007067859
2019-02-04,0.000707372
2019-02-05,0.00070806383
2019-02-06,0.00070785155
2019-02-07,0.0007086809
2019-02-08,0.00070832105
2019-02-11,0.0007079027
2019-02-12,0.0007085047
2019-02-13,0.0007082063
2019-02-14,0.00070862577
2019-02-15,0.00070792245
2019-02-18,0.0007073581
2019-02-19,0.00070756325
2019-02-20,0.00070610194
2019-02-21,0.0007068169
2019-02-22,0.0007083672
2019-02-25,0.0007079554
2019-02-26,0.0007081478
2019-02-27,0.00070799596
2019-02-28,0.0007088089
2019-03-01,0.00070925715
2019-03-04,0.0007108008
2019-03-05,0.0007104223
2019-03-06,0.0007097128
2019-03-07,0.0007094018
2019-03-08,0.0007091476
2019-03-11,0.00070770545
2019-03-12,0.0007083089
2019-03-13,0.0007075988
2019-03-14,0.00070698245
2019-03-15,0.00070849154
2019-03-18,0.00070791726
2019-03-19,0.00070792704
2019-03-20,0.00070769637
2019-03-21,0.0007071343
2019-03-22,0.0007078323
2019-03-25,0.0007076772
2019-03-26,0.0007070045
2019-03-27,0.0007078404
2019-03-28,0.00070849434
2019-03-29,0.0007099351
2019-04-01,0.0007094159
2019-04-02,0.0007095334
2019-04-03,0.00070879475
2019-04-04,0.0007087845
2019-04-05,0.0007083426
2019-04-08,0.0007083934
2019-04-09,0.0007078603
2019-04-10,0.0007073705
2019-04-11,0.0007072333
2019-04-12,0.00070882327
2019-04-15,0.0007087641
2019-04-16,0.0007088253
2019-04-17,0.00070961524
2019-04-18,0.0007094524
2019-04-19,0.0007090476
2019-04-22,0.0007088147
2019-04-23,0.00070863374
2019-04-24,0.0007087196
2019-04-25,0.00070825504
2019-04-26,0.00070813263
2019-04-29,0.0007074232
2019-04-30,0.00070807384
2019-05-01,0.000707765
2019-05-02,0.000708569
2019-05-03,0.00070887565
2019-05-06,0.00070807623
2019-05-07,0.0007079625
2019-05-08,0.0007076611
2019-05-09,0.0007080517
2019-05-10,0.00070783135
2019-05-13,0.0007077221
2019-05-14,0.00070675847
2019-05-15,0.0007073063
2019-05-16,0.00070759427
2019-05-17,0.0007085197
2019-05-20,0.00070920243
2019-05-21,0.0007089715
2019-05-22,0.00070903066
2019-05-23,0.00070892303
2019-05-24,0.00070791045
2019-05-27,0.00070785434
2019-05-28,0.00070792396
2019-05-29,0.0007083905
2019-05-30,0.0007082992
2019-05-31,0.00070754945
2019-06-03,0.00070627633
2019-06-04,0.0007052235
2019-06-05,0.0007059378
2019-06-06,0.0007062465
2019-06-07,0.0007064191
2019-06-10,0.00070630526
2019-06-11,0.00070787704
2019-06-12,0.00070812594
2019-06-13,0.00070763734
2019-06-14,0.00070716545
2019-06-17,0.0007074852
2019-06-18,0.0007077516
2019-06-19,0.00070734776
2019-06-20,0.0007069385
2019-06-21,0.0007045982
2019-06-24,0.00070481945
2019-06-25,0.00070411304
2019-06-26,0.00070497545
2019-06-27,0.0007068092
2019-06-28,0.00070732576
2019-07-01,0.00070732686
2019-07-02,0.00070966064
2019-07-03,0.00070707564
2019-07-04,0.00070722896
2019-07-05,0.00070749206
2019-07-08,0.000708871
2019-07-09,0.00070940383
2019-07-10,0.00070874614
2019-07-11,0.0007069396
2019-07-12,0.0007081476
2019-07-15,0.0007074852
2019-07-16,0.00070766464
2019-07-17,0.0007086938
2019-07-18,0.0007068223
2019-07-19,0.00070567307
2019-07-22,0.00070787
2019-07-23,0.0007079708
2019-07-24,0.00070864963
2019-07-25,0.00070801604
2019-07-26,0.00070882734
2019-07-29,0.0007084992
2019-07-30,0.0007077252
2019-07-31,0.000707484
2019-08-01,0.0007090488
2019-08-02,0.0007062815
2019-08-05,0.0007071757
2019-08-06,0.00070594397
2019-08-07,0.0007056576
2019-08-08,0.00070469506
2019-08-09,0.0007050696
2019-08-12,0.0007062426
2019-08-13,0.0007057546
2019-08-14,0.0007070633
2019-08-15,0.0007066763
2019-08-16,0.00070641044
2019-08-19,0.0007075936
2019-08-20,0.0007090322
2019-08-21,0.0007080409
2019-08-22,0.00070845336
2019-08-23,0.000708679
2019-08-26,0.00070649217
2019-08-27,0.0007069144
2019-08-28,0.0007062198
2019-08-29,0.0007070286
2019-08-30,0.000708092
2019-09-02,0.0007084138
2019-09-03,0.00070838147
2019-09-04,0.000706876
2019-09-05,0.0007065563
2019-09-06,0.0007095195
2019-09-09,0.0007101001
2019-09-10,0.0007100344
2019-09-11,0.0007104851
2019-09-12,0.0007092528
2019-09-13,0.0007087454
2019-09-16,0.0007094514
2019-09-17,0.00070821506
2019-09-18,0.0007079678
2019-09-19,0.0007086586
2019-09-20,0.00070808537
2019-09-23,0.00070683716
2019-09-24,0.00070656894
2019-09-25,0.00070640305
2019-09-26,0.00070882106
2019-09-27,0.000708703
2019-09-30,0.00070914254
2019-10-01,0.00071056123
2019-10-02,0.00070938544
2019-10-03,0.0007078427
2019-10-04,0.0007074352
2019-10-07,0.0007076021
2019-10-08,0.0007086374
2019-10-09,0.0007075891
2019-10-10,0.00070764066
2019-10-11,0.0007086991
2019-10-14,0.00070915854
2019-10-15,0.000708492
2019-10-16,0.0007091544
2019-10-17,0.00070829585
2019-10-18,0.0007081091
2019-10-21,0.0007082264
2019-10-22,0.0007087098
2019-10-23,0.0007082572
2019-10-24,0.00070798676
2019-10-25,0.00070727366
2019-10-28,0.0007072503
2019-10-29,0.0007083963
2019-10-30,0.0007086383
2019-10-31,0.00070794846
2019-11-01,0.0007069527
2019-11-04,0.00070716813
2019-11-05,0.0007077323
2019-11-06,0.0007095699
2019-11-07,0.00070877885
2019-11-08,0.0007102921
2019-11-11,0.0007104373
2019-11-12,0.0007101202
2019-11-13,0.00070932973
2019-11-14,0.0007085861
2019-11-15,0.000708002
2019-11-18,0.00070827967
2019-11-19,0.00070791045
2019-11-20,0.0007079037
2019-11-21,0.0007079036
2019-11-22,0.00070854364
2019-11-25,0.00070864666
2019-11-26,0.0007090384
2019-11-27,0.00070830947
2019-11-28,0.0007088344
2019-11-29,0.00070865825
2019-12-02,0.00070787204
2019-12-03,0.0007079948
2019-12-04,0.0007070169
2019-12-05,0.00070744916
2019-12-06,0.0007075714
2019-12-09,0.00070878497
2019-12-10,0.00070867315
2019-12-11,0.0007082605
2019-12-12,0.0007075151
2019-12-13,0.0007080574
2019-12-16,0.0007076128
2019-12-17,0.0007077677
2019-12-18,0.0007078985
2019-12-19,0.0007079689
2019-12-20,0.0007077569
2019-12-23,0.00070776604
2019-12-24,0.0007075521
2019-12-25,0.0007067179
2019-12-26,0.00070709764
2019-12-27,0.00070654775
2019-12-30,0.00070701464
2019-12-31,0.0007071062
2020-01-01,0.0007072023
2020-01-02,0.0007074784
2020-01-03,0.00070690515
2020-01-06,0.00070585014
2020-01-07,0.00070535217
2020-01-08,0.0007056757
2020-01-09,0.0007071381
2020-01-10,0.00070804707
2020-01-13,0.0007074937
2020-01-14,0.0007085023
2020-01-15,0.0007085516
2020-01-16,0.0007078708
2020-01-17,0.00070813636
2020-01-20,0.0007079633
2020-01-21,0.00070802786
2020-01-22,0.00070795615
2020-01-23,0.00070798304
2020-01-24,0.0007077985
2020-01-27,0.00070728024
2020-01-28,0.0007067883
2020-01-29,0.00070809247
2020-01-30,0.00070754957
2020-01-31,0.0007077189
2020-02-03,0.0007072328
2020-02-04,0.0007081746
2020-02-05,0.0007095691
2020-02-06,0.00070910715
2020-02-07,0.00070831744
2020-02-10,0.0007080025
2020-02-11,0.0007077693
2020-02-12,0.0007082316
2020-02-13,0.00070829934
2020-02-14,0.0007076654
2020-02-17,0.00070735184
2020-02-18,0.00070755975
2020-02-19,0.00070635835
2020-02-20,0.000706208
2020-02-21,0.0007062818
2020-02-24,0.0007051855
2020-02-25,0.0007050168
2020-02-26,0.0007077474
2020-02-27,0.0007074377
2020-02-28,0.0007076639
2020-03-02,0.0007117101
2020-03-03,0.0007102751
2020-03-04,0.00070644997
2020-03-05,0.0007067045
2020-03-06,0.0007047662
2020-03-09,0.0007055859
2020-03-10,0.00070607115
2020-03-11,0.0007088704
2020-03-12,0.0007091136
2020-03-13,0.00071315316
2020-03-16,0.0007148346
2020-03-17,0.00071454595
2020-03-18,0.0007115505
2020-03-19,0.0007127488
2020-03-20,0.00071350374
2020-03-23,0.0007104707
2020-03-24,0.0007050986
2020-03-25,0.00070061465
2020-03-26,0.00070387457
2020-03-27,0.0007035367
2020-03-30,0.00070541113
2020-03-31,0.00070568227
2020-04-01,0.0007097514
2020-04-02,0.0007084229
2020-04-03,0.0007066955
2020-04-06,0.0007065943
2020-04-07,0.00070408545
2020-04-08,0.0007057262
2020-04-09,0.00070732384
2020-04-10,0.0007048278
2020-04-13,0.0007057397
2020-04-14,0.00070458633
2020-04-15,0.0007047159
2020-04-16,0.0007061946
2020-04-17,0.000706859
2020-04-20,0.00070932484
2020-04-21,0.00070834265
2020-04-22,0.0007090811
2020-04-23,0.0007068073
2020-04-24,0.00070612365
2020-04-27,0.00070711
2020-04-28,0.000708099
2020-04-29,0.00070862315
2020-04-30,0.0007079496
2020-05-01,0.00070994743
2020-05-04,0.0007088572
2020-05-05,0.00070832134
2020-05-06,0.0007078321
2020-05-07,0.0007092758
2020-05-08,0.00070735667
2020-05-11,0.0007081996
2020-05-12,0.0007088413
2020-05-13,0.00070825795
2020-05-14,0.00070721755
2020-05-15,0.00070651685
2020-05-18,0.0007063364
2020-05-19,0.0007076053
2020-05-20,0.00070674036
2020-05-21,0.0007068731
2020-05-22,0.00070876937
2020-05-25,0.00070802
2020-05-26,0.0007080928
2020-05-27,0.00070964213
2020-05-28,0.00070909556
2020-05-29,0.000708525
2020-06-01,0.0007076552
2020-06-02,0.00070729066
2020-06-03,0.00070819166
2020-06-04,0.00071014283
2020-06-05,0.0007085312
2020-06-08,0.0007105986
2020-06-09,0.0007088298
2020-06-10,0.00070763315
2020-06-11,0.00070622505
2020-06-12,0.0007074584
2020-06-15,0.00070747297
2020-06-16,0.0007078448
2020-06-17,0.00070798805
2020-06-18,0.0007078453
2020-06-19,0.00070815324
2020-06-22,0.0007069989
2020-06-23,0.0007066227
2020-06-24,0.0007061327
2020-06-25,0.00070703245
2020-06-26,0.00070740556
2020-06-29,0.0007071565
2020-06-30,0.00070738833
2020-07-01,0.000707147
2020-07-02,0.0007079153
2020-07-03,0.0007077775
2020-07-06,0.0007079101
2020-07-07,0.000707363
2020-07-08,0.0007069173
2020-07-09,0.0007065901
2020-07-10,0.00070729613
2020-07-13,0.00070781435
2020-07-14,0.0007078018
2020-07-15,0.0007074292
2020-07-16,0.0007075475
2020-07-17,0.00070872874
2020-07-20,0.00070773304
2020-07-21,0.00070735306
2020-07-22,0.0007062918
2020-07-23,0.0007051663
2020-07-24,0.0007050037
2020-07-27,0.0007049157
2020-07-28,0.00070368015
2020-07-29,0.00070398126
2020-07-30,0.0007043046
2020-07-31,0.0007061436
2020-08-03,0.0007057793
2020-08-04,0.0007063578
2020-08-05,0.00070464256
2020-08-06,0.0007046302
2020-08-07,0.00070418854
2020-08-10,0.0007069576
2020-08-11,0.0007077116
2020-08-12,0.0007135352
2020-08-13,0.0007128098
2020-08-14,0.00070920045
2020-08-17,0.00070940785
2020-08-18,0.00070676376
2020-08-19,0.00070613134
2020-08-20,0.0007099561
2020-08-21,0.0007087524
2020-08-24,0.0007094589
2020-08-25,0.0007097224
2020-08-26,0.0007091916
2020-08-27,0.00070766563
2020-08-28,0.00070900045
2020-08-31,0.0007069216
2020-09-01,0.0007069724
2020-09-02,0.0007071299
2020-09-03,0.00070878206
2020-09-04,0.00070949324
2020-09-07,0.0007088857
2020-09-08,0.00070871646
2020-09-09,0.00070879154
2020-09-10,0.0007076003
2020-09-11,0.00070807524
2020-09-14,0.00070809555
2020-09-15,0.00070727064
2020-09-16,0.0007077501
2020-09-17,0.0007075615
2020-09-18,0.00070830446
2020-09-21,0.0007081424
2020-09-22,0.0007102938
2020-09-23,0.00071028114
2020-09-24,0.0007120475
2020-09-25,0.00071067037
2020-09-28,0.0007103215
2020-09-29,0.0007086703
2020-09-30,0.0007076018
2020-10-01,0.0007083331
2020-10-02,0.000707304
2020-10-05,0.00070759107
2020-10-06,0.0007072001
2020-10-07,0.0007086856
2020-10-08,0.0007086012
2020-10-09,0.0007081254
2020-10-12,0.00070621516
2020-10-13,0.00070701505
2020-10-14,0.00070897624
2020-10-15,0.0007084593
2020-10-16,0.0007080235
2020-10-19,0.0007084406
2020-10-20,0.0007083299
2020-10-21,0.0007077867
2020-10-22,0.00070709275
2020-10-23,0.00070840615
2020-10-26,0.00070846354
2020-10-27,0.00070845336
2020-10-28,0.0007081097
2020-10-29,0.0007098434
2020-10-30,0.00070986117
2020-11-02,0.0007089548
2020-11-03,0.000707719
2020-11-04,0.00070721563
2020-11-05,0.00070749695
2020-11-06,0.0007052159
2020-11-09,0.0007058087
2020-11-10,0.0007111022
2020-11-11,0.000710038
2020-11-12,0.0007100659
2020-11-13,0.00070895534
2020-11-16,0.00070803065
2020-11-17,0.00070805533
2020-11-18,0.00070845394
2020-11-19,0.00070897513
2020-11-20,0.00070896535
2020-11-23,0.0007084376
2020-11-24,0.00071044965
2020-11-25,0.00071148726
2020-11-26,0.0007106945
2020-11-27,0.00071003824
2020-11-30,0.0007106044
2020-12-01,0.00071065023
2020-12-02,0.00070774223
2020-12-03,0.000707003
2020-12-04,0.0007064024
2020-12-07,0.00070711056
2020-12-08,0.000705783
2020-12-09,0.00070601574
2020-12-10,0.00070838165
2020-12-11,0.0007085541
2020-12-14,0.000708296
2020-12-15,0.0007088772
2020-12-16,0.0007072345
2020-12-17,0.000706902
2020-12-18,0.0007061122
2020-12-21,0.00070682244
2020-12-22,0.0007075192
2020-12-23,0.0007085521
2020-12-24,0.00070778193
2020-12-25,0.00070748734
2020-12-28,0.00070768147
2020-12-29,0.0007082084
2020-12-30,0.00070782675
2020-12-31,0.000707118
2021-01-01,0.000707002
2021-01-04,0.00070730987
2021-01-05,0.00070517923
2021-01-06,0.0007056427
2021-01-07,0.0007080275
2021-01-08,0.00070834823
2021-01-11,0.00071197835
2021-01-12,0.0007112652
2021-01-13,0.00070982636
2021-01-14,0.00070986175
2021-01-15,0.0007094628
2021-01-18,0.0007104218
2021-01-19,0.0007098186
2021-01-20,0.00070847076
2021-01-21,0.00070662535
2021-01-22,0.00070703943
2021-01-25,0.0007081251
2021-01-26,0.0007080313
2021-01-27,0.00070832786
2021-01-28,0.000708961
2021-01-29,0.0007086667
2021-02-01,0.00070858875
2021-02-02,0.0007074824
2021-02-03,0.00070894323
2021-02-04,0.00070890546
2021-02-05,0.0007110062
2021-02-08,0.0007092467
2021-02-09,0.00070790324
2021-02-10,0.0007076003
2021-02-11,0.0007073308
2021-02-12,0.0007084468
2021-02-15,0.0007086926
2021-02-16,0.0007085622
2021-02-17,0.00070998503
2021-02-18,0.00071072613
2021-02-19,0.0007100855
2021-02-22,0.00070915127
2021-02-23,0.000707289
2021-02-24,0.00070772326
2021-02-25,0.00070787943
2021-02-26,0.00070993055
2021-03-01,0.0007120417
2021-03-02,0.0007112454
2021-03-03,0.00070988387
2021-03-04,0.0007105875
2021-03-05,0.0007109773
2021-03-08,0.0007101541
2021-03-09,0.0007107013
2021-03-10,0.00070774805
2021-03-11,0.0007072596
2021-03-12,0.0007075236
2021-03-15,0.0007076659
2021-03-16,0.0007073042
2021-03-17,0.0007074174
2021-03-18,0.0007068491
2021-03-19,0.0007078055
2021-03-22,0.0007074639
2021-03-23,0.0007078156
2021-03-24,0.0007086985
2021-03-25,0.00070821826
2021-03-26,0.00070861453
2021-03-29,0.00070821634
2021-03-30,0.00070947583
2021-03-31,0.00071096147
2021-04-01,0.0007086534
2021-04-02,0.0007071898
2021-04-05,0.00070741406
2021-04-06,0.0007076233
2021-04-07,0.0007068962
2021-04-08,0.0007075154
2021-04-09,0.00070654374
2021-04-12,0.00070776785
2021-04-13,0.0007085265
2021-04-14,0.000707709
2021-04-15,0.00070830854
2021-04-16,0.0007065748
2021-04-19,0.0007063518
2021-04-20,0.0007071149
2021-04-21,0.0007070237
2021-04-22,0.0007062891
2021-04-23,0.00070748193
2021-04-26,0.00070809113
2021-04-27,0.0007078694
2021-04-28,0.0007082492
2021-04-29,0.0007079404
2021-04-30,0.000708457
2021-05-03,0.00070875796
2021-05-04,0.0007072469
2021-05-05,0.00070826604
2021-05-06,0.0007078047
2021-05-07,0.0007061343
2021-05-10,0.00070570235
2021-05-11,0.00070601184
2021-05-12,0.00070655596
2021-05-13,0.00070805015
2021-05-14,0.00070768234
2021-05-17,0.0007068816
2021-05-18,0.0007060076
2021-05-19,0.00070637633
2021-05-20,0.000706785
2021-05-21,0.0007066895
2021-05-24,0.00070705794
2021-05-25,0.0007071929
2021-05-26,0.0007065196
2021-05-27,0.00070716074
2021-05-28,0.00070741057
2021-05-31,0.00070724206
2021-06-01,0.0007075111
2021-06-02,0.00070799707
2021-06-03,0.0007075526
2021-06-04,0.0007098108
2021-06-07,0.0007082734
2021-06-08,0.0007078454
2021-06-09,0.0007082609
2021-06-10,0.00070844573
2021-06-11,0.00070792454
2021-06-14,0.0007091821
2021-06-15,0.0007095468
2021-06-16,0.0007096034
2021-06-17,0.00071103
2021-06-18,0.0007135555
2021-06-21,0.0007127688
2021-06-22,0.00071027945
2021-06-23,0.0007101316
2021-06-24,0.0007096288
2021-06-25,0.0007092511
2021-06-28,0.0007085582
2021-06-29,0.0007084067
2021-06-30,0.00070941035
2021-07-01,0.00070854183
2021-07-02,0.00070805824
2021-07-05,0.00070736074
2021-07-06,0.00070754235
2021-07-07,0.00070716016
2021-07-08,0.00070700824
2021-07-09,0.0007073734
2021-07-12,0.00070723507
2021-07-13,0.00070762204
2021-07-14,0.0007076433
2021-07-15,0.00070666143
2021-07-16,0.0007070519
2021-07-19,0.00070838456
2021-07-20,0.000708229
2021-07-21,0.0007083818
2021-07-22,0.00070874416
2021-07-23,0.00070840784
2021-07-26,0.00070869096
2021-07-27,0.0007088156
2021-07-28,0.00070847996
2021-07-29,0.0007078641
2021-07-30,0.0007067573
2021-08-02,0.0007079437
2021-08-03,0.00070812873
2021-08-04,0.0007082225
2021-08-05,0.00070819346
2021-08-06,0.00070861576
2021-08-09,0.0007111597
2021-08-10,0.0007122924
2021-08-11,0.00071122375
2021-08-12,0.0007089735
2021-08-13,0.00070870505
2021-08-16,0.00070699846
2021-08-17,0.00070671976
2021-08-18,0.00070720626
2021-08-19,0.0007073474
2021-08-20,0.00070786284
2021-08-23,0.00070788997
2021-08-24,0.00070668187
2021-08-25,0.0007071216
2021-08-26,0.0007081335
2021-08-27,0.000708041
2021-08-30,0.00070650526
2021-08-31,0.0007074703
2021-09-01,0.0007074493
2021-09-02,0.00070764933
2021-09-03,0.0007080867
2021-09-06,0.0007070011
2021-09-07,0.00070732215
2021-09-08,0.0007096298
2021-09-09,0.0007095453
2021-09-10,0.00070875295
2021-09-13,0.00070914894
2021-09-14,0.0007085422
2021-09-15,0.00070775946
2021-09-16,0.00070847385
2021-09-17,0.000710787
2021-09-20,0.0007102897
2021-09-21,0.000708992
2021-09-22,0.0007080581
2021-09-23,0.00070845435
2021-09-24,0.00070957857
2021-09-27,0.00070933695
2021-09-28,0.0007088081
2021-09-29,0.00070965814
2021-09-30,0.0007097383
2021-10-01,0.0007074164
2021-10-04,0.0007073435
2021-10-05,0.0007070269
2021-10-06,0.0007077971
2021-10-07,0.0007076028
2021-10-08,0.00070831075
2021-10-11,0.0007082394
2021-10-12,0.000708434
2021-10-13,0.00070789683
2021-10-14,0.00070608675
2021-10-15,0.00070636277
2021-10-18,0.00070850935
2021-10-19,0.0007087034
2021-10-20,0.0007082558
2021-10-21,0.0007073263
2021-10-22,0.00070764957
2021-10-25,0.00070714054
2021-10-26,0.0007066795
2021-10-27,0.000707856
2021-10-28,0.0007076746
2021-10-29,0.0007078468
2021-11-01,0.00070885196
2021-11-02,0.0007081454
2021-11-03,0.0007083997
2021-11-04,0.0007092328
2021-11-05,0.00070776994
2021-11-08,0.0007064908
2021-11-09,0.0007065309
2021-11-10,0.0007064201
2021-11-11,0.0007057182
2021-11-12,0.0007057637
2021-11-15,0.00070620136
2021-11-16,0.00070690206
2021-11-17,0.0007080361
2021-11-18,0.0007071495
2021-11-19,0.0007077968
2021-11-22,0.0007087382
2021-11-23,0.0007110065
2021-11-24,0.00071123976
2021-11-25,0.00071058696
2021-11-26,0.0007099735
2021-11-29,0.0007096664
2021-11-30,0.00070939766
2021-12-01,0.0007097608
2021-12-02,0.00070889696
2021-12-03,0.00070926093
2021-12-06,0.0007080515
2021-12-07,0.00070830906
2021-12-08,0.0007078645
2021-12-09,0.0007078611
2021-12-10,0.0007085706
2021-12-13,0.0007080132
2021-12-14,0.00070778414
2021-12-15,0.00070887106
2021-12-16,0.00070823706
2021-12-17,0.0007069423
2021-12-20,0.00070748106
2021-12-21,0.00070810673
2021-12-22,0.00070817745
2021-12-23,0.00070719153
2021-12-24,0.0007072113
2021-12-27,0.0007074622
2021-12-28,0.00070740376
2021-12-29,0.0007080736
2021-12-30,0.00070814777
2021-12-31,0.00070741394
2022-01-03,0.00070689624
2022-01-04,0.00070886326
2022-01-05,0.00070792076
2022-01-06,0.00070832524
2022-01-07,0.0007095978
2022-01-10,0.0007087651
2022-01-11,0.0007083013
2022-01-12,0.0007069868
2022-01-13,0.00070699846
2022-01-14,0.00070764596
2022-01-17,0.0007080876
2022-01-18,0.0007081214
2022-01-19,0.00070832326
2022-01-20,0.0007066103
2022-01-21,0.00070728036
2022-01-24,0.0007078572
2022-01-25,0.0007073693
2022-01-26,0.0007072533
2022-01-27,0.0007092172
2022-01-28,0.0007103386
2022-01-31,0.00071012956
2022-02-01,0.0007090213
2022-02-02,0.0007087115
2022-02-03,0.00070817216
2022-02-04,0.0007083046
2022-02-07,0.00070808723
2022-02-08,0.0007073087
2022-02-09,0.0007071898
2022-02-10,0.0007070695
2022-02-11,0.00070775265
2022-02-14,0.0007058457
2022-02-15,0.0007058825
2022-02-16,0.00070748315
2022-02-17,0.00070659036
2022-02-18,0.00070557935
2022-02-21,0.00070634764
2022-02-22,0.00070684374
2022-02-23,0.0007070033
2022-02-24,0.0007068716
2022-02-25,0.00070793275
2022-02-28,0.0007083895
2022-03-01,0.00070727576
2022-03-02,0.0007056087
2022-03-03,0.0007073828
2022-03-04,0.00070697156
2022-03-07,0.00070561934
2022-03-08,0.00070471835
2022-03-09,0.00070271845
2022-03-10,0.0007072883
2022-03-11,0.00070723245
2022-03-14,0.0007082934
2022-03-15,0.000709929
2022-03-16,0.0007115297
2022-03-17,0.0007100612
2022-03-18,0.00070908613
2022-03-21,0.00070977985
2022-03-22,0.00070854207
2022-03-23,0.00070919516
2022-03-24,0.0007074575
2022-03-25,0.00070684537
2022-03-28,0.00070758973
2022-03-29,0.00070965063
2022-03-30,0.0007092263
2022-03-31,0.0007081163
2022-04-01,0.0007080849
2022-04-04,0.00070876925
2022-04-05,0.0007080949
2022-04-06,0.0007087716
2022-04-07,0.00070837094
2022-04-08,0.0007079165
2022-04-11,0.00070731237
2022-04-12,0.0007070012
2022-04-13,0.00070648396
2022-04-14,0.00070640637
2022-04-15,0.0007072141
2022-04-18,0.00070747896
2022-04-19,0.00070735416
2022-04-20,0.00070919545
2022-04-21,0.00070844346
2022-04-22,0.00070878037
2022-04-25,0.0007096734
2022-04-26,0.00071121275
2022-04-27,0.0007102872
2022-04-28,0.00071054744
2022-04-29,0.00070934894
2022-05-02,0.0007090309
2022-05-03,0.0007107365
2022-05-04,0.0007097685
2022-05-05,0.00070828886
2022-05-06,0.0007086204
2022-05-09,0.0007082866
2022-05-10,0.0007097601
2022-05-11,0.0007102272
2022-05-12,0.0007088233
2022-05-13,0.00071026414
2022-05-16,0.0007105655
2022-05-17,0.0007089235
2022-05-18,0.0007093711
2022-05-19,0.0007089705
2022-05-20,0.0007071755
2022-05-23,0.0007073222
2022-05-24,0.00070701557
2022-05-25,0.0007064943
2022-05-26,0.000707555
2022-05-27,0.00070791156
2022-05-30,0.00070794043
2022-05-31,0.00070802215
2022-06-01,0.0007091269
2022-06-02,0.0007082243
2022-06-03,0.0007069208
2022-06-06,0.0007083183
2022-06-07,0.0007087528
2022-06-08,0.0007079276
2022-06-09,0.0007080952
2022-06-10,0.0007084574
2022-06-13,0.00070696755
2022-06-14,0.0007100757
2022-06-15,0.0007104453
2022-06-16,0.00070849835
2022-06-17,0.0007072182
2022-06-20,0.00070831255
2022-06-21,0.0007082583
2022-06-22,0.00070862623
2022-06-23,0.0007080858
2022-06-24,0.00070875586
2022-06-27,0.0007087097
2022-06-28,0.0007086911
2022-06-29,0.00070873235
2022-06-30,0.00070866494
2022-07-01,0.0007091755
2022-07-04,0.0007090032
2022-07-05,0.0007087853
2022-07-06,0.0007108658
2022-07-07,0.000711851
2022-07-08,0.0007108512
2022-07-11,0.0007101005
2022-07-12,0.00071014155
2022-07-13,0.000709987
2022-07-14,0.00070896593
2022-07-15,0.00071020116
2022-07-18,0.0007098516
2022-07-19,0.0007092856
2022-07-20,0.00070870784
2022-07-21,0.0007095255
2022-07-22,0.0007076479
2022-07-25,0.0007074851
2022-07-26,0.0007079167
2022-07-27,0.0007080874
2022-07-28,0.0007070202
2022-07-29,0.00070601737
2022-08-01,0.0007062635
2022-08-02,0.0007061522
2022-08-03,0.00070731825
2022-08-04,0.0007073088
2022-08-05,0.0007058112
2022-08-08,0.00070763764
2022-08-09,0.00070690725
2022-08-10,0.0007069458
2022-08-11,0.00070755696
2022-08-12,0.0007080302
2022-08-15,0.0007071264
2022-08-16,0.0007087872
2022-08-17,0.0007088409
2022-08-18,0.0007093863
2022-08-19,0.0007093707
2022-08-22,0.00070985185
2022-08-23,0.00071012956
2022-08-24,0.00070888404
2022-08-25,0.00070837117
2022-08-26,0.00070796546
2022-08-29,0.00070927956
2022-08-30,0.000708912
2022-08-31,0.0007095984
2022-09-01,0.0007100411
2022-09-02,0.000710483
2022-09-05,0.0007089473
2022-09-06,0.00070872385
2022-09-07,0.00070916704
2022-09-08,0.00070780504
2022-09-09,0.00070850865
2022-09-12,0.00070783455
2022-09-13,0.0007073686
2022-09-14,0.0007089387
2022-09-15,0.00070914713
2022-09-16,0.0007108853
2022-09-19,0.0007096115
2022-09-20,0.00070916256
2022-09-21,0.00070949394
2022-09-22,0.00070864
2022-09-23,0.00070855644
2022-09-26,0.00071026495
2022-09-27,0.000710946
2022-09-28,0.0007100114
2022-09-29,0.00070731656
2022-09-30,0.000707517
2022-10-03,0.0007076305
2022-10-04,0.00070516136
2022-10-05,0.00070439035
2022-10-06,0.00070592505
2022-10-07,0.00070662866
2022-10-10,0.0007082214
2022-10-11,0.00070986914
2022-10-12,0.00070971163
2022-10-13,0.0007087964
2022-10-14,0.0007093955
2022-10-17,0.0007104094
2022-10-18,0.00070953683
2022-10-19,0.0007089558
2022-10-20,0.000710155
2022-10-21,0.0007097947
2022-10-24,0.0007074716
2022-10-25,0.00070796337
2022-10-26,0.0007077371
2022-10-27,0.00070714625
2022-10-28,0.0007075558
2022-10-31,0.00070878764
2022-11-01,0.0007094972
2022-11-02,0.0007080872
2022-11-03,0.0007088549
2022-11-04,0.000709081
2022-11-07,0.0007055935
2022-11-08,0.00070666434
2022-11-09,0.0007045813
2022-11-10,0.0007060304
2022-11-11,0.0007033578
2022-11-14,0.0007039168
2022-11-15,0.0007048028
2022-11-16,0.0007053472
2022-11-17,0.00070638827
2022-11-18,0.00070769584
2022-11-21,0.00070862955
2022-11-22,0.0007091854
2022-11-23,0.00070886716
2022-11-24,0.0007080732
2022-11-25,0.00070812326
2022-11-28,0.0007080582
2022-11-29,0.0007089352
2022-11-30,0.00070822256
2022-12-01,0.0007068609
2022-12-02,0.00070524093
2022-12-05,0.00070634077
2022-12-06,0.000708629
2022-12-07,0.0007082448
2022-12-08,0.00070730376
2022-12-09,0.00070745323
2022-12-12,0.0007072752
2022-12-13,0.0007083972
2022-12-14,0.0007065472
2022-12-15,0.00070723955
2022-12-16,0.0007092256
2022-12-19,0.00070805935
2022-12-20,0.0007084138
2022-12-21,0.00070660346
2022-12-22,0.00070718484
2022-12-23,0.0007087202
2022-12-26,0.00070827786
2022-12-27,0.0007082724
2022-12-28,0.0007073633
2022-12-29,0.0007080517
2022-12-30,0.00070748985
2023-01-02,0.00070717686
2023-01-03,0.0007074401
2023-01-04,0.0007067478
2023-01-05,0.0007061239
2023-01-06,0.0007079794
2023-01-09,0.0007060648
2023-01-10,0.0007063948
2023-01-11,0.0007064765
2023-01-12,0.0007070125
2023-01-13,0.0007061195
2023-01-16,0.0007054053
2023-01-17,0.0007061442
2023-01-18,0.0007073906
2023-01-19,0.00070794474
2023-01-20,0.0007063753
2023-01-23,0.00070723053
2023-01-24,0.00070730265
2023-01-25,0.0007071764
2023-01-26,0.0007069765
2023-01-27,0.000708271
2023-01-30,0.00070842396
2023-01-31,0.0007086654
2023-02-01,0.0007081779
2023-02-02,0.00070685503
2023-02-03,0.00070939964
2023-02-06,0.00071173767
2023-02-07,0.00071063224
2023-02-08,0.0007099187
2023-02-09,0.0007091949
2023-02-10,0.0007097405
2023-02-13,0.000709102
2023-02-14,0.0007093709
2023-02-15,0.0007089526
2023-02-16,0.00070978
2023-02-17,0.0007094258
2023-02-20,0.00070876523
2023-02-21,0.0007085844
2023-02-22,0.00070884486
2023-02-23,0.0007092444
2023-02-24,0.0007090102
2023-02-27,0.0007095432
2023-02-28,0.0007087611
2023-03-01,0.0007081092
2023-03-02,0.00070748717
2023-03-03,0.0007077048
2023-03-06,0.0007066743
2023-03-07,0.00070758234
2023-03-08,0.00070958433
2023-03-09,0.00070928934
2023-03-10,0.00070797995
2023-03-13,0.00070574397
2023-03-14,0.00070391846
2023-03-15,0.000705604
2023-03-16,0.0007054378
2023-03-17,0.00070595514
2023-03-20,0.0007034737
2023-03-21,0.00070467993
2023-03-22,0.0007076216
2023-03-23,0.00070603186
2023-03-24,0.00070532825
2023-03-27,0.00070730905
2023-03-28,0.0007085717
2023-03-29,0.00070767
2023-03-30,0.00070838106
2023-03-31,0.00070740946
2023-04-03,0.00070818665
2023-04-04,0.0007074415
2023-04-05,0.000705673
2023-04-06,0.0007064051
2023-04-07,0.0007076206
2023-04-10,0.0007077842
2023-04-11,0.0007086982
2023-04-12,0.0007079267
2023-04-13,0.00070749654
2023-04-14,0.0007062493
2023-04-17,0.00070862245
2023-04-18,0.0007089945
2023-04-19,0.0007084044
2023-04-20,0.00070886745
2023-04-21,0.0007082792
2023-04-24,0.0007093074
2023-04-25,0.00070869806
2023-04-26,0.0007080234
2023-04-27,0.0007086301
2023-04-28,0.00070849655
2023-05-01,0.0007083809
2023-05-02,0.00070879643
2023-05-03,0.00070658105
2023-05-04,0.0007060789
2023-05-05,0.00070585357
2023-05-08,0.00070810295
2023-05-09,0.0007080093
2023-05-10,0.0007073304
2023-05-11,0.0007077205
2023-05-12,0.0007087638
2023-05-15,0.00070882123
2023-05-16,0.00070845254
2023-05-17,0.00070971943
2023-05-18,0.0007097015
2023-05-19,0.0007106934
2023-05-22,0.0007090002
2023-05-23,0.0007090237
2023-05-24,0.00070865
2023-05-25,0.0007093575
2023-05-26,0.00071005104
2023-05-29,0.00070913025
2023-05-30,0.00070886593
2023-05-31,0.00070800044
2023-06-01,0.0007078507
2023-06-02,0.0007070667
2023-06-05,0.00070889556
2023-06-06,0.0007080635
2023-06-07,0.00070797635
2023-06-08,0.0007092981
2023-06-09,0.0007076137
2023-06-12,0.0007080442
2023-06-13,0.000708164
2023-06-14,0.0007089505
2023-06-15,0.0007086981
2023-06-16,0.0007078251
2023-06-19,0.0007080724
2023-06-20,0.00070809235
2023-06-21,0.0007092091
2023-06-22,0.0007091026
2023-06-23,0.000709924
2023-06-26,0.0007091841
2023-06-27,0.0007087358
2023-06-28,0.0007090613
2023-06-29,0.00070906035
2023-06-30,0.00070892967
2023-07-03,0.0007080147
2023-07-04,0.00070791476
2023-07-05,0.00070795947
2023-07-06,0.00070837635
2023-07-07,0.0007086315
2023-07-10,0.0007077177
2023-07-11,0.0007077482
2023-07-12,0.00070745475
2023-07-13,0.00070619996
2023-07-14,0.00070662587
2023-07-17,0.00070736255
2023-07-18,0.00070751156
2023-07-19,0.0007064927
2023-07-20,0.0007069281
2023-07-21,0.0007078063
2023-07-24,0.0007082544
2023-07-25,0.0007087208
2023-07-26,0.00070802093
2023-07-27,0.00070756377
2023-07-28,0.00070939603
2023-07-31,0.00070824835
2023-08-01,0.0007079564
2023-08-02,0.0007091111
2023-08-03,0.0007093797
2023-08-04,0.00070911326
2023-08-07,0.00070848654
2023-08-08,0.0007086376
2023-08-09,0.000709177
2023-08-10,0.0007094126
2023-08-11,0.0007092009
2023-08-14,0.0007089271
2023-08-15,0.00070904003
2023-08-16,0.0007090796
2023-08-17,0.0007094431
2023-08-18,0.0007092661
2023-08-21,0.0007089523
2023-08-22,0.0007084427
2023-08-23,0.0007081744
2023-08-24,0.00070707157
2023-08-25,0.00070735806
2023-08-28,0.00070768566
2023-08-29,0.00070750195
2023-08-30,0.000706643
2023-08-31,0.0007067743
2023-09-01,0.0007073158
2023-09-04,0.00070749875
2023-09-05,0.0007076958
2023-09-06,0.0007087099
2023-09-07,0.00070908153
2023-09-08,0.00070876285
2023-09-11,0.00070859323
2023-09-12,0.00070829596
2023-09-13,0.0007088118
2023-09-14,0.00070889277
2023-09-15,0.00070865435
2023-09-18,0.000707826
2023-09-19,0.00070727925
2023-09-20,0.0007075946
2023-09-21,0.0007076561
2023-09-22,0.0007085583
2023-09-25,0.00070812856
2023-09-26,0.0007086964
2023-09-27,0.0007094159
2023-09-28,0.000710419
2023-09-29,0.00071038434
2023-10-02,0.0007109103
2023-10-03,0.00071131357
2023-10-04,0.0007107996
2023-10-05,0.00071010983
2023-10-06,0.00070976326
2023-10-09,0.0007087576
2023-10-10,0.00070660276
2023-10-11,0.00070712593
2023-10-12,0.00070657104
2023-10-13,0.00070727814
2023-10-16,0.0007040837
2023-10-17,0.0007056422
2023-10-18,0.00070609595
2023-10-19,0.0007051244
2023-10-20,0.00070464355
2023-10-23,0.00070529745
2023-10-24,0.0007064434
2023-10-25,0.00070696406
2023-10-26,0.0007068999
2023-10-27,0.000707124
2023-10-30,0.00070621684
2023-10-31,0.000707365
2023-11-01,0.000708194
2023-11-02,0.00070857094
2023-11-03,0.00070816017
2023-11-06,0.00070780795
2023-11-07,0.0007087434
2023-11-08,0.0007090532
2023-11-09,0.0007099002
2023-11-10,0.00070904836
2023-11-13,0.0007099784
2023-11-14,0.00070891925
2023-11-15,0.0007077693
2023-11-16,0.00070812425
2023-11-17,0.00070691254
2023-11-20,0.0007072277
2023-11-21,0.00070762937
2023-11-22,0.00070662267
2023-11-23,0.00070747547
2023-11-24,0.0007076623
2023-11-27,0.0007072581
2023-11-28,0.0007067972
2023-11-29,0.00070575165
2023-11-30,0.0007062292
2023-12-01,0.00070718693
2023-12-04,0.000705639
2023-12-05,0.0007086159
2023-12-06,0.0007089432
2023-12-07,0.000708408
2023-12-08,0.0007082076
2023-12-11,0.0007096357
2023-12-12,0.00071044924
2023-12-13,0.00070994097
2023-12-14,0.00070709933
2023-12-15,0.00070673024
2023-12-18,0.000708039
2023-12-19,0.00070757617
2023-12-20,0.0007070031
2023-12-21,0.0007078795
2023-12-22,0.0007072095
2023-12-25,0.00070699607
2023-12-26,0.0007073055
2023-12-27,0.0007067308
2023-12-28,0.0007066357
2023-12-29,0.0007076645
2024-01-01,0.0007079835
2024-01-02,0.00070806796
2024-01-03,0.000708374
2024-01-04,0.00070923043
2024-01-05,0.0007088753
2024-01-08,0.0007086972
2024-01-09,0.00070939853
2024-01-10,0.000709052
2024-01-11,0.00070906343
2024-01-12,0.00070861564
2024-01-15,0.00070745114
2024-01-16,0.0007076154
2024-01-17,0.00070874445
2024-01-18,0.0007097622
2024-01-19,0.0007084867
2024-01-22,0.0007080885
2024-01-23,0.0007084986
2024-01-24,0.0007079901
2024-01-25,0.0007089036
2024-01-26,0.00070829195
2024-01-29,0.00070833374
2024-01-30,0.000707538
2024-01-31,0.00070754776
2024-02-01,0.0007077811
2024-02-02,0.00070677785
2024-02-05,0.0007081398
2024-02-06,0.0007087417
2024-02-07,0.00070806086
2024-02-08,0.0007081326
2024-02-09,0.0007082454
2024-02-12,0.0007086431
2024-02-13,0.0007088072
2024-02-14,0.00071011577
2024-02-15,0.0007096912
2024-02-16,0.0007085911
2024-02-19,0.0007080818
2024-02-20,0.0007080832
2024-02-21,0.00070744177
2024-02-22,0.00070760853
2024-02-23,0.0007076955
2024-02-26,0.0007072154
2024-02-27,0.0007076966
2024-02-28,0.00070793636
2024-02-29,0.0007078176
2024-03-01,0.0007073737
2024-03-04,0.000705584
2024-03-05,0.0007045362
2024-03-06,0.00070483
2024-03-07,0.0007048306
2024-03-08,0.00070511905
2024-03-11,0.0007050537
2024-03-12,0.0007057163
2024-03-13,0.0007075728
2024-03-14,0.0007070581
2024-03-15,0.0007078586
2024-03-18,0.0007083375
2024-03-19,0.0007081799
2024-03-20,0.0007083416
2024-03-21,0.00070706505
2024-03-22,0.0007074771
2024-03-25,0.0007085158
2024-03-26,0.00070810784
2024-03-27,0.00070780003
2024-03-28,0.00070713717
2024-03-29,0.0007060379
2024-04-01,0.00070658285
2024-04-02,0.0007059111
2024-04-03,0.00070493936
2024-04-04,0.0007048547
2024-04-05,0.00070633844
2024-04-08,0.0007050353
2024-04-09,0.0007052311
2024-04-10,0.00070545316
2024-04-11,0.00070721
2024-04-12,0.00070546253
2024-04-15,0.00070762675
2024-04-16,0.0007058383
2024-04-17,0.0007063649
2024-04-18,0.0007076521
2024-04-19,0.00070747535
2024-04-22,0.00070737465
2024-04-23,0.00071023876
2024-04-24,0.0007100141
2024-04-25,0.0007097803
2024-04-26,0.00070875144
2024-04-29,0.0007082568
2024-04-30,0.0007084331
2024-05-01,0.00071046175
2024-05-02,0.00070890744
2024-05-03,0.0007090411
2024-05-06,0.00070887996
2024-05-07,0.000707562
2024-05-08,0.0007081815
2024-05-09,0.0007084709
2024-05-10,0.00070670707
2024-05-13,0.00070621277
2024-05-14,0.00070788566
2024-05-15,0.00070706464
2024-05-16,0.0007060038
2024-05-17,0.00070698245
2024-05-20,0.00070555264
2024-05-21,0.0007058249
2024-05-22,0.0007066064
2024-05-23,0.00070899364
2024-05-24,0.0007109498
2024-05-27,0.0007102008
2024-05-28,0.0007097242
2024-05-29,0.00070822716
2024-05-30,0.0007091887
2024-05-31,0.00070871075
2024-06-03,0.00070918154
2024-06-04,0.00070795993
2024-06-05,0.00070894975
2024-06-06,0.00070747675
2024-06-07,0.00070685364
2024-06-10,0.000710954
2024-06-11,0.00070927496
2024-06-12,0.00070870155
2024-06-13,0.0007082715
2024-06-14,0.00070909515
2024-06-17,0.0007074682
2024-06-18,0.0007081855
2024-06-19,0.0007077421
2024-06-20,0.000707849
2024-06-21,0.0007066063
2024-06-24,0.00070864696
2024-06-25,0.0007081101
2024-06-26,0.0007086663
2024-06-27,0.0007095313
2024-06-28,0.00070799363
2024-07-01,0.00070803496
2024-07-02,0.00070778513
2024-07-03,0.0007078859
2024-07-04,0.0007067587
2024-07-05,0.00070711726
2024-07-08,0.00070596236
2024-07-09,0.0007078483
2024-07-10,0.0007077664
2024-07-11,0.00070751057
2024-07-12,0.0007058238
2024-07-15,0.00070650503
2024-07-16,0.00070660515
2024-07-17,0.0007049184
2024-07-18,0.0007062706
2024-07-19,0.00070746266
2024-07-22,0.00070959865
2024-07-23,0.00070925814
2024-07-24,0.0007086597
2024-07-25,0.00070893613
2024-07-26,0.0007104114
2024-07-29,0.00070873287
2024-07-30,0.0007087394
2024-07-31,0.0007075192
2024-08-01,0.0007057433
2024-08-02,0.000706705
2024-08-05,0.00070726476
2024-08-06,0.0007088526
2024-08-07,0.00070954877
2024-08-08,0.00070929644
2024-08-09,0.00070736004
2024-08-12,0.0007073078
2024-08-13,0.00070569897
2024-08-14,0.00070648367
2024-08-15,0.00070778106
2024-08-16,0.00070757
2024-08-19,0.00070538034
2024-08-20,0.00070628716
2024-08-21,0.00070639583
2024-08-22,0.00070702395
2024-08-23,0.0007086285
2024-08-26,0.00070733024
2024-08-27,0.00070724875
2024-08-28,0.000707222
2024-08-29,0.0007082313
2024-08-30,0.0007076941
2024-09-02,0.0007085988
2024-09-03,0.0007085132
2024-09-04,0.00070890615
2024-09-05,0.0007086678
2024-09-06,0.0007076625
2024-09-09,0.00070857594
2024-09-10,0.00070802023
2024-09-11,0.00070759293
2024-09-12,0.0007079077
2024-09-13,0.0007061097
2024-09-16,0.0007055772
2024-09-17,0.00070624676
2024-09-18,0.00070733676
2024-09-19,0.0007083983
2024-09-20,0.00070673425
2024-09-23,0.00070578535
2024-09-24,0.0007062085
2024-09-25,0.0007052505
2024-09-26,0.00070617546
2024-09-27,0.00070618116
2024-09-30,0.0007075801
2024-10-01,0.0007086319
2024-10-02,0.0007074592
2024-10-03,0.0007076653
2024-10-04,0.0007078965
2024-10-07,0.000708207
2024-10-08,0.0007085811
2024-10-09,0.00070927915
2024-10-10,0.00070959266
2024-10-11,0.00070846104
2024-10-14,0.0007072283
2024-10-15,0.0007076289
2024-10-16,0.00070738746
2024-10-17,0.00070705474
2024-10-18,0.00070670206
2024-10-21,0.0007059528
2024-10-22,0.00070654886
2024-10-23,0.00070583296
2024-10-24,0.00070773525
2024-10-25,0.00070706423
2024-10-28,0.00070717325
2024-10-29,0.00070746057
2024-10-30,0.0007065188
2024-10-31,0.0007063874
2024-11-01,0.00070851215
2024-11-04,0.0007088953
2024-11-05,0.0007086019
2024-11-06,0.00070828403
2024-11-07,0.0007114947
2024-11-08,0.00070895767
2024-11-11,0.00070948416
2024-11-12,0.0007116234
2024-11-13,0.0007116476
2024-11-14,0.00071181695
2024-11-15,0.0007111331
2024-11-18,0.0007105185
2024-11-19,0.0007078426
2024-11-20,0.00070690457
2024-11-21,0.0007065596
2024-11-22,0.0007060305
2024-11-25,0.0007051758
2024-11-26,0.00070904917
2024-11-27,0.00070863
2024-11-28,0.00070831185
2024-11-29,0.00070830126
2024-12-02,0.0007073686
2024-12-03,0.0007085107
2024-12-04,0.00070821785
2024-12-05,0.0007079019
2024-12-06,0.00070875935
2024-12-09,0.000708578
2024-12-10,0.00070743414
2024-12-11,0.0007062272
2024-12-12,0.0007057069
2024-12-13,0.000707888
2024-12-16,0.00070925715
2024-12-17,0.0007087546
2024-12-18,0.0007090411
2024-12-19,0.00071086915
2024-12-20,0.000710043
2024-12-23,0.0007084627
2024-12-24,0.00070887635
2024-12-25,0.0007084589
2024-12-26,0.0007083634
2024-12-27,0.0007075771
2024-12-30,0.0007084372
2024-12-31,0.0007086955
2025-01-01,0.0007078966
2025-01-02,0.00070796174
2025-01-03,0.0007065682
2025-01-06,0.00070780603
2025-01-07,0.0007080269
2025-01-08,0.0007074764
2025-01-09,0.0007071004
2025-01-10,0.00070738565
2025-01-13,0.0007065864
2025-01-14,0.00070806127
2025-01-15,0.0007075523
2025-01-16,0.0007069454
2025-01-17,0.0007065438
2025-01-20,0.0007075369
2025-01-21,0.00070772157
2025-01-22,0.00070622226
2025-01-23,0.0007061985
2025-01-24,0.0007068692
2025-01-27,0.0007065704
2025-01-28,0.0007081171
2025-01-29,0.00070724887
2025-01-30,0.0007079307
2025-01-31,0.0007064131
2025-02-03,0.0007066799
2025-02-04,0.0007065138
2025-02-05,0.0007059164
2025-02-06,0.0007058593
2025-02-07,0.00070676033
2025-02-10,0.0007069682
2025-02-11,0.00070552574
2025-02-12,0.00070662866
2025-02-13,0.0007069485
2025-02-14,0.0007062611
2025-02-17,0.00070837204
2025-02-18,0.0007083664
2025-02-19,0.00070660637
2025-02-20,0.00070697843
2025-02-21,0.0007072488
2025-02-24,0.0007076069
2025-02-25,0.000707205
2025-02-26,0.0007088756
2025-02-27,0.00070856186
2025-02-28,0.00071010436
2025-03-03,0.00071029627
2025-03-04,0.00070837105
2025-03-05,0.00070739165
2025-03-06,0.0007073469
2025-03-07,0.0007080769
2025-03-10,0.0007080373
2025-03-11,0.0007089983
2025-03-12,0.00070754846
2025-03-13,0.0007072498
2025-03-14,0.0007055946
2025-03-17,0.00070620934
2025-03-18,0.00070613826
2025-03-19,0.0007054355
2025-03-20,0.0007057246
2025-03-21,0.00070651807
2025-03-24,0.00070783927
2025-03-25,0.0007084501
2025-03-26,0.00070797047
2025-03-27,0.00070815376
2025-03-28,0.00070676993
2025-03-31,0.00070636394
2025-04-01,0.00070531154
2025-04-02,0.00070626463
2025-04-03,0.00070655585
2025-04-04,0.000707647
2025-04-07,0.0007103051
2025-04-08,0.0007120929
2025-04-09,0.00071056525
2025-04-10,0.0007060528
2025-04-11,0.00070398056
2025-04-14,0.0007029828
2025-04-15,0.0007048864
2025-04-16,0.0007051771
2025-04-17,0.0007025319
2025-04-18,0.0007044896
2025-04-21,0.0007054886
2025-04-22,0.0007029761
2025-04-23,0.00070589257
2025-04-24,0.00070909987
2025-04-25,0.0007074239
2025-04-28,0.00070886005
2025-04-29,0.00070723833
2025-04-30,0.0007085624
2025-05-01,0.00070929044
2025-05-02,0.000711243
2025-05-05,0.0007103071
2025-05-06,0.0007066111
2025-05-07,0.0007040158
2025-05-08,0.0007066201
2025-05-09,0.0007090797
2025-05-12,0.0007080964
2025-05-13,0.0007111351
2025-05-14,0.0007099508
2025-05-15,0.0007117432
2025-05-16,0.00070914044
2025-05-19,0.00071016146
2025-05-20,0.0007082479
2025-05-21,0.0007062202
2025-05-22,0.0007058941
2025-05-23,0.0007073742
2025-05-26,0.0007052417
2025-05-27,0.00070599106
2025-05-28,0.00070835446
2025-05-29,0.0007085818
2025-05-30,0.00070789625
2025-06-02,0.00070869614
2025-06-03,0.00070575945
2025-06-04,0.000707324
2025-06-05,0.0007068656
2025-06-06,0.00070775935
2025-06-09,0.0007093096
2025-06-10,0.0007085551
2025-06-11,0.00070845295
2025-06-12,0.00070782314
2025-06-13,0.00070659665
2025-06-16,0.0007056089
2025-06-17,0.0007077697
2025-06-18,0.0007078253
2025-06-19,0.0007085122
2025-06-20,0.0007084539
2025-06-23,0.0007084468
2025-06-24,0.00070806814
2025-06-25,0.0007097748
2025-06-26,0.00070905377
2025-06-27,0.00070895423
2025-06-30,0.0007106737
2025-07-01,0.0007087552
2025-07-02,0.0007076516
2025-07-03,0.0007071689
2025-07-04,0.0007081218
2025-07-07,0.00070812134
2025-07-08,0.0007080511
2025-07-09,0.0007091888
2025-07-10,0.00070845766
2025-07-11,0.0007081511
2025-07-14,0.00070713175
2025-07-15,0.00070778077
2025-07-16,0.0007083169
2025-07-17,0.0007077579
2025-07-18,0.00070810196
2025-07-21,0.0007078497
2025-07-22,0.0007063081
2025-07-23,0.00070578326
2025-07-24,0.00070770876
2025-07-25,0.0007084924
2025-07-28,0.0007094281
2025-07-29,0.00070982485
2025-07-30,0.0007091356
2025-07-31,0.0007107316
2025-08-01,0.0007093759
2025-08-04,0.0007069086
2025-08-05,0.000706585
2025-08-06,0.00070687255
2025-08-07,0.00070741086
2025-08-08,0.0007067088
2025-08-11,0.00070711254
2025-08-12,0.0007089201
2025-08-13,0.0007088506
2025-08-14,0.000708382
2025-08-15,0.00070901803
2025-08-18,0.0007087493
2025-08-19,0.0007087716
2025-08-20,0.00070919725
2025-08-21,0.00070786156
2025-08-22,0.0007083024
2025-08-25,0.000707122
2025-08-26,0.0007076378
2025-08-27,0.0007069951
2025-08-28,0.0007070848
2025-08-29,0.0007065777
2025-09-01,0.0007059672
2025-09-02,0.000706542
2025-09-03,0.0007044698
2025-09-04,0.0007046114
2025-09-05,0.0007060155
2025-09-08,0.00070519786
2025-09-09,0.00070481125
2025-09-10,0.00070596725
2025-09-11,0.0007062119
2025-09-12,0.00070694304
2025-09-15,0.0007071173
2025-09-16,0.0007063491
2025-09-17,0.0007066581
2025-09-18,0.0007079082
2025-09-19,0.00070845056
2025-09-22,0.00070730184
2025-09-23,0.0007057249
2025-09-24,0.00070593465
2025-09-25,0.00070748385
2025-09-26,0.00070724793
2025-09-29,0.0007069097
2025-09-30,0.0007055151
2025-10-01,0.0007053106
2025-10-02,0.000705898
2025-10-03,0.00070688524
2025-10-06,0.0007064082
2025-10-07,0.0007049089
2025-10-08,0.0007052387
2025-10-09,0.00070427876
2025-10-10,0.0007072802
2025-10-13,0.0007064975
2025-10-14,0.0007044182
2025-10-15,0.0007046745
2025-10-16,0.0007037781
2025-10-17,0.0007024766
2025-10-20,0.0007059856
2025-10-21,0.0007027553
2025-10-22,0.0007110433
2025-10-23,0.00071040227
2025-10-24,0.0007095277
2025-10-27,0.0007096059
2025-10-28,0.0007122244
2025-10-29,0.00071197277
2025-10-30,0.000711415
2025-10-31,0.0007084841
2025-11-03,0.00070893107
2025-11-04,0.0007084827
2025-11-05,0.0007102113
2025-11-06,0.0007084242
2025-11-07,0.00070846017
