Date,IEF_lstm_pred
2015-01-01,0.00027084767
2015-01-02,0.0002731576
2015-01-05,0.00026653006
2015-01-06,0.00026096386
2015-01-07,0.00025681383
2015-01-08,0.00026578933
2015-01-09,0.00027801786
2015-01-12,0.00027118067
2015-01-13,0.0002688918
2015-01-14,0.00027164398
2015-01-15,0.00026734656
2015-01-16,0.00025829123
2015-01-19,0.00027846728
2015-01-20,0.00027931522
2015-01-21,0.00027577957
2015-01-22,0.00028468756
2015-01-23,0.00028634904
2015-01-26,0.00027246808
2015-01-27,0.00027777874
2015-01-28,0.00027524124
2015-01-29,0.00026344866
2015-01-30,0.0002743239
2015-02-02,0.00026161276
2015-02-03,0.00026992924
2015-02-04,0.0002870347
2015-02-05,0.00028135575
2015-02-06,0.0002859257
2015-02-09,0.00030068838
2015-02-10,0.00029218596
2015-02-11,0.00028954027
2015-02-12,0.0002841573
2015-02-13,0.0002794849
2015-02-16,0.00028252928
2015-02-17,0.0002792064
2015-02-18,0.0002886579
2015-02-19,0.00027545416
2015-02-20,0.00027896377
2015-02-23,0.00027827363
2015-02-24,0.00026962516
2015-02-25,0.00026115417
2015-02-26,0.00026551148
2015-02-27,0.00027975315
2015-03-02,0.0002736496
2015-03-03,0.00028739203
2015-03-04,0.00028730553
2015-03-05,0.0002822324
2015-03-06,0.00027904735
2015-03-09,0.0002942861
2015-03-10,0.00027975242
2015-03-11,0.00027098696
2015-03-12,0.00026959923
2015-03-13,0.00027042846
2015-03-16,0.00027516196
2015-03-17,0.00027032488
2015-03-18,0.00026964175
2015-03-19,0.00025428057
2015-03-20,0.00027103204
2015-03-23,0.00026779968
2015-03-24,0.00027033326
2015-03-25,0.00026917132
2015-03-26,0.0002802834
2015-03-27,0.00028920724
2015-03-30,0.0002790725
2015-03-31,0.00027865902
2015-04-01,0.00027393442
2015-04-02,0.00026743324
2015-04-03,0.00027574372
2015-04-06,0.00027645435
2015-04-07,0.00027485547
2015-04-08,0.00027457214
2015-04-09,0.00027721428
2015-04-10,0.00028390365
2015-04-13,0.00028186254
2015-04-14,0.00027665735
2015-04-15,0.00027181153
2015-04-16,0.00027278136
2015-04-17,0.00027317854
2015-04-20,0.0002715156
2015-04-21,0.00027678613
2015-04-22,0.000280616
2015-04-23,0.00028882545
2015-04-24,0.00027942925
2015-04-27,0.00027257693
2015-04-28,0.00027646322
2015-04-29,0.00028395283
2015-04-30,0.00028716295
2015-05-01,0.0002833966
2015-05-04,0.00028918884
2015-05-05,0.00028716878
2015-05-06,0.00028508063
2015-05-07,0.00028878776
2015-05-08,0.00027628217
2015-05-11,0.00026907676
2015-05-12,0.0002869663
2015-05-13,0.0002813509
2015-05-14,0.00028108622
2015-05-15,0.00027331733
2015-05-18,0.0002624989
2015-05-19,0.00027848754
2015-05-20,0.0002851324
2015-05-21,0.00027852677
2015-05-22,0.00026818347
2015-05-25,0.00027503236
2015-05-26,0.00027588924
2015-05-27,0.00026643186
2015-05-28,0.00027152937
2015-05-29,0.00027255277
2015-06-01,0.000273847
2015-06-02,0.0002827072
2015-06-03,0.0002922571
2015-06-04,0.0003003571
2015-06-05,0.0002833044
2015-06-08,0.00029161965
2015-06-09,0.0002826419
2015-06-10,0.00028444044
2015-06-11,0.00028652087
2015-06-12,0.00026893098
2015-06-15,0.00027169965
2015-06-16,0.00026903412
2015-06-17,0.0002654271
2015-06-18,0.00026881968
2015-06-19,0.00027347988
2015-06-22,0.0002667377
2015-06-23,0.00028477964
2015-06-24,0.0002874926
2015-06-25,0.00027909732
2015-06-26,0.00028230913
2015-06-29,0.00028789917
2015-06-30,0.0002647434
2015-07-01,0.00027329643
2015-07-02,0.00028296848
2015-07-03,0.00027499007
2015-07-06,0.0002755494
2015-07-07,0.00026462128
2015-07-08,0.0002650212
2015-07-09,0.000263507
2015-07-10,0.00028059274
2015-07-13,0.00029129407
2015-07-14,0.00029078408
2015-07-15,0.0002805358
2015-07-16,0.0002726834
2015-07-17,0.00027452124
2015-07-20,0.0002751005
2015-07-21,0.00027886368
2015-07-22,0.00027359976
2015-07-23,0.00027280205
2015-07-24,0.00026780585
2015-07-27,0.00026988733
2015-07-28,0.00026770285
2015-07-29,0.0002763279
2015-07-30,0.00027953245
2015-07-31,0.00027733337
2015-08-03,0.00026816168
2015-08-04,0.00026697142
2015-08-05,0.00027964014
2015-08-06,0.00028556478
2015-08-07,0.00027707685
2015-08-10,0.00027073163
2015-08-11,0.00027982416
2015-08-12,0.0002683051
2015-08-13,0.00027232495
2015-08-14,0.00027863466
2015-08-17,0.00028003537
2015-08-18,0.00027621782
2015-08-19,0.00027919258
2015-08-20,0.00026858147
2015-08-21,0.0002674437
2015-08-24,0.00026486983
2015-08-25,0.00026730244
2015-08-26,0.00028056133
2015-08-27,0.00028998256
2015-08-28,0.0002865202
2015-08-31,0.00028269785
2015-09-01,0.00028302099
2015-09-02,0.00027305752
2015-09-03,0.00027839257
2015-09-04,0.00027358648
2015-09-07,0.00026959888
2015-09-08,0.00027223592
2015-09-09,0.00028124818
2015-09-10,0.00027921784
2015-09-11,0.00028202974
2015-09-14,0.0002758136
2015-09-15,0.00027457828
2015-09-16,0.00028805624
2015-09-17,0.00028425612
2015-09-18,0.00026774424
2015-09-21,0.00026324455
2015-09-22,0.00027754565
2015-09-23,0.00026957074
2015-09-24,0.0002744108
2015-09-25,0.00027337778
2015-09-28,0.0002793757
2015-09-29,0.0002696868
2015-09-30,0.00026724063
2015-10-01,0.00027109616
2015-10-02,0.00027274375
2015-10-05,0.00026730465
2015-10-06,0.00028063447
2015-10-07,0.00027674594
2015-10-08,0.00028142598
2015-10-09,0.0002843309
2015-10-12,0.0002808202
2015-10-13,0.00027387362
2015-10-14,0.00027330924
2015-10-15,0.0002657786
2015-10-16,0.00027561156
2015-10-19,0.00027782703
2015-10-20,0.00027852846
2015-10-21,0.00028369995
2015-10-22,0.00027570326
2015-10-23,0.00027445113
2015-10-26,0.00028443048
2015-10-27,0.0002774071
2015-10-28,0.00027301157
2015-10-29,0.00028268967
2015-10-30,0.00029033556
2015-11-02,0.00028185608
2015-11-03,0.00028401104
2015-11-04,0.00028491626
2015-11-05,0.00028278632
2015-11-06,0.00028075837
2015-11-09,0.00028936952
2015-11-10,0.00028655742
2015-11-11,0.00027880186
2015-11-12,0.00027777904
2015-11-13,0.00027557768
2015-11-16,0.00026920065
2015-11-17,0.000269458
2015-11-18,0.00027254815
2015-11-19,0.0002750889
2015-11-20,0.00027253546
2015-11-23,0.00027659058
2015-11-24,0.00027497238
2015-11-25,0.00027454857
2015-11-26,0.0002748577
2015-11-27,0.00027595772
2015-11-30,0.0002750053
2015-12-01,0.00027542125
2015-12-02,0.00026770745
2015-12-03,0.0002760403
2015-12-04,0.00029381132
2015-12-07,0.0002817497
2015-12-08,0.0002745488
2015-12-09,0.0002742503
2015-12-10,0.00027264425
2015-12-11,0.00027768358
2015-12-14,0.00026455946
2015-12-15,0.00028124815
2015-12-16,0.00028406834
2015-12-17,0.00028578736
2015-12-18,0.0002756424
2015-12-21,0.00027004755
2015-12-22,0.00027170393
2015-12-23,0.00027826542
2015-12-24,0.00028156693
2015-12-25,0.00027694323
2015-12-28,0.00027689792
2015-12-29,0.00027656398
2015-12-30,0.00028521384
2015-12-31,0.00028139228
2016-01-01,0.00027752863
2016-01-04,0.00027695255
2016-01-05,0.00026977755
2016-01-06,0.00027272315
2016-01-07,0.00026462192
2016-01-08,0.00026599545
2016-01-11,0.00026665156
2016-01-12,0.00027642
2016-01-13,0.00027028043
2016-01-14,0.0002672826
2016-01-15,0.00027512253
2016-01-18,0.0002692969
2016-01-19,0.00027306422
2016-01-20,0.00027751175
2016-01-21,0.00027018212
2016-01-22,0.00027743264
2016-01-25,0.00028150794
2016-01-26,0.00027490794
2016-01-27,0.00027473553
2016-01-28,0.00027463172
2016-01-29,0.00027367912
2016-02-01,0.00026656225
2016-02-02,0.00027455974
2016-02-03,0.00026458202
2016-02-04,0.00027162008
2016-02-05,0.0002706087
2016-02-08,0.00027178097
2016-02-09,0.00026252618
2016-02-10,0.00026859908
2016-02-11,0.00026808956
2016-02-12,0.00026518994
2016-02-15,0.00028319404
2016-02-16,0.00028207785
2016-02-17,0.00028576035
2016-02-18,0.00028685384
2016-02-19,0.000275687
2016-02-22,0.00027591025
2016-02-23,0.00027771658
2016-02-24,0.00027404548
2016-02-25,0.00027498454
2016-02-26,0.00027086298
2016-02-29,0.00028106486
2016-03-01,0.0002770191
2016-03-02,0.00028965084
2016-03-03,0.0002875748
2016-03-04,0.0002812349
2016-03-07,0.00028441622
2016-03-08,0.0002841882
2016-03-09,0.00027134857
2016-03-10,0.00027901016
2016-03-11,0.0002834895
2016-03-14,0.00028506925
2016-03-15,0.00028019957
2016-03-16,0.0002785385
2016-03-17,0.0002687854
2016-03-18,0.00026958575
2016-03-21,0.00026938948
2016-03-22,0.00027691948
2016-03-23,0.00028064265
2016-03-24,0.00027209817
2016-03-25,0.0002757277
2016-03-28,0.0002764202
2016-03-29,0.0002745138
2016-03-30,0.00026471575
2016-03-31,0.00027182532
2016-04-01,0.00026847835
2016-04-04,0.0002727812
2016-04-05,0.0002732042
2016-04-06,0.0002689678
2016-04-07,0.00027620318
2016-04-08,0.00026894268
2016-04-11,0.00027511647
2016-04-12,0.00027685848
2016-04-13,0.0002839374
2016-04-14,0.00028062967
2016-04-15,0.0002832128
2016-04-18,0.00027601802
2016-04-19,0.00027776786
2016-04-20,0.00027990036
2016-04-21,0.00028679654
2016-04-22,0.00028541154
2016-04-25,0.00028342978
2016-04-26,0.00028204455
2016-04-27,0.00028276484
2016-04-28,0.00027090215
2016-04-29,0.0002668597
2016-05-02,0.00027084487
2016-05-03,0.00027780537
2016-05-04,0.0002680934
2016-05-05,0.00026868205
2016-05-06,0.0002678787
2016-05-09,0.000275714
2016-05-10,0.00027387126
2016-05-11,0.0002759825
2016-05-12,0.00027450314
2016-05-13,0.00028032524
2016-05-16,0.0002734107
2016-05-17,0.0002808684
2016-05-18,0.0002818585
2016-05-19,0.0002930678
2016-05-20,0.000285179
2016-05-23,0.0002804328
2016-05-24,0.00027732967
2016-05-25,0.00027908702
2016-05-26,0.00027841463
2016-05-27,0.00027230845
2016-05-30,0.00027667463
2016-05-31,0.00027650112
2016-06-01,0.00027460346
2016-06-02,0.0002759358
2016-06-03,0.00027132197
2016-06-06,0.000258541
2016-06-07,0.00027002496
2016-06-08,0.000271067
2016-06-09,0.0002722568
2016-06-10,0.00027242434
2016-06-13,0.00026935714
2016-06-14,0.0002698815
2016-06-15,0.0002738902
2016-06-16,0.0002710177
2016-06-17,0.0002723769
2016-06-20,0.00028041244
2016-06-21,0.00028678816
2016-06-22,0.0002871341
2016-06-23,0.00028012847
2016-06-24,0.0002863435
2016-06-27,0.00026013
2016-06-28,0.00025204758
2016-06-29,0.00026186823
2016-06-30,0.00027493917
2016-07-01,0.0002732188
2016-07-04,0.00027140052
2016-07-05,0.00027441373
2016-07-06,0.00026744587
2016-07-07,0.0002716017
2016-07-08,0.0002766939
2016-07-11,0.00027457686
2016-07-12,0.00028471492
2016-07-13,0.00029189631
2016-07-14,0.0002822883
2016-07-15,0.0002866996
2016-07-18,0.0002886855
2016-07-19,0.00028392355
2016-07-20,0.00027599305
2016-07-21,0.00027868303
2016-07-22,0.00027359716
2016-07-25,0.00027555166
2016-07-26,0.0002769844
2016-07-27,0.00027566843
2016-07-28,0.0002690135
2016-07-29,0.00027107476
2016-08-01,0.0002673336
2016-08-02,0.00027693264
2016-08-03,0.0002813935
2016-08-04,0.00027930943
2016-08-05,0.00027479164
2016-08-08,0.00028578975
2016-08-09,0.00028339447
2016-08-10,0.00027499086
2016-08-11,0.00027111964
2016-08-12,0.0002808394
2016-08-15,0.00027354123
2016-08-16,0.0002794414
2016-08-17,0.0002812118
2016-08-18,0.00027688942
2016-08-19,0.00027385043
2016-08-22,0.00028032647
2016-08-23,0.00027537852
2016-08-24,0.0002759961
2016-08-25,0.00027689725
2016-08-26,0.00027949162
2016-08-29,0.0002847214
2016-08-30,0.00027499622
2016-08-31,0.00027557724
2016-09-01,0.0002777778
2016-09-02,0.0002748252
2016-09-05,0.0002796664
2016-09-06,0.00027857642
2016-09-07,0.00027034868
2016-09-08,0.00027189683
2016-09-09,0.00028180238
2016-09-12,0.00028783458
2016-09-13,0.00028223876
2016-09-14,0.00028585712
2016-09-15,0.00027840177
2016-09-16,0.00027681678
2016-09-19,0.00027455902
2016-09-20,0.00027779528
2016-09-21,0.00027471123
2016-09-22,0.00027270537
2016-09-23,0.00026941186
2016-09-26,0.0002715833
2016-09-27,0.00026929472
2016-09-28,0.00026987967
2016-09-29,0.0002738538
2016-09-30,0.0002747114
2016-10-03,0.00028022323
2016-10-04,0.0002833024
2016-10-05,0.00028863642
2016-10-06,0.0002878902
2016-10-07,0.00028673056
2016-10-10,0.000280031
2016-10-11,0.00028227366
2016-10-12,0.0002798748
2016-10-13,0.0002779641
2016-10-14,0.00027347505
2016-10-17,0.00027913618
2016-10-18,0.0002743729
2016-10-19,0.0002717817
2016-10-20,0.0002728263
2016-10-21,0.000275875
2016-10-24,0.00027468207
2016-10-25,0.00027791754
2016-10-26,0.0002780644
2016-10-27,0.00028129085
2016-10-28,0.0002852755
2016-10-31,0.00028172345
2016-11-01,0.00027826524
2016-11-02,0.00027727478
2016-11-03,0.00027191584
2016-11-04,0.0002745264
2016-11-07,0.0002703649
2016-11-08,0.00027956584
2016-11-09,0.00028444754
2016-11-10,0.00030618743
2016-11-11,0.00030449193
2016-11-14,0.00029621908
2016-11-15,0.0002965055
2016-11-16,0.00028706668
2016-11-17,0.00027949738
2016-11-18,0.00028352646
2016-11-21,0.00028636734
2016-11-22,0.00027976587
2016-11-23,0.00027560632
2016-11-24,0.0002805737
2016-11-25,0.00027816492
2016-11-28,0.00027820017
2016-11-29,0.0002696836
2016-11-30,0.00027022822
2016-12-01,0.00028341415
2016-12-02,0.00028714776
2016-12-05,0.00027593886
2016-12-06,0.00027656977
2016-12-07,0.0002758285
2016-12-08,0.00027061993
2016-12-09,0.0002789894
2016-12-12,0.000286549
2016-12-13,0.00028253984
2016-12-14,0.00027920204
2016-12-15,0.0002913445
2016-12-16,0.00028989633
2016-12-19,0.00028213393
2016-12-20,0.00027168274
2016-12-21,0.00027612317
2016-12-22,0.000273132
2016-12-23,0.00027479988
2016-12-26,0.00027379562
2016-12-27,0.00027489552
2016-12-28,0.00027802403
2016-12-29,0.00027176365
2016-12-30,0.00026882783
2017-01-02,0.00026738193
2017-01-03,0.000271465
2017-01-04,0.0002749737
2017-01-05,0.00027459775
2017-01-06,0.0002656659
2017-01-09,0.00027786955
2017-01-10,0.000272167
2017-01-11,0.00027538117
2017-01-12,0.00027472354
2017-01-13,0.00027517273
2017-01-16,0.00027984392
2017-01-17,0.00027918103
2017-01-18,0.0002704588
2017-01-19,0.00028448025
2017-01-20,0.0002879674
2017-01-23,0.00028295338
2017-01-24,0.0002718372
2017-01-25,0.00027940326
2017-01-26,0.00028617878
2017-01-27,0.00028019404
2017-01-30,0.00027644876
2017-01-31,0.00027657847
2017-02-01,0.00027076018
2017-02-02,0.0002759043
2017-02-03,0.0002756507
2017-02-06,0.00027488687
2017-02-07,0.00026805236
2017-02-08,0.0002686592
2017-02-09,0.0002656309
2017-02-10,0.0002801155
2017-02-13,0.00028074894
2017-02-14,0.00028230489
2017-02-15,0.00028644613
2017-02-16,0.00028594647
2017-02-17,0.00027577992
2017-02-20,0.0002714542
2017-02-21,0.00027321104
2017-02-22,0.00027523556
2017-02-23,0.00027324018
2017-02-24,0.00027041597
2017-02-27,0.0002655885
2017-02-28,0.00027603115
2017-03-01,0.00027775898
2017-03-02,0.00028919344
2017-03-03,0.00028950872
2017-03-06,0.00028311595
2017-03-07,0.00028066424
2017-03-08,0.00028101236
2017-03-09,0.00028430292
2017-03-10,0.00028533977
2017-03-13,0.00027798454
2017-03-14,0.00028076582
2017-03-15,0.0002768456
2017-03-16,0.00026205526
2017-03-17,0.0002716853
2017-03-20,0.00026939652
2017-03-21,0.00026863735
2017-03-22,0.00026685273
2017-03-23,0.0002682719
2017-03-24,0.00027410508
2017-03-27,0.00027524086
2017-03-28,0.00027276715
2017-03-29,0.00028060167
2017-03-30,0.0002752891
2017-03-31,0.0002809392
2017-04-03,0.00027659125
2017-04-04,0.0002689781
2017-04-05,0.00027443763
2017-04-06,0.00027265024
2017-04-07,0.0002756631
2017-04-10,0.00028140462
2017-04-11,0.0002771122
2017-04-12,0.00026971818
2017-04-13,0.00026761662
2017-04-14,0.00026661574
2017-04-17,0.00027108443
2017-04-18,0.00027661864
2017-04-19,0.00026831683
2017-04-20,0.0002764718
2017-04-21,0.00028101495
2017-04-24,0.00027932413
2017-04-25,0.00028211303
2017-04-26,0.0002886256
2017-04-27,0.00027989998
2017-04-28,0.00027731675
2017-05-01,0.00027509054
2017-05-02,0.00027893155
2017-05-03,0.00027456332
2017-05-04,0.0002785434
2017-05-05,0.0002814093
2017-05-08,0.0002792027
2017-05-09,0.000282024
2017-05-10,0.00028163873
2017-05-11,0.00028008645
2017-05-12,0.00027723453
2017-05-15,0.0002684382
2017-05-16,0.00027237617
2017-05-17,0.00027198333
2017-05-18,0.00026110053
2017-05-19,0.0002678667
2017-05-22,0.0002724877
2017-05-23,0.00027684277
2017-05-24,0.00028190707
2017-05-25,0.00027737484
2017-05-26,0.00027671395
2017-05-29,0.0002760511
2017-05-30,0.0002766132
2017-05-31,0.00027288115
2017-06-01,0.00027383157
2017-06-02,0.00027608091
2017-06-05,0.00026960636
2017-06-06,0.00027533586
2017-06-07,0.00027123326
2017-06-08,0.00027677513
2017-06-09,0.00027984404
2017-06-12,0.00028063392
2017-06-13,0.00027972859
2017-06-14,0.00027811696
2017-06-15,0.00026924716
2017-06-16,0.0002749503
2017-06-19,0.00027495553
2017-06-20,0.00028037291
2017-06-21,0.00027518687
2017-06-22,0.00027607285
2017-06-23,0.0002749974
2017-06-26,0.00027538947
2017-06-27,0.00027476656
2017-06-28,0.00028367835
2017-06-29,0.00028277774
2017-06-30,0.0002864916
2017-07-03,0.00028639325
2017-07-04,0.0002881994
2017-07-05,0.00028321394
2017-07-06,0.00027868222
2017-07-07,0.00028010434
2017-07-10,0.00028064594
2017-07-11,0.00027633188
2017-07-12,0.00027371984
2017-07-13,0.00026972053
2017-07-14,0.00027381355
2017-07-17,0.00027270385
2017-07-18,0.0002724357
2017-07-19,0.000268497
2017-07-20,0.0002720692
2017-07-21,0.00027402744
2017-07-24,0.000272884
2017-07-25,0.00027608196
2017-07-26,0.0002860111
2017-07-27,0.00027788247
2017-07-28,0.00028019855
2017-07-31,0.00027626453
2017-08-01,0.00027597442
2017-08-02,0.00027227466
2017-08-03,0.000275537
2017-08-04,0.00027058384
2017-08-07,0.00027748835
2017-08-08,0.00027665828
2017-08-09,0.00027834382
2017-08-10,0.00027604424
2017-08-11,0.00027046507
2017-08-14,0.00027125963
2017-08-15,0.0002776108
2017-08-16,0.00028257092
2017-08-17,0.00027770305
2017-08-18,0.00027177745
2017-08-21,0.00027349306
2017-08-22,0.0002739247
2017-08-23,0.00027842165
2017-08-24,0.00027258848
2017-08-25,0.00027696378
2017-08-28,0.00027452686
2017-08-29,0.00027416897
2017-08-30,0.00027174805
2017-08-31,0.00027534613
2017-09-01,0.0002738083
2017-09-04,0.0002800858
2017-09-05,0.0002792465
2017-09-06,0.00026734773
2017-09-07,0.00027497616
2017-09-08,0.0002690881
2017-09-11,0.00027362883
2017-09-12,0.00028458296
2017-09-13,0.000286007
2017-09-14,0.0002860008
2017-09-15,0.00028210363
2017-09-18,0.00027777537
2017-09-19,0.0002832369
2017-09-20,0.00028215587
2017-09-21,0.0002827656
2017-09-22,0.0002820113
2017-09-25,0.00027652783
2017-09-26,0.0002711675
2017-09-27,0.00027418535
2017-09-28,0.0002832291
2017-09-29,0.0002810027
2017-10-02,0.00028112854
2017-10-03,0.00028102298
2017-10-04,0.00027683604
2017-10-05,0.00027689728
2017-10-06,0.00027826588
2017-10-09,0.0002794638
2017-10-10,0.00027639957
2017-10-11,0.00027571453
2017-10-12,0.00027415075
2017-10-13,0.0002735823
2017-10-16,0.00026942155
2017-10-17,0.00027510125
2017-10-18,0.00027671436
2017-10-19,0.00028118913
2017-10-20,0.00027815523
2017-10-23,0.00028445342
2017-10-24,0.00028010292
2017-10-25,0.00028354907
2017-10-26,0.00028330152
2017-10-27,0.00028256373
2017-10-30,0.00027465963
2017-10-31,0.00026911672
2017-11-01,0.00027273453
2017-11-02,0.0002732412
2017-11-03,0.00027256078
2017-11-06,0.00027180527
2017-11-07,0.0002720746
2017-11-08,0.00027371888
2017-11-09,0.00027739196
2017-11-10,0.00027831388
2017-11-13,0.0002863704
2017-11-14,0.00028377265
2017-11-15,0.0002787989
2017-11-16,0.00027201473
2017-11-17,0.00027769574
2017-11-20,0.00027513507
2017-11-21,0.00027828835
2017-11-22,0.00027739824
2017-11-23,0.00027196214
2017-11-24,0.0002737764
2017-11-27,0.00027644302
2017-11-28,0.00027575713
2017-11-29,0.00027606305
2017-11-30,0.0002817176
2017-12-01,0.00028506474
2017-12-04,0.00027599614
2017-12-05,0.0002768739
2017-12-06,0.0002754917
2017-12-07,0.00027253534
2017-12-08,0.000277015
2017-12-11,0.00027822613
2017-12-12,0.0002788345
2017-12-13,0.00027948074
2017-12-14,0.0002719181
2017-12-15,0.00027431638
2017-12-18,0.00027567445
2017-12-19,0.00027991185
2017-12-20,0.00028620954
2017-12-21,0.00028743144
2017-12-22,0.00028201658
2017-12-25,0.00027892334
2017-12-26,0.00027756754
2017-12-27,0.00027615868
2017-12-28,0.00026906774
2017-12-29,0.0002736901
2018-01-01,0.00027229745
2018-01-02,0.0002741463
2018-01-03,0.00028077382
2018-01-04,0.00027789857
2018-01-05,0.00027840532
2018-01-08,0.0002798932
2018-01-09,0.00027952954
2018-01-10,0.0002861104
2018-01-11,0.00028292197
2018-01-12,0.00027915442
2018-01-15,0.000278869
2018-01-16,0.0002776222
2018-01-17,0.00027609724
2018-01-18,0.00027953988
2018-01-19,0.00028333307
2018-01-22,0.00028474475
2018-01-23,0.0002819332
2018-01-24,0.0002747788
2018-01-25,0.0002781068
2018-01-26,0.00027364548
2018-01-29,0.0002793406
2018-01-30,0.0002822562
2018-01-31,0.00028371674
2018-02-01,0.00028032952
2018-02-02,0.00028687794
2018-02-05,0.00028854574
2018-02-06,0.00027018736
2018-02-07,0.00027889054
2018-02-08,0.00028230427
2018-02-09,0.00027834994
2018-02-12,0.0002801019
2018-02-13,0.00027889226
2018-02-14,0.00027500335
2018-02-15,0.00028507263
2018-02-16,0.00028117755
2018-02-19,0.00027528635
2018-02-20,0.0002754259
2018-02-21,0.0002774142
2018-02-22,0.00028174362
2018-02-23,0.00027751236
2018-02-26,0.00027082776
2018-02-27,0.0002710249
2018-02-28,0.0002783124
2018-03-01,0.00027417004
2018-03-02,0.0002683901
2018-03-05,0.00027780433
2018-03-06,0.00027996767
2018-03-07,0.00027926138
2018-03-08,0.00027852127
2018-03-09,0.00027465812
2018-03-12,0.00027898536
2018-03-13,0.00027445174
2018-03-14,0.00027270976
2018-03-15,0.00027119392
2018-03-16,0.00027417834
2018-03-19,0.00027743191
2018-03-20,0.0002791443
2018-03-21,0.00028169525
2018-03-22,0.00027888198
2018-03-23,0.000271477
2018-03-26,0.000271288
2018-03-27,0.00027792575
2018-03-28,0.0002686293
2018-03-29,0.00027229553
2018-03-30,0.00027118242
2018-04-02,0.00027381637
2018-04-03,0.00027389367
2018-04-04,0.00028074055
2018-04-05,0.0002807313
2018-04-06,0.00028366482
2018-04-09,0.00027411594
2018-04-10,0.00027477572
2018-04-11,0.00027839423
2018-04-12,0.00027630277
2018-04-13,0.00028231327
2018-04-16,0.00027881443
2018-04-17,0.0002786988
2018-04-18,0.00027685717
2018-04-19,0.00028293952
2018-04-20,0.00028487926
2018-04-23,0.00028688586
2018-04-24,0.00028413202
2018-04-25,0.0002825946
2018-04-26,0.00028312393
2018-04-27,0.00027532378
2018-04-30,0.0002723956
2018-05-01,0.00027175932
2018-05-02,0.00027588004
2018-05-03,0.00027583356
2018-05-04,0.00027206005
2018-05-07,0.000273806
2018-05-08,0.0002759737
2018-05-09,0.00027928126
2018-05-10,0.0002822855
2018-05-11,0.00027700776
2018-05-14,0.00027677804
2018-05-15,0.00028028246
2018-05-16,0.00028787696
2018-05-17,0.0002868808
2018-05-18,0.00028357073
2018-05-21,0.0002740781
2018-05-22,0.0002732851
2018-05-23,0.00027476854
2018-05-24,0.00026789942
2018-05-25,0.00026704546
2018-05-28,0.00026462038
2018-05-29,0.00026976896
2018-05-30,0.0002558443
2018-05-31,0.00027165154
2018-06-01,0.0002757898
2018-06-04,0.00028343796
2018-06-05,0.00028768543
2018-06-06,0.00028008356
2018-06-07,0.00028553823
2018-06-08,0.00027543496
2018-06-11,0.00027795724
2018-06-12,0.00027892482
2018-06-13,0.00027885436
2018-06-14,0.00027974337
2018-06-15,0.00027329184
2018-06-18,0.00027311745
2018-06-19,0.00027363416
2018-06-20,0.0002706139
2018-06-21,0.00027836717
2018-06-22,0.00027383756
2018-06-25,0.00027493312
2018-06-26,0.00027375374
2018-06-27,0.00027452383
2018-06-28,0.00026961576
2018-06-29,0.00027432735
2018-07-02,0.00027704833
2018-07-03,0.00027855698
2018-07-04,0.00027422214
2018-07-05,0.0002754869
2018-07-06,0.0002761715
2018-07-09,0.0002752929
2018-07-10,0.0002802161
2018-07-11,0.00028042414
2018-07-12,0.00027583697
2018-07-13,0.00027684105
2018-07-16,0.00027417633
2018-07-17,0.00027787805
2018-07-18,0.00027852572
2018-07-19,0.00027917017
2018-07-20,0.00027387592
2018-07-23,0.0002806039
2018-07-24,0.00028708304
2018-07-25,0.00028197648
2018-07-26,0.00028078636
2018-07-27,0.00028057114
2018-07-30,0.00027612687
2018-07-31,0.0002779636
2018-08-01,0.0002749565
2018-08-02,0.0002791703
2018-08-03,0.00027618403
2018-08-06,0.0002721155
2018-08-07,0.00027299795
2018-08-08,0.00027784682
2018-08-09,0.00027622478
2018-08-10,0.0002721652
2018-08-13,0.0002671629
2018-08-14,0.0002716133
2018-08-15,0.0002757143
2018-08-16,0.00027280336
2018-08-17,0.0002753788
2018-08-20,0.00027585792
2018-08-21,0.0002716832
2018-08-22,0.00027629657
2018-08-23,0.000274024
2018-08-24,0.0002756842
2018-08-27,0.0002760941
2018-08-28,0.0002803596
2018-08-29,0.0002829543
2018-08-30,0.00028122737
2018-08-31,0.00027650443
2018-09-03,0.00027614558
2018-09-04,0.00027626555
2018-09-05,0.00028005545
2018-09-06,0.00027891883
2018-09-07,0.00027468777
2018-09-10,0.00028261502
2018-09-11,0.00027938734
2018-09-12,0.0002840449
2018-09-13,0.00027915183
2018-09-14,0.00027802645
2018-09-17,0.00028019623
2018-09-18,0.00027826778
2018-09-19,0.00028401756
2018-09-20,0.00028365717
2018-09-21,0.00028042588
2018-09-24,0.00027785162
2018-09-25,0.00027865125
2018-09-26,0.0002790685
2018-09-27,0.00027251788
2018-09-28,0.00027379883
2018-10-01,0.0002740039
2018-10-02,0.0002791615
2018-10-03,0.0002741957
2018-10-04,0.0002872156
2018-10-05,0.00028754276
2018-10-08,0.00028709564
2018-10-09,0.00028205258
2018-10-10,0.0002762835
2018-10-11,0.00027498163
2018-10-12,0.00026852748
2018-10-15,0.0002732454
2018-10-16,0.00027361166
2018-10-17,0.00027508684
2018-10-18,0.00028060502
2018-10-19,0.0002764998
2018-10-22,0.00027866632
2018-10-23,0.0002777444
2018-10-24,0.00027325237
2018-10-25,0.0002659973
2018-10-26,0.00027412048
2018-10-29,0.00026840367
2018-10-30,0.00027224424
2018-10-31,0.0002781619
2018-11-01,0.00028227316
2018-11-02,0.0002792997
2018-11-05,0.00028756593
2018-11-06,0.0002826003
2018-11-07,0.0002819468
2018-11-08,0.00027962186
2018-11-09,0.00028037548
2018-11-12,0.00027225967
2018-11-13,0.00026871744
2018-11-14,0.0002703001
2018-11-15,0.00026947903
2018-11-16,0.0002714523
2018-11-19,0.00026901436
2018-11-20,0.0002701827
2018-11-21,0.00027377484
2018-11-22,0.00027609488
2018-11-23,0.00027712804
2018-11-26,0.00027673386
2018-11-27,0.0002785698
2018-11-28,0.00027672498
2018-11-29,0.00027719635
2018-11-30,0.00027314888
2018-12-03,0.0002715203
2018-12-04,0.00027026527
2018-12-05,0.00026567807
2018-12-06,0.00027043113
2018-12-07,0.00026950406
2018-12-10,0.00026841194
2018-12-11,0.00027159415
2018-12-12,0.00027865553
2018-12-13,0.00028331656
2018-12-14,0.00028061456
2018-12-17,0.0002770559
2018-12-18,0.00027245568
2018-12-19,0.00027029088
2018-12-20,0.00026738024
2018-12-21,0.00027340214
2018-12-24,0.00027389382
2018-12-25,0.000271541
2018-12-26,0.0002741401
2018-12-27,0.0002834211
2018-12-28,0.00027742333
2018-12-31,0.00026875842
2019-01-01,0.0002660169
2019-01-02,0.0002705911
2019-01-03,0.00027023716
2019-01-04,0.00026069998
2019-01-07,0.00028072757
2019-01-08,0.00028484137
2019-01-09,0.00028660006
2019-01-10,0.00028232802
2019-01-11,0.0002810307
2019-01-14,0.00027445905
2019-01-15,0.0002760411
2019-01-16,0.00027774187
2019-01-17,0.00027823384
2019-01-18,0.00028052687
2019-01-21,0.00028411165
2019-01-22,0.000281128
2019-01-23,0.00027350258
2019-01-24,0.00027509936
2019-01-25,0.00027039926
2019-01-28,0.00027648118
2019-01-29,0.00027627943
2019-01-30,0.00027196776
2019-01-31,0.00027027397
2019-02-01,0.00026570508
2019-02-04,0.00027900338
2019-02-05,0.00028241365
2019-02-06,0.00027799368
2019-02-07,0.00027658392
2019-02-08,0.00027159683
2019-02-11,0.00027161578
2019-02-12,0.00027635955
2019-02-13,0.00027908303
2019-02-14,0.0002825691
2019-02-15,0.00027298366
2019-02-18,0.00027598205
2019-02-19,0.00027640717
2019-02-20,0.0002739243
2019-02-21,0.0002754578
2019-02-22,0.0002809595
2019-02-25,0.00027477468
2019-02-26,0.00027807715
2019-02-27,0.00027293267
2019-02-28,0.00028019084
2019-03-01,0.0002832619
2019-03-04,0.0002861042
2019-03-05,0.00027740933
2019-03-06,0.00027586974
2019-03-07,0.000271403
2019-03-08,0.00026784703
2019-03-11,0.0002689646
2019-03-12,0.0002734719
2019-03-13,0.00027076105
2019-03-14,0.00027419828
2019-03-15,0.0002781484
2019-03-18,0.0002731595
2019-03-19,0.0002771721
2019-03-20,0.0002786067
2019-03-21,0.00026710285
2019-03-22,0.00027184116
2019-03-25,0.00026235657
2019-03-26,0.00026436395
2019-03-27,0.00027141013
2019-03-28,0.00026988686
2019-03-29,0.0002734564
2019-04-01,0.00027837258
2019-04-02,0.0002898507
2019-04-03,0.00028285317
2019-04-04,0.00028578728
2019-04-05,0.00028065252
2019-04-08,0.00027811775
2019-04-09,0.00027981456
2019-04-10,0.0002754104
2019-04-11,0.00027174887
2019-04-12,0.00027705537
2019-04-15,0.00028437897
2019-04-16,0.0002792866
2019-04-17,0.00028359925
2019-04-18,0.00028046887
2019-04-19,0.000274844
2019-04-22,0.0002752268
2019-04-23,0.00027788684
2019-04-24,0.00027442016
2019-04-25,0.00026911596
2019-04-26,0.00027404536
2019-04-29,0.00027107148
2019-04-30,0.00027688965
2019-05-01,0.00027410075
2019-05-02,0.00027623153
2019-05-03,0.0002814323
2019-05-06,0.00027787438
2019-05-07,0.0002734967
2019-05-08,0.0002693928
2019-05-09,0.0002754733
2019-05-10,0.0002720923
2019-05-13,0.00027529703
2019-05-14,0.0002682723
2019-05-15,0.00027344946
2019-05-16,0.00027018486
2019-05-17,0.00027649885
2019-05-20,0.00027655094
2019-05-21,0.00027993956
2019-05-22,0.00028104178
2019-05-23,0.00027489662
2019-05-24,0.00026593046
2019-05-27,0.00027070713
2019-05-28,0.00027347213
2019-05-29,0.00026825647
2019-05-30,0.00027268846
2019-05-31,0.00026913275
2019-06-03,0.00026206695
2019-06-04,0.00026078845
2019-06-05,0.00027396684
2019-06-06,0.00027643875
2019-06-07,0.0002781249
2019-06-10,0.00027226572
2019-06-11,0.0002827827
2019-06-12,0.00028123596
2019-06-13,0.00027583112
2019-06-14,0.00027239823
2019-06-17,0.00027307274
2019-06-18,0.00027503746
2019-06-19,0.00027291782
2019-06-20,0.00027031024
2019-06-21,0.00027055838
2019-06-24,0.00028004765
2019-06-25,0.0002738131
2019-06-26,0.00027289832
2019-06-27,0.00028140366
2019-06-28,0.00027527087
2019-07-01,0.00027541717
2019-07-02,0.00027825506
2019-07-03,0.000272204
2019-07-04,0.00027105556
2019-07-05,0.00027352554
2019-07-08,0.00028542988
2019-07-09,0.00028413662
2019-07-10,0.00028245614
2019-07-11,0.00027928012
2019-07-12,0.0002860098
2019-07-15,0.00028040155
2019-07-16,0.00027510975
2019-07-17,0.00027878245
2019-07-18,0.00027013512
2019-07-19,0.00026839258
2019-07-22,0.0002744705
2019-07-23,0.0002748726
2019-07-24,0.00027855736
2019-07-25,0.00027582745
2019-07-26,0.00027923894
2019-07-29,0.00027883262
2019-07-30,0.00027670796
2019-07-31,0.00027608508
2019-08-01,0.0002723148
2019-08-02,0.00025584528
2019-08-05,0.0002607044
2019-08-06,0.0002537409
2019-08-07,0.00026114561
2019-08-08,0.0002688104
2019-08-09,0.00027355092
2019-08-12,0.0002790017
2019-08-13,0.00026950202
2019-08-14,0.0002791816
2019-08-15,0.0002686948
2019-08-16,0.00026241865
2019-08-19,0.00027307885
2019-08-20,0.00028331255
2019-08-21,0.00027471335
2019-08-22,0.00028041392
2019-08-23,0.00028312075
2019-08-26,0.00027018244
2019-08-27,0.00027433294
2019-08-28,0.0002685462
2019-08-29,0.00027140326
2019-08-30,0.00027708485
2019-09-02,0.00027710645
2019-09-03,0.00027748506
2019-09-04,0.0002740604
2019-09-05,0.00027285007
2019-09-06,0.00028765356
2019-09-09,0.00028284977
2019-09-10,0.00029049852
2019-09-11,0.00029674434
2019-09-12,0.00029014086
2019-09-13,0.00028761153
2019-09-16,0.0002969193
2019-09-17,0.000280822
2019-09-18,0.00027340185
2019-09-19,0.00027261378
2019-09-20,0.00027238418
2019-09-23,0.0002641278
2019-09-24,0.00026627607
2019-09-25,0.0002623918
2019-09-26,0.00027897017
2019-09-27,0.00027553207
2019-09-30,0.00027441845
2019-10-01,0.00027467508
2019-10-02,0.00027164925
2019-10-03,0.00026863214
2019-10-04,0.0002639388
2019-10-07,0.00026650907
2019-10-08,0.0002768133
2019-10-09,0.00027448573
2019-10-10,0.0002804025
2019-10-11,0.0002899093
2019-10-14,0.00029637245
2019-10-15,0.00028445723
2019-10-16,0.00028871727
2019-10-17,0.00028024995
2019-10-18,0.0002785472
2019-10-21,0.00027557174
2019-10-22,0.00028118005
2019-10-23,0.0002751966
2019-10-24,0.0002746298
2019-10-25,0.00027536045
2019-10-28,0.00027914884
2019-10-29,0.0002842072
2019-10-30,0.00027980737
2019-10-31,0.00027057246
2019-11-01,0.00026245986
2019-11-04,0.0002709795
2019-11-05,0.00028181678
2019-11-06,0.00028912415
2019-11-07,0.00028007771
2019-11-08,0.00029159887
2019-11-11,0.0002878942
2019-11-12,0.00028132496
2019-11-13,0.00027803134
2019-11-14,0.0002723962
2019-11-15,0.00026525784
2019-11-18,0.00027058963
2019-11-19,0.0002702383
2019-11-20,0.00026998573
2019-11-21,0.00026712284
2019-11-22,0.0002754622
2019-11-25,0.00027705418
2019-11-26,0.00027693564
2019-11-27,0.00027445282
2019-11-28,0.00028004378
2019-11-29,0.00027931182
2019-12-02,0.00027994215
2019-12-03,0.00028465883
2019-12-04,0.00026728408
2019-12-05,0.00027691995
2019-12-06,0.00028067594
2019-12-09,0.00028417725
2019-12-10,0.00028000062
2019-12-11,0.000280414
2019-12-12,0.00027206817
2019-12-13,0.0002863095
2019-12-16,0.0002730615
2019-12-17,0.0002816882
2019-12-18,0.00027950443
2019-12-19,0.00028259706
2019-12-20,0.0002788299
2019-12-23,0.000277672
2019-12-24,0.00027844476
2019-12-25,0.0002747492
2019-12-26,0.00027525343
2019-12-27,0.00027336978
2019-12-30,0.00027230522
2019-12-31,0.00027511624
2020-01-01,0.0002818685
2020-01-02,0.000280175
2020-01-03,0.0002715057
2020-01-06,0.0002627337
2020-01-07,0.00027001274
2020-01-08,0.00027547753
2020-01-09,0.00028045688
2020-01-10,0.0002784655
2020-01-13,0.00027477898
2020-01-14,0.00027769714
2020-01-15,0.00027444927
2020-01-16,0.00027149342
2020-01-17,0.0002770917
2020-01-20,0.00027863635
2020-01-21,0.0002782178
2020-01-22,0.00027150274
2020-01-23,0.00027336128
2020-01-24,0.00027090177
2020-01-27,0.00026773778
2020-01-28,0.0002607623
2020-01-29,0.00027294838
2020-01-30,0.0002677199
2020-01-31,0.00027062764
2020-02-03,0.0002660072
2020-02-04,0.00027258674
2020-02-05,0.0002847389
2020-02-06,0.0002897517
2020-02-07,0.00028429602
2020-02-10,0.00027385112
2020-02-11,0.00027170058
2020-02-12,0.00027744143
2020-02-13,0.00028143034
2020-02-14,0.0002782771
2020-02-17,0.0002736264
2020-02-18,0.00027472383
2020-02-19,0.00027298086
2020-02-20,0.00027480753
2020-02-21,0.00027108833
2020-02-24,0.0002670188
2020-02-25,0.00025863378
2020-02-26,0.00026172271
2020-02-27,0.00026943625
2020-02-28,0.000265797
2020-03-02,0.0002533239
2020-03-03,0.00026486302
2020-03-04,0.00025255218
2020-03-05,0.00026725698
2020-03-06,0.00025884502
2020-03-09,0.0002515128
2020-03-10,0.0002490037
2020-03-11,0.00029187073
2020-03-12,0.0003050289
2020-03-13,0.00029528677
2020-03-16,0.0002993781
2020-03-17,0.00024815177
2020-03-18,0.00029877393
2020-03-19,0.00031275157
2020-03-20,0.00029311448
2020-03-23,0.00024436502
2020-03-24,0.0002359201
2020-03-25,0.00026205712
2020-03-26,0.00026759953
2020-03-27,0.00026844774
2020-03-30,0.00026107972
2020-03-31,0.00026474046
2020-04-01,0.00026811473
2020-04-02,0.00026657816
2020-04-03,0.00027194674
2020-04-06,0.00027434592
2020-04-07,0.0002841245
2020-04-08,0.0002896734
2020-04-09,0.00028746435
2020-04-10,0.00028012044
2020-04-13,0.00027862084
2020-04-14,0.00028123433
2020-04-15,0.00027695883
2020-04-16,0.0002619997
2020-04-17,0.000265591
2020-04-20,0.00027439915
2020-04-21,0.00027165643
2020-04-22,0.00026962976
2020-04-23,0.0002779793
2020-04-24,0.00027719454
2020-04-27,0.00027725886
2020-04-28,0.00028614007
2020-04-29,0.0002759123
2020-04-30,0.00027710284
2020-05-01,0.00028086474
2020-05-04,0.00027711032
2020-05-05,0.00027660554
2020-05-06,0.00027775022
2020-05-07,0.00028326456
2020-05-08,0.0002708809
2020-05-11,0.00027819476
2020-05-12,0.00028213163
2020-05-13,0.0002747355
2020-05-14,0.00027209366
2020-05-15,0.0002713342
2020-05-18,0.00027458198
2020-05-19,0.00028562805
2020-05-20,0.00027804828
2020-05-21,0.00027717394
2020-05-22,0.00027595085
2020-05-25,0.0002732117
2020-05-26,0.00027457555
2020-05-27,0.0002798101
2020-05-28,0.0002775171
2020-05-29,0.00027876816
2020-06-01,0.00027290318
2020-06-02,0.00027503027
2020-06-03,0.00027847162
2020-06-04,0.00028751534
2020-06-05,0.00028992625
2020-06-08,0.0002926773
2020-06-09,0.00028425074
2020-06-10,0.00027469805
2020-06-11,0.00026247738
2020-06-12,0.00026151835
2020-06-15,0.0002707978
2020-06-16,0.00027475815
2020-06-17,0.00027939823
2020-06-18,0.00027640013
2020-06-19,0.0002733518
2020-06-22,0.00027449633
2020-06-23,0.00027723453
2020-06-24,0.0002779883
2020-06-25,0.0002748106
2020-06-26,0.0002755422
2020-06-29,0.0002719266
2020-06-30,0.00027246468
2020-07-01,0.00027737935
2020-07-02,0.0002800621
2020-07-03,0.0002771309
2020-07-06,0.00027714774
2020-07-07,0.00027952646
2020-07-08,0.0002734261
2020-07-09,0.00027728226
2020-07-10,0.00027207428
2020-07-13,0.00027713925
2020-07-14,0.00027550705
2020-07-15,0.00027630816
2020-07-16,0.0002772295
2020-07-17,0.0002760751
2020-07-20,0.0002769037
2020-07-21,0.00027595635
2020-07-22,0.00027469307
2020-07-23,0.00027512366
2020-07-24,0.00027437406
2020-07-27,0.0002763249
2020-07-28,0.00027927547
2020-07-29,0.00027473076
2020-07-30,0.00027354027
2020-07-31,0.0002727322
2020-08-03,0.00027414365
2020-08-04,0.00027627312
2020-08-05,0.00027133542
2020-08-06,0.00027911746
2020-08-07,0.0002768373
2020-08-10,0.00028052498
2020-08-11,0.00028105458
2020-08-12,0.00028504414
2020-08-13,0.0002865832
2020-08-14,0.00028585995
2020-08-17,0.00028106343
2020-08-18,0.0002760811
2020-08-19,0.0002728853
2020-08-20,0.00027596732
2020-08-21,0.0002713546
2020-08-24,0.00027205882
2020-08-25,0.00027614195
2020-08-26,0.00028043386
2020-08-27,0.00027992314
2020-08-28,0.00028452452
2020-08-31,0.00027890713
2020-09-01,0.00027616214
2020-09-02,0.00027091705
2020-09-03,0.00027075328
2020-09-04,0.0002710248
2020-09-07,0.00028245317
2020-09-08,0.00028067207
2020-09-09,0.00027590012
2020-09-10,0.00027705973
2020-09-11,0.00027501906
2020-09-14,0.0002732395
2020-09-15,0.00027616986
2020-09-16,0.0002774183
2020-09-17,0.00027830203
2020-09-18,0.0002773711
2020-09-21,0.0002787107
2020-09-22,0.00027512986
2020-09-23,0.00027576613
2020-09-24,0.00027621986
2020-09-25,0.00027571843
2020-09-28,0.00027491944
2020-09-29,0.00027603708
2020-09-30,0.0002753324
2020-10-01,0.0002804385
2020-10-02,0.00027834158
2020-10-05,0.00027938
2020-10-06,0.00028859757
2020-10-07,0.00028029305
2020-10-08,0.0002832201
2020-10-09,0.00027740982
2020-10-12,0.00027745942
2020-10-13,0.0002750317
2020-10-14,0.0002717533
2020-10-15,0.00027292938
2020-10-16,0.0002761291
2020-10-19,0.0002774452
2020-10-20,0.00028002326
2020-10-21,0.00028238245
2020-10-22,0.0002824092
2020-10-23,0.00028574603
2020-10-26,0.00027978534
2020-10-27,0.0002738962
2020-10-28,0.00027094776
2020-10-29,0.00027302958
2020-10-30,0.00028123465
2020-11-02,0.00028485002
2020-11-03,0.0002789421
2020-11-04,0.00028151175
2020-11-05,0.00026587516
2020-11-06,0.0002700082
2020-11-09,0.00027814173
2020-11-10,0.00028981798
2020-11-11,0.00028963332
2020-11-12,0.0002819711
2020-11-13,0.00027029697
2020-11-16,0.00027435232
2020-11-17,0.000276211
2020-11-18,0.00027212466
2020-11-19,0.00027437694
2020-11-20,0.00027364388
2020-11-23,0.0002722256
2020-11-24,0.00027746902
2020-11-25,0.00028014643
2020-11-26,0.00027863926
2020-11-27,0.00027808046
2020-11-30,0.0002728277
2020-12-01,0.00027546583
2020-12-02,0.00028469122
2020-12-03,0.00028457676
2020-12-04,0.00027721564
2020-12-07,0.0002830788
2020-12-08,0.0002753824
2020-12-09,0.00027390523
2020-12-10,0.00027703543
2020-12-11,0.00027322068
2020-12-14,0.00027128484
2020-12-15,0.00027439586
2020-12-16,0.00027717816
2020-12-17,0.0002786658
2020-12-18,0.00027937503
2020-12-21,0.00027990816
2020-12-22,0.00027769842
2020-12-23,0.00027462523
2020-12-24,0.00027877718
2020-12-25,0.00027576427
2020-12-28,0.00027616444
2020-12-29,0.0002763021
2020-12-30,0.0002767876
2020-12-31,0.00027577317
2021-01-01,0.00027517282
2021-01-04,0.00027587436
2021-01-05,0.00027598228
2021-01-06,0.00028022125
2021-01-07,0.00028849006
2021-01-08,0.0002897459
2021-01-11,0.00028911344
2021-01-12,0.0002868976
2021-01-13,0.00028241682
2021-01-14,0.00027364586
2021-01-15,0.00027753317
2021-01-18,0.00027217797
2021-01-19,0.0002733882
2021-01-20,0.0002734608
2021-01-21,0.0002739539
2021-01-22,0.00027742056
2021-01-25,0.0002749027
2021-01-26,0.00026926407
2021-01-27,0.00027290295
2021-01-28,0.00027292143
2021-01-29,0.0002790904
2021-02-01,0.0002815886
2021-02-02,0.00027812584
2021-02-03,0.00028185695
2021-02-04,0.00028393033
2021-02-05,0.0002816489
2021-02-08,0.00028290792
2021-02-09,0.00027949497
2021-02-10,0.00027674338
2021-02-11,0.0002722148
2021-02-12,0.00027481656
2021-02-15,0.0002807573
2021-02-16,0.0002792016
2021-02-17,0.0002897907
2021-02-18,0.0002835534
2021-02-19,0.00028060947
2021-02-22,0.00028503579
2021-02-23,0.0002839419
2021-02-24,0.0002792602
2021-02-25,0.0002797744
2021-02-26,0.00029941893
2021-03-01,0.00027565568
2021-03-02,0.00027677164
2021-03-03,0.0002729465
2021-03-04,0.00028233937
2021-03-05,0.00028775807
2021-03-08,0.0002853208
2021-03-09,0.00028771706
2021-03-10,0.00027513035
2021-03-11,0.0002714837
2021-03-12,0.0002733959
2021-03-15,0.00028597802
2021-03-16,0.00028031284
2021-03-17,0.00027885116
2021-03-18,0.00028037353
2021-03-19,0.00028871
2021-03-22,0.00028475325
2021-03-23,0.00027580236
2021-03-24,0.00026750576
2021-03-25,0.00026839113
2021-03-26,0.00027350878
2021-03-29,0.00028034564
2021-03-30,0.00028478375
2021-03-31,0.00028330623
2021-04-01,0.00028297276
2021-04-02,0.00027318357
2021-04-05,0.0002741719
2021-04-06,0.00027949864
2021-04-07,0.0002705774
2021-04-08,0.0002738594
2021-04-09,0.00026956236
2021-04-12,0.00027674666
2021-04-13,0.00027815782
2021-04-14,0.00027131778
2021-04-15,0.00027565163
2021-04-16,0.00026610956
2021-04-19,0.0002749201
2021-04-20,0.00027796408
2021-04-21,0.0002733289
2021-04-22,0.0002742817
2021-04-23,0.00027445293
2021-04-26,0.00027790965
2021-04-27,0.00027960108
2021-04-28,0.00028518986
2021-04-29,0.00028002544
2021-04-30,0.00028153736
2021-05-03,0.00027812246
2021-05-04,0.0002745639
2021-05-05,0.00027304894
2021-05-06,0.00027235763
2021-05-07,0.00027337635
2021-05-10,0.00027426454
2021-05-11,0.0002787143
2021-05-12,0.00028097618
2021-05-13,0.00028734189
2021-05-14,0.0002779998
2021-05-17,0.00027374123
2021-05-18,0.0002762164
2021-05-19,0.00027635257
2021-05-20,0.00028128282
2021-05-21,0.0002728997
2021-05-24,0.0002737012
2021-05-25,0.0002733542
2021-05-26,0.00026886005
2021-05-27,0.000273958
2021-05-28,0.0002782843
2021-05-31,0.00027832057
2021-06-01,0.00027809822
2021-06-02,0.0002781568
2021-06-03,0.00027598784
2021-06-04,0.00028049547
2021-06-07,0.00027030712
2021-06-08,0.00027404426
2021-06-09,0.00027063963
2021-06-10,0.00026817393
2021-06-11,0.0002661605
2021-06-14,0.00027321224
2021-06-15,0.00028042
2021-06-16,0.00027954218
2021-06-17,0.00029006673
2021-06-18,0.00027959177
2021-06-21,0.00026931905
2021-06-22,0.00027717694
2021-06-23,0.0002741824
2021-06-24,0.0002784519
2021-06-25,0.00027821612
2021-06-28,0.0002810955
2021-06-29,0.00027441728
2021-06-30,0.00027438538
2021-07-01,0.00027279055
2021-07-02,0.00027554762
2021-07-05,0.00027038343
2021-07-06,0.00027305915
2021-07-07,0.00026640017
2021-07-08,0.00026614263
2021-07-09,0.0002667977
2021-07-12,0.00027966176
2021-07-13,0.00028042356
2021-07-14,0.00028480584
2021-07-15,0.00027528213
2021-07-16,0.00026928753
2021-07-19,0.0002726552
2021-07-20,0.00026081747
2021-07-21,0.0002694278
2021-07-22,0.0002823715
2021-07-23,0.00027741914
2021-07-26,0.00028022422
2021-07-27,0.00028047437
2021-07-28,0.00027245414
2021-07-29,0.00027285694
2021-07-30,0.00027949063
2021-08-02,0.0002742278
2021-08-03,0.00026830612
2021-08-04,0.0002713896
2021-08-05,0.00027432104
2021-08-06,0.0002816811
2021-08-09,0.00028974056
2021-08-10,0.00028848948
2021-08-11,0.00028686645
2021-08-12,0.00028074608
2021-08-13,0.00028021255
2021-08-16,0.00026895435
2021-08-17,0.00026777753
2021-08-18,0.0002717685
2021-08-19,0.00027454746
2021-08-20,0.0002720808
2021-08-23,0.0002756751
2021-08-24,0.00027608726
2021-08-25,0.00028115313
2021-08-26,0.0002861652
2021-08-27,0.00028273193
2021-08-30,0.0002751058
2021-08-31,0.00027234148
2021-09-01,0.0002769012
2021-09-02,0.00027617466
2021-09-03,0.00027448288
2021-09-06,0.00027922398
2021-09-07,0.0002783862
2021-09-08,0.0002841304
2021-09-09,0.00027688587
2021-09-10,0.00027208516
2021-09-13,0.00027884092
2021-09-14,0.0002761565
2021-09-15,0.00027031897
2021-09-16,0.00027556263
2021-09-17,0.00028135494
2021-09-20,0.00028452955
2021-09-21,0.00027348776
2021-09-22,0.00027555364
2021-09-23,0.00027446193
2021-09-24,0.0002899655
2021-09-27,0.00028988096
2021-09-28,0.00028890427
2021-09-29,0.00028977526
2021-09-30,0.00028225535
2021-10-01,0.00027712627
2021-10-04,0.00026936733
2021-10-05,0.00027331762
2021-10-06,0.000279206
2021-10-07,0.00027765194
2021-10-08,0.00028356985
2021-10-11,0.0002843059
2021-10-12,0.00028507403
2021-10-13,0.00027414688
2021-10-14,0.00027148632
2021-10-15,0.00026933677
2021-10-18,0.00028003045
2021-10-19,0.00028121058
2021-10-20,0.00028535485
2021-10-21,0.00028273126
2021-10-22,0.00028436817
2021-10-25,0.00027693433
2021-10-26,0.00027434237
2021-10-27,0.00027284052
2021-10-28,0.00026506142
2021-10-29,0.000273698
2021-11-01,0.00027451792
2021-11-02,0.00027590294
2021-11-03,0.0002727029
2021-11-04,0.0002797109
2021-11-05,0.00027029234
2021-11-08,0.0002642446
2021-11-09,0.00027644497
2021-11-10,0.00026992682
2021-11-11,0.00028700393
2021-11-12,0.0002890213
2021-11-15,0.00028123552
2021-11-16,0.0002857276
2021-11-17,0.00028343702
2021-11-18,0.0002746163
2021-11-19,0.0002738522
2021-11-22,0.00027020273
2021-11-23,0.0002842783
2021-11-24,0.00028806194
2021-11-25,0.00027863015
2021-11-26,0.00027745846
2021-11-29,0.00025599968
2021-11-30,0.0002672535
2021-12-01,0.00026161532
2021-12-02,0.00026499934
2021-12-03,0.00027402013
2021-12-06,0.00026684458
2021-12-07,0.0002797766
2021-12-08,0.00028597843
2021-12-09,0.00028847976
2021-12-10,0.00028036753
2021-12-13,0.00027789315
2021-12-14,0.0002696372
2021-12-15,0.0002749976
2021-12-16,0.00027814432
2021-12-17,0.0002730625
2021-12-20,0.0002709589
2021-12-21,0.0002747182
2021-12-22,0.0002821998
2021-12-23,0.00027893548
2021-12-24,0.00028158713
2021-12-27,0.0002798669
2021-12-28,0.00027803567
2021-12-29,0.0002777168
2021-12-30,0.00028546428
2021-12-31,0.00027665167
2022-01-03,0.0002782014
2022-01-04,0.00029234646
2022-01-05,0.0002869359
2022-01-06,0.00028915715
2022-01-07,0.00028756287
2022-01-10,0.00028766494
2022-01-11,0.00028279627
2022-01-12,0.00027538533
2022-01-13,0.00027445832
2022-01-14,0.00026934678
2022-01-17,0.0002826953
2022-01-18,0.0002801929
2022-01-19,0.0002907239
2022-01-20,0.00028117187
2022-01-21,0.00027539942
2022-01-24,0.00026597828
2022-01-25,0.0002711095
2022-01-26,0.0002754214
2022-01-27,0.0002875693
2022-01-28,0.00027692536
2022-01-31,0.00027305866
2022-02-01,0.00027437674
2022-02-02,0.00027754426
2022-02-03,0.00027407808
2022-02-04,0.0002820924
2022-02-07,0.00029258683
2022-02-08,0.00028609575
2022-02-09,0.0002873078
2022-02-10,0.00028045566
2022-02-11,0.00029304047
2022-02-14,0.00026930388
2022-02-15,0.00028223294
2022-02-16,0.00028423293
2022-02-17,0.00027733564
2022-02-18,0.00026777273
2022-02-21,0.0002654329
2022-02-22,0.00026960424
2022-02-23,0.0002727328
2022-02-24,0.00028310734
2022-02-25,0.0002774433
2022-02-28,0.00027792764
2022-03-01,0.0002594185
2022-03-02,0.00025053756
2022-03-03,0.0002855344
2022-03-04,0.00027655027
2022-03-07,0.000261501
2022-03-08,0.00027493126
2022-03-09,0.0002871148
2022-03-10,0.0002940055
2022-03-11,0.00029516988
2022-03-14,0.00028843267
2022-03-15,0.0003036167
2022-03-16,0.00029306966
2022-03-17,0.0002874603
2022-03-18,0.00028469905
2022-03-21,0.00027516
2022-03-22,0.00029509052
2022-03-23,0.00029558502
2022-03-24,0.00027597943
2022-03-25,0.00028348572
2022-03-28,0.0002960414
2022-03-29,0.00028379043
2022-03-30,0.00027160096
2022-03-31,0.00026576128
2022-04-01,0.00026604117
2022-04-04,0.00028032807
2022-04-05,0.00028008863
2022-04-06,0.00029802189
2022-04-07,0.00029545545
2022-04-08,0.00029164465
2022-04-11,0.00029305447
2022-04-12,0.00029318788
2022-04-13,0.00027760223
2022-04-14,0.00027201034
2022-04-15,0.00028693373
2022-04-18,0.00028208102
2022-04-19,0.00028361753
2022-04-20,0.00029061094
2022-04-21,0.00027182134
2022-04-22,0.00028145805
2022-04-25,0.00027806833
2022-04-26,0.0002665349
2022-04-27,0.00025917531
2022-04-28,0.00027483236
2022-04-29,0.0002784258
2022-05-02,0.00028686714
2022-05-03,0.00029541453
2022-05-04,0.00028637503
2022-05-05,0.0002717761
2022-05-06,0.00028915517
2022-05-09,0.00029313646
2022-05-10,0.00027420282
2022-05-11,0.0002688009
2022-05-12,0.00026117475
2022-05-13,0.00026141555
2022-05-16,0.00027594747
2022-05-17,0.00027016344
2022-05-18,0.00028548753
2022-05-19,0.00027141612
2022-05-20,0.00026803225
2022-05-23,0.00026437078
2022-05-24,0.00027960705
2022-05-25,0.00026559853
2022-05-26,0.00026730978
2022-05-27,0.00027260868
2022-05-30,0.00027288252
2022-05-31,0.00027529424
2022-06-01,0.00029358602
2022-06-02,0.00029699702
2022-06-03,0.00028696176
2022-06-06,0.00028563075
2022-06-07,0.00029359278
2022-06-08,0.00027977137
2022-06-09,0.0002834152
2022-06-10,0.00028121154
2022-06-13,0.00029424205
2022-06-14,0.0003151744
2022-06-15,0.00031192115
2022-06-16,0.00027388483
2022-06-17,0.00026170159
2022-06-20,0.00026482716
2022-06-21,0.00026808548
2022-06-22,0.00027921118
2022-06-23,0.0002577824
2022-06-24,0.0002558481
2022-06-27,0.00027014044
2022-06-28,0.00028290667
2022-06-29,0.0002796071
2022-06-30,0.00026636646
2022-07-01,0.00025858925
2022-07-04,0.00024907885
2022-07-05,0.00026086738
2022-07-06,0.0002628831
2022-07-07,0.00028389084
2022-07-08,0.0002930801
2022-07-11,0.0002980066
2022-07-12,0.0002777443
2022-07-13,0.00027340007
2022-07-14,0.00026764022
2022-07-15,0.00028001503
2022-07-18,0.00027345584
2022-07-19,0.00027949945
2022-07-20,0.00028596088
2022-07-21,0.00028412475
2022-07-22,0.0002627907
2022-07-25,0.0002492807
2022-07-26,0.00026559902
2022-07-27,0.00027017485
2022-07-28,0.00027061458
2022-07-29,0.000258233
2022-08-01,0.00026594842
2022-08-02,0.00026219458
2022-08-03,0.0002916952
2022-08-04,0.00028098954
2022-08-05,0.0002721463
2022-08-08,0.00029782837
2022-08-09,0.000280908
2022-08-10,0.00028400426
2022-08-11,0.0002800567
2022-08-12,0.00028901306
2022-08-15,0.0002774512
2022-08-16,0.00027128778
2022-08-17,0.00027456926
2022-08-18,0.00028589935
2022-08-19,0.0002791272
2022-08-22,0.00029177027
2022-08-23,0.00029270112
2022-08-24,0.0002898222
2022-08-25,0.00028916754
2022-08-26,0.0002729372
2022-08-29,0.00027497124
2022-08-30,0.00028390496
2022-08-31,0.0002808844
2022-09-01,0.0002852718
2022-09-02,0.00029416557
2022-09-05,0.00027763392
2022-09-06,0.000276227
2022-09-07,0.0002934696
2022-09-08,0.00027584852
2022-09-09,0.000281122
2022-09-12,0.00027853888
2022-09-13,0.0002810489
2022-09-14,0.00028788688
2022-09-15,0.00028220468
2022-09-16,0.00028491253
2022-09-19,0.00027968735
2022-09-20,0.00028228818
2022-09-21,0.00028940555
2022-09-22,0.00027738663
2022-09-23,0.00030054583
2022-09-26,0.00028865854
2022-09-27,0.0003095832
2022-09-28,0.0003065747
2022-09-29,0.0002568678
2022-09-30,0.000269381
2022-10-03,0.00027493015
2022-10-04,0.0002555975
2022-10-05,0.00025969621
2022-10-06,0.00028173282
2022-10-07,0.00028941978
2022-10-10,0.000293013
2022-10-11,0.00029635103
2022-10-12,0.00028436264
2022-10-13,0.0002753281
2022-10-14,0.00028169696
2022-10-17,0.00028810112
2022-10-18,0.0002813307
2022-10-19,0.00027457182
2022-10-20,0.00029145877
2022-10-21,0.00029717546
2022-10-24,0.00028482045
2022-10-25,0.00028240922
2022-10-26,0.00025881926
2022-10-27,0.00025639264
2022-10-28,0.00025237072
2022-10-31,0.00027034662
2022-11-01,0.00028126157
2022-11-02,0.00028100307
2022-11-03,0.0002829325
2022-11-04,0.000288156
2022-11-07,0.0002875049
2022-11-08,0.00028895077
2022-11-09,0.0002731651
2022-11-10,0.0002683705
2022-11-11,0.0002349582
2022-11-14,0.00025415892
2022-11-15,0.00026786246
2022-11-16,0.0002610178
2022-11-17,0.00025681785
2022-11-18,0.0002772496
2022-11-21,0.00028487304
2022-11-22,0.00028449672
2022-11-23,0.0002735526
2022-11-24,0.00026685765
2022-11-25,0.00027134508
2022-11-28,0.00027469554
2022-11-29,0.00027559366
2022-11-30,0.0002835336
2022-12-01,0.0002670247
2022-12-02,0.00025339035
2022-12-05,0.00025952936
2022-12-06,0.00028353912
2022-12-07,0.00027247507
2022-12-08,0.00026101543
2022-12-09,0.00027721326
2022-12-12,0.00029020102
2022-12-13,0.00028833252
2022-12-14,0.00026985139
2022-12-15,0.00026810763
2022-12-16,0.00026841427
2022-12-19,0.0002760447
2022-12-20,0.00028994077
2022-12-21,0.00029708067
2022-12-22,0.00028733775
2022-12-23,0.0002831926
2022-12-26,0.00028720085
2022-12-27,0.00028233044
2022-12-28,0.0002926454
2022-12-29,0.00028946853
2022-12-30,0.00027551415
2023-01-02,0.00028134903
2023-01-03,0.00027847834
2023-01-04,0.0002642805
2023-01-05,0.00025597255
2023-01-06,0.000266014
2023-01-09,0.00024984562
2023-01-10,0.0002568351
2023-01-11,0.0002761681
2023-01-12,0.00026794116
2023-01-13,0.00025857627
2023-01-16,0.00027572946
2023-01-17,0.00027792648
2023-01-18,0.00028402693
2023-01-19,0.00026058292
2023-01-20,0.00027059077
2023-01-23,0.0002846401
2023-01-24,0.00028783412
2023-01-25,0.0002748415
2023-01-26,0.0002738962
2023-01-27,0.00028096445
2023-01-30,0.00028192904
2023-01-31,0.00028498852
2023-02-01,0.0002735606
2023-02-02,0.00026288012
2023-02-03,0.0002686398
2023-02-06,0.00028939536
2023-02-07,0.00029893446
2023-02-08,0.0002944021
2023-02-09,0.00028113078
2023-02-10,0.00028573847
2023-02-13,0.00028907723
2023-02-14,0.00027949334
2023-02-15,0.00028452548
2023-02-16,0.00028540587
2023-02-17,0.00028639077
2023-02-20,0.0002770701
2023-02-21,0.00027580373
2023-02-22,0.00029285275
2023-02-23,0.00028315376
2023-02-24,0.0002734962
2023-02-27,0.00028354823
2023-02-28,0.00027539054
2023-03-01,0.00027275164
2023-03-02,0.00028676094
2023-03-03,0.00028934676
2023-03-06,0.00027109546
2023-03-07,0.0002754142
2023-03-08,0.00027536415
2023-03-09,0.00027619745
2023-03-10,0.0002662772
2023-03-13,0.00024056202
2023-03-14,0.00023517892
2023-03-15,0.00026770966
2023-03-16,0.00025028497
2023-03-17,0.00027723858
2023-03-20,0.00026070635
2023-03-21,0.0002755843
2023-03-22,0.00029226573
2023-03-23,0.0002669938
2023-03-24,0.0002625445
2023-03-27,0.0002685559
2023-03-28,0.00029283576
2023-03-29,0.00028889312
2023-03-30,0.00028749704
2023-03-31,0.00028091238
2023-04-03,0.0002701862
2023-04-04,0.00026466278
2023-04-05,0.0002587287
2023-04-06,0.00025907025
2023-04-07,0.00026612496
2023-04-10,0.00027146225
2023-04-11,0.0002907659
2023-04-12,0.00028724482
2023-04-13,0.0002792371
2023-04-14,0.00028377
2023-04-17,0.0002891462
2023-04-18,0.0002944703
2023-04-19,0.00028449314
2023-04-20,0.00028407905
2023-04-21,0.0002709513
2023-04-24,0.00027606118
2023-04-25,0.00026774753
2023-04-26,0.0002547489
2023-04-27,0.00026934894
2023-04-28,0.0002833173
2023-05-01,0.00026956454
2023-05-02,0.00029182486
2023-05-03,0.0002657642
2023-05-04,0.0002596085
2023-05-05,0.0002669373
2023-05-08,0.0002802702
2023-05-09,0.00028976027
2023-05-10,0.00028746758
2023-05-11,0.00027157305
2023-05-12,0.00026742803
2023-05-15,0.0002806642
2023-05-16,0.00028297547
2023-05-17,0.0002859191
2023-05-18,0.00028752832
2023-05-19,0.00029306207
2023-05-22,0.00029228875
2023-05-23,0.0002883724
2023-05-24,0.00028010076
2023-05-25,0.00028158934
2023-05-26,0.00028860784
2023-05-29,0.00028002085
2023-05-30,0.00027751268
2023-05-31,0.0002636185
2023-06-01,0.00026176858
2023-06-02,0.00026280983
2023-06-05,0.0002812781
2023-06-06,0.0002807387
2023-06-07,0.00027873908
2023-06-08,0.00029012348
2023-06-09,0.00027444668
2023-06-12,0.00028094382
2023-06-13,0.00027659946
2023-06-14,0.00028793004
2023-06-15,0.00028132723
2023-06-16,0.00026661373
2023-06-19,0.0002769614
2023-06-20,0.00027678447
2023-06-21,0.00027191575
2023-06-22,0.00027225594
2023-06-23,0.00028321738
2023-06-26,0.0002743645
2023-06-27,0.00027137325
2023-06-28,0.00027925745
2023-06-29,0.00027215198
2023-06-30,0.00029069686
2023-07-03,0.0002821105
2023-07-04,0.0002869096
2023-07-05,0.0002827463
2023-07-06,0.00028761625
2023-07-07,0.0002960377
2023-07-10,0.00028986027
2023-07-11,0.00027529767
2023-07-12,0.00027105748
2023-07-13,0.00025644977
2023-07-14,0.0002501954
2023-07-17,0.00026844707
2023-07-18,0.00026989993
2023-07-19,0.0002718053
2023-07-20,0.00026936788
2023-07-21,0.00028607802
2023-07-24,0.00028233702
2023-07-25,0.00028474908
2023-07-26,0.00028507554
2023-07-27,0.00027645085
2023-07-28,0.0002938796
2023-07-31,0.00028190084
2023-08-01,0.0002772402
2023-08-02,0.00028577071
2023-08-03,0.00028492004
2023-08-04,0.0002929049
2023-08-07,0.00026874893
2023-08-08,0.0002746038
2023-08-09,0.00026660383
2023-08-10,0.00026909262
2023-08-11,0.00028441468
2023-08-14,0.00029023885
2023-08-15,0.0002876913
2023-08-16,0.00028626612
2023-08-17,0.0002882499
2023-08-18,0.00028513526
2023-08-21,0.00027616794
2023-08-22,0.00028537595
2023-08-23,0.00028058857
2023-08-24,0.00026081243
2023-08-25,0.00027208208
2023-08-28,0.00027426373
2023-08-29,0.00027084048
2023-08-30,0.0002617804
2023-08-31,0.00026805032
2023-09-01,0.0002688908
2023-09-04,0.00028275902
2023-09-05,0.000281484
2023-09-06,0.0002901754
2023-09-07,0.0002896124
2023-09-08,0.0002790778
2023-09-11,0.00027738494
2023-09-12,0.0002794487
2023-09-13,0.0002757778
2023-09-14,0.00027384923
2023-09-15,0.00027829237
2023-09-18,0.00028259793
2023-09-19,0.00027864525
2023-09-20,0.00028354922
2023-09-21,0.0002819757
2023-09-22,0.00029157393
2023-09-25,0.00027915306
2023-09-26,0.00028933169
2023-09-27,0.00028438293
2023-09-28,0.0002877607
2023-09-29,0.0002782032
2023-10-02,0.000276198
2023-10-03,0.0002885841
2023-10-04,0.00029665424
2023-10-05,0.00027792697
2023-10-06,0.00027320918
2023-10-09,0.0002829558
2023-10-10,0.00025930617
2023-10-11,0.00026847507
2023-10-12,0.00026278937
2023-10-13,0.00028393738
2023-10-16,0.00027156746
2023-10-17,0.00028353234
2023-10-18,0.00029724665
2023-10-19,0.00029715986
2023-10-20,0.00029683483
2023-10-23,0.00027882494
2023-10-24,0.0002690797
2023-10-25,0.00026796575
2023-10-26,0.00028472752
2023-10-27,0.0002691125
2023-10-30,0.0002691112
2023-10-31,0.00027727382
2023-11-01,0.0002806203
2023-11-02,0.00026079887
2023-11-03,0.00025700702
2023-11-06,0.00025268874
2023-11-07,0.00027240114
2023-11-08,0.0002665152
2023-11-09,0.00026549416
2023-11-10,0.00028729055
2023-11-13,0.00028312628
2023-11-14,0.00028256082
2023-11-15,0.0002566895
2023-11-16,0.00027719722
2023-11-17,0.0002656759
2023-11-20,0.0002695473
2023-11-21,0.00027091807
2023-11-22,0.00027199235
2023-11-23,0.00027520955
2023-11-24,0.00027672475
2023-11-27,0.00028585663
2023-11-28,0.00027075224
2023-11-29,0.00026616533
2023-11-30,0.0002621773
2023-12-01,0.00027631427
2023-12-04,0.00026226992
2023-12-05,0.00027529147
2023-12-06,0.00026561247
2023-12-07,0.00026419366
2023-12-08,0.00027244678
2023-12-11,0.00028577223
2023-12-12,0.00028330297
2023-12-13,0.00027813876
2023-12-14,0.0002539868
2023-12-15,0.0002495691
2023-12-18,0.0002621883
2023-12-19,0.00027282696
2023-12-20,0.00027300807
2023-12-21,0.00026806872
2023-12-22,0.00027525533
2023-12-25,0.0002786494
2023-12-26,0.0002790903
2023-12-27,0.0002780695
2023-12-28,0.00026565563
2023-12-29,0.00027647504
2024-01-01,0.00028129717
2024-01-02,0.00028008566
2024-01-03,0.0002851712
2024-01-04,0.00027825398
2024-01-05,0.0002872468
2024-01-08,0.00028890022
2024-01-09,0.00027837657
2024-01-10,0.00027770337
2024-01-11,0.0002793011
2024-01-12,0.00026924151
2024-01-15,0.00026728044
2024-01-16,0.000270759
2024-01-17,0.000286334
2024-01-18,0.0002882951
2024-01-19,0.0002874898
2024-01-22,0.00028293574
2024-01-23,0.00027512503
2024-01-24,0.00027921403
2024-01-25,0.00028246452
2024-01-26,0.00027289495
2024-01-29,0.00027677807
2024-01-30,0.00026685244
2024-01-31,0.00026826494
2024-02-01,0.00025823739
2024-02-02,0.00025575477
2024-02-05,0.0002857256
2024-02-06,0.00029939756
2024-02-07,0.0002829817
2024-02-08,0.00028359087
2024-02-09,0.0002861512
2024-02-12,0.00028516422
2024-02-13,0.00027988898
2024-02-14,0.00029568328
2024-02-15,0.000281715
2024-02-16,0.0002742584
2024-02-19,0.00028119714
2024-02-20,0.0002787536
2024-02-21,0.00027451492
2024-02-22,0.0002798986
2024-02-23,0.00027814752
2024-02-26,0.00026983875
2024-02-27,0.0002746222
2024-02-28,0.00027905466
2024-02-29,0.0002724893
2024-03-01,0.00027098416
2024-03-04,0.0002659938
2024-03-05,0.00027402048
2024-03-06,0.00026581474
2024-03-07,0.00026673198
2024-03-08,0.00026871153
2024-03-11,0.0002716281
2024-03-12,0.0002767277
2024-03-13,0.000284345
2024-03-14,0.00028588314
2024-03-15,0.00029480967
2024-03-18,0.0002907111
2024-03-19,0.00028678702
2024-03-20,0.00027748584
2024-03-21,0.0002724295
2024-03-22,0.00027308083
2024-03-25,0.00026609105
2024-03-26,0.00027413497
2024-03-27,0.0002728309
2024-03-28,0.0002684121
2024-03-29,0.00027347606
2024-04-01,0.00027530565
2024-04-02,0.0002910172
2024-04-03,0.00028956064
2024-04-04,0.00028282122
2024-04-05,0.00027466126
2024-04-08,0.00028567336
2024-04-09,0.0002855665
2024-04-10,0.0002752544
2024-04-11,0.0002965746
2024-04-12,0.00029069366
2024-04-15,0.00027771716
2024-04-16,0.00028644118
2024-04-17,0.0002880614
2024-04-18,0.0002724562
2024-04-19,0.00027854738
2024-04-22,0.00027498018
2024-04-23,0.00027482424
2024-04-24,0.00027303468
2024-04-25,0.000279154
2024-04-26,0.00028435158
2024-04-29,0.0002769751
2024-04-30,0.00027010028
2024-05-01,0.00028000935
2024-05-02,0.0002724673
2024-05-03,0.00026657325
2024-05-06,0.00026166593
2024-05-07,0.00026650072
2024-05-08,0.00026712788
2024-05-09,0.00027630597
2024-05-10,0.0002727392
2024-05-13,0.00028048863
2024-05-14,0.00027802784
2024-05-15,0.00027346294
2024-05-16,0.00026309365
2024-05-17,0.00027189802
2024-05-20,0.00027956403
2024-05-21,0.0002817112
2024-05-22,0.0002762371
2024-05-23,0.000278815
2024-05-24,0.00028397545
2024-05-27,0.0002792801
2024-05-28,0.0002782416
2024-05-29,0.00028651126
2024-05-30,0.0002904599
2024-05-31,0.00027675394
2024-06-03,0.00026855452
2024-06-04,0.00026055417
2024-06-05,0.00025772362
2024-06-06,0.0002594782
2024-06-07,0.00026768312
2024-06-10,0.00028942004
2024-06-11,0.00028937688
2024-06-12,0.00027681392
2024-06-13,0.00026811028
2024-06-14,0.00026096049
2024-06-17,0.00026365212
2024-06-18,0.00027697737
2024-06-19,0.00027095363
2024-06-20,0.00027405907
2024-06-21,0.00028005728
2024-06-24,0.00027926324
2024-06-25,0.00027749877
2024-06-26,0.0002761919
2024-06-27,0.0002863645
2024-06-28,0.00027932282
2024-07-01,0.00028682512
2024-07-02,0.00029482675
2024-07-03,0.00028142578
2024-07-04,0.00026805748
2024-07-05,0.00027053518
2024-07-08,0.00026347412
2024-07-09,0.00026788274
2024-07-10,0.0002738385
2024-07-11,0.00027400666
2024-07-12,0.00026542583
2024-07-15,0.00026698897
2024-07-16,0.00027665962
2024-07-17,0.00027058113
2024-07-18,0.0002724528
2024-07-19,0.00027955428
2024-07-22,0.00028443465
2024-07-23,0.00028364942
2024-07-24,0.00028009596
2024-07-25,0.00028236877
2024-07-26,0.0002765298
2024-07-29,0.00026865746
2024-07-30,0.00026878287
2024-07-31,0.00026852643
2024-08-01,0.00026019668
2024-08-02,0.00026018536
2024-08-05,0.00024254687
2024-08-06,0.00025530794
2024-08-07,0.00028000024
2024-08-08,0.00028697675
2024-08-09,0.0002898251
2024-08-12,0.00027954738
2024-08-13,0.0002745652
2024-08-14,0.00026864462
2024-08-15,0.00026993948
2024-08-16,0.0002831131
2024-08-19,0.0002780788
2024-08-20,0.0002756932
2024-08-21,0.0002698164
2024-08-22,0.0002693281
2024-08-23,0.0002799436
2024-08-26,0.00027180344
2024-08-27,0.00027603135
2024-08-28,0.0002774092
2024-08-29,0.00027841248
2024-08-30,0.0002809234
2024-09-02,0.0002852581
2024-09-03,0.00028208538
2024-09-04,0.00026919536
2024-09-05,0.00026232388
2024-09-06,0.0002640106
2024-09-09,0.00026702907
2024-09-10,0.0002692283
2024-09-11,0.00026620412
2024-09-12,0.00027242114
2024-09-13,0.00027782327
2024-09-16,0.00027541321
2024-09-17,0.00027257015
2024-09-18,0.00027787432
2024-09-19,0.00028519268
2024-09-20,0.00028380088
2024-09-23,0.00028181527
2024-09-24,0.00028079312
2024-09-25,0.00027722758
2024-09-26,0.0002832857
2024-09-27,0.0002816515
2024-09-30,0.00027293805
2024-10-01,0.00027834866
2024-10-02,0.00027164686
2024-10-03,0.00027800712
2024-10-04,0.00028576146
2024-10-07,0.00029784878
2024-10-08,0.00029535277
2024-10-09,0.00028610593
2024-10-10,0.0002873498
2024-10-11,0.00028219225
2024-10-14,0.0002782944
2024-10-15,0.00027936164
2024-10-16,0.0002691035
2024-10-17,0.00026864553
2024-10-18,0.00027968542
2024-10-21,0.00027665144
2024-10-22,0.00028904708
2024-10-23,0.00028584382
2024-10-24,0.0002857349
2024-10-25,0.0002782073
2024-10-28,0.0002805687
2024-10-29,0.00028226522
2024-10-30,0.00027894904
2024-10-31,0.00027990245
2024-11-01,0.00027900946
2024-11-04,0.00028714634
2024-11-05,0.0002740982
2024-11-06,0.00027362801
2024-11-07,0.0002909782
2024-11-08,0.0002723485
2024-11-11,0.0002700585
2024-11-12,0.00027676157
2024-11-13,0.00028689342
2024-11-14,0.0002840829
2024-11-15,0.00028118637
2024-11-18,0.0002784126
2024-11-19,0.00027367694
2024-11-20,0.00027101557
2024-11-21,0.00027540574
2024-11-22,0.00027682635
2024-11-25,0.0002758576
2024-11-26,0.0002589195
2024-11-27,0.00026930848
2024-11-28,0.00026633538
2024-11-29,0.00027113454
2024-12-02,0.00026745
2024-12-03,0.00027218566
2024-12-04,0.00027964375
2024-12-05,0.00027340735
2024-12-06,0.00027568376
2024-12-09,0.00027175312
2024-12-10,0.00027987108
2024-12-11,0.00028217392
2024-12-12,0.00028527927
2024-12-13,0.0002883239
2024-12-16,0.00029129718
2024-12-17,0.00028476588
2024-12-18,0.0002809023
2024-12-19,0.00029085085
2024-12-20,0.0002918673
2024-12-23,0.0002790365
2024-12-24,0.0002840219
2024-12-25,0.00027921636
2024-12-26,0.00027718954
2024-12-27,0.00027486417
2024-12-30,0.0002790693
2024-12-31,0.00026824686
2025-01-01,0.00027403756
2025-01-02,0.00027505646
2025-01-03,0.0002749418
2025-01-06,0.0002784542
2025-01-07,0.00027960175
2025-01-08,0.00028601917
2025-01-09,0.00027973202
2025-01-10,0.00027838885
2025-01-13,0.00028923803
2025-01-14,0.00028703784
2025-01-15,0.00028202988
2025-01-16,0.0002622824
2025-01-17,0.00026319633
2025-01-20,0.00026701426
2025-01-21,0.000271027
2025-01-22,0.00026840137
2025-01-23,0.00027646427
2025-01-24,0.00028160232
2025-01-27,0.0002771406
2025-01-28,0.00026704444
2025-01-29,0.0002709695
2025-01-30,0.00027569622
2025-01-31,0.00027331754
2025-02-03,0.0002778207
2025-02-04,0.00027685185
2025-02-05,0.00027325161
2025-02-06,0.00026561518
2025-02-07,0.0002721846
2025-02-10,0.00027990207
2025-02-11,0.00027970667
2025-02-12,0.00028319744
2025-02-13,0.00029218264
2025-02-14,0.0002742989
2025-02-17,0.00026808336
2025-02-18,0.00027113612
2025-02-19,0.00028198626
2025-02-20,0.0002775815
2025-02-21,0.00027400535
2025-02-24,0.00026558252
2025-02-25,0.00026657997
2025-02-26,0.00025823512
2025-02-27,0.00026159812
2025-02-28,0.00027043957
2025-03-03,0.0002654345
2025-03-04,0.00026530484
2025-03-05,0.00027625542
2025-03-06,0.00028701688
2025-03-07,0.0002852182
2025-03-10,0.00028474216
2025-03-11,0.0002707411
2025-03-12,0.00027879447
2025-03-13,0.00028287282
2025-03-14,0.00027412415
2025-03-17,0.0002806207
2025-03-18,0.00027772685
2025-03-19,0.00027530344
2025-03-20,0.000270782
2025-03-21,0.00027063867
2025-03-24,0.00027451332
2025-03-25,0.0002850401
2025-03-26,0.00027953868
2025-03-27,0.00028232043
2025-03-28,0.00028154207
2025-03-31,0.0002666087
2025-04-01,0.00026552094
2025-04-02,0.00026425355
2025-04-03,0.00027097703
2025-04-04,0.00025737387
2025-04-07,0.00026109256
2025-04-08,0.00028761843
2025-04-09,0.0002930579
2025-04-10,0.0002928292
2025-04-11,0.00029701402
2025-04-14,0.00029803277
2025-04-15,0.00027613237
2025-04-16,0.00027025424
2025-04-17,0.0002646725
2025-04-18,0.00027319996
2025-04-21,0.00027437435
2025-04-22,0.00028393333
2025-04-23,0.0002800884
2025-04-24,0.00027699777
2025-04-25,0.00026803985
2025-04-28,0.00026520286
2025-04-29,0.00026342217
2025-04-30,0.00026354005
2025-05-01,0.00026696868
2025-05-02,0.0002789578
2025-05-05,0.00029022395
2025-05-06,0.0002888805
2025-05-07,0.00028052507
2025-05-08,0.00027476778
2025-05-09,0.00028786963
2025-05-12,0.00028226606
2025-05-13,0.00029002634
2025-05-14,0.00028565287
2025-05-15,0.00028749325
2025-05-16,0.0002719337
2025-05-19,0.0002722191
2025-05-20,0.00027407982
2025-05-21,0.00027675385
2025-05-22,0.00028770976
2025-05-23,0.00027735304
2025-05-26,0.00027211496
2025-05-27,0.00027361853
2025-05-28,0.00026806968
2025-05-29,0.0002759395
2025-05-30,0.00026989193
2025-06-02,0.0002680497
2025-06-03,0.0002773576
2025-06-04,0.00027938114
2025-06-05,0.00026713294
2025-06-06,0.0002759732
2025-06-09,0.00028972226
2025-06-10,0.00028232715
2025-06-11,0.000277505
2025-06-12,0.0002703815
2025-06-13,0.00026572225
2025-06-16,0.00027601264
2025-06-17,0.00028132662
2025-06-18,0.00027207352
2025-06-19,0.00027300362
2025-06-20,0.0002747602
2025-06-23,0.00027489336
2025-06-24,0.0002703709
2025-06-25,0.00026762421
2025-06-26,0.0002709523
2025-06-27,0.00026815807
2025-06-30,0.00027646084
2025-07-01,0.00027103777
2025-07-02,0.0002769713
2025-07-03,0.0002811009
2025-07-04,0.00028566024
2025-07-07,0.00028259473
2025-07-08,0.00028550904
2025-07-09,0.00028439783
2025-07-10,0.0002727395
2025-07-11,0.00027461216
2025-07-14,0.00028257185
2025-07-15,0.0002808135
2025-07-16,0.0002852975
2025-07-17,0.000277214
2025-07-18,0.00027703342
2025-07-21,0.00027205743
2025-07-22,0.000267918
2025-07-23,0.00026663675
2025-07-24,0.00027651174
2025-07-25,0.00027952847
2025-07-28,0.00027517922
2025-07-29,0.00027971354
2025-07-30,0.0002683447
2025-07-31,0.00027735584
2025-08-01,0.00027616753
2025-08-04,0.00025819376
2025-08-05,0.0002634079
2025-08-06,0.00027050416
2025-08-07,0.00027519214
2025-08-08,0.00027806926
2025-08-11,0.0002822055
2025-08-12,0.00028034564
2025-08-13,0.00027972303
2025-08-14,0.00027309387
2025-08-15,0.00027981293
2025-08-18,0.00028203992
2025-08-19,0.00028161707
2025-08-20,0.00027560542
2025-08-21,0.0002734386
2025-08-22,0.00027927314
2025-08-25,0.00026933776
2025-08-26,0.00027530015
2025-08-27,0.00027185626
2025-08-28,0.00027091018
2025-08-29,0.00026980598
2025-09-01,0.00027435657
2025-09-02,0.00027592047
2025-09-03,0.00028166146
2025-09-04,0.0002747532
2025-09-05,0.0002686
2025-09-08,0.0002641585
2025-09-09,0.00026448927
2025-09-10,0.00027380435
2025-09-11,0.00027165876
2025-09-12,0.00027205935
2025-09-15,0.000279421
2025-09-16,0.00027663395
2025-09-17,0.0002763585
2025-09-18,0.00028053677
2025-09-19,0.0002848271
2025-09-22,0.00028266845
2025-09-23,0.00028301374
2025-09-24,0.000275896
2025-09-25,0.0002801955
2025-09-26,0.0002821141
2025-09-29,0.00028057164
2025-09-30,0.00027401277
2025-10-01,0.00027528056
2025-10-02,0.00027017435
2025-10-03,0.00027091437
2025-10-06,0.0002764683
2025-10-07,0.00028158413
2025-10-08,0.00027599419
2025-10-09,0.00027609328
2025-10-10,0.00027767042
2025-10-13,0.00026742488
2025-10-14,0.00027029662
2025-10-15,0.00026900865
2025-10-16,0.00027432494
2025-10-17,0.00026845382
2025-10-20,0.00027492855
2025-10-21,0.00027425573
2025-10-22,0.00027296928
2025-10-23,0.0002747437
2025-10-24,0.00028143782
2025-10-27,0.00027874645
2025-10-28,0.00027835273
2025-10-29,0.00027647722
2025-10-30,0.00028714145
2025-10-31,0.00028560386
2025-11-03,0.00028132985
2025-11-04,0.00027988997
2025-11-05,0.00027619928
2025-11-06,0.0002835932
2025-11-07,0.00027238435
