Date,IEF_xgb_proba
2015-01-01,0.5302091
2015-01-02,0.5170567
2015-01-05,0.33683452
2015-01-06,0.36109343
2015-01-07,0.44343257
2015-01-08,0.43160984
2015-01-09,0.45157048
2015-01-12,0.43239436
2015-01-13,0.5272025
2015-01-14,0.6197026
2015-01-15,0.2325097
2015-01-16,0.44308448
2015-01-19,0.46488562
2015-01-20,0.32533264
2015-01-21,0.5369346
2015-01-22,0.7406506
2015-01-23,0.3370162
2015-01-26,0.47220743
2015-01-27,0.6831412
2015-01-28,0.15835203
2015-01-29,0.47603658
2015-01-30,0.42784208
2015-02-02,0.2889429
2015-02-03,0.5165663
2015-02-04,0.34500134
2015-02-05,0.5090278
2015-02-06,0.5247372
2015-02-09,0.34245306
2015-02-10,0.56415176
2015-02-11,0.6293167
2015-02-12,0.7575299
2015-02-13,0.48025438
2015-02-16,0.5797206
2015-02-17,0.5586855
2015-02-18,0.53397006
2015-02-19,0.538146
2015-02-20,0.61369514
2015-02-23,0.6066599
2015-02-24,0.19754936
2015-02-25,0.24680404
2015-02-26,0.3100553
2015-02-27,0.43927366
2015-03-02,0.4032222
2015-03-03,0.6437052
2015-03-04,0.6162098
2015-03-05,0.5694345
2015-03-06,0.4460629
2015-03-09,0.53107774
2015-03-10,0.4069499
2015-03-11,0.34496707
2015-03-12,0.5179777
2015-03-13,0.49726605
2015-03-16,0.5518485
2015-03-17,0.489493
2015-03-18,0.4269189
2015-03-19,0.44066855
2015-03-20,0.49529877
2015-03-23,0.27667668
2015-03-24,0.33346254
2015-03-25,0.54518867
2015-03-26,0.60685545
2015-03-27,0.43494627
2015-03-30,0.3435817
2015-03-31,0.59176344
2015-04-01,0.5111704
2015-04-02,0.5405339
2015-04-03,0.70851356
2015-04-06,0.46774146
2015-04-07,0.5251669
2015-04-08,0.48368394
2015-04-09,0.5636687
2015-04-10,0.52578115
2015-04-13,0.46519828
2015-04-14,0.6581689
2015-04-15,0.50443166
2015-04-16,0.5674032
2015-04-17,0.52952003
2015-04-20,0.4511308
2015-04-21,0.41465285
2015-04-22,0.45738178
2015-04-23,0.4511481
2015-04-24,0.29873368
2015-04-27,0.35438177
2015-04-28,0.5430535
2015-04-29,0.50690097
2015-04-30,0.31299046
2015-05-01,0.64711314
2015-05-04,0.79679996
2015-05-05,0.8048919
2015-05-06,0.7548153
2015-05-07,0.340828
2015-05-08,0.3005009
2015-05-11,0.49462545
2015-05-12,0.5941565
2015-05-13,0.61898965
2015-05-14,0.5837576
2015-05-15,0.5754216
2015-05-18,0.46550888
2015-05-19,0.5348463
2015-05-20,0.51537716
2015-05-21,0.4715641
2015-05-22,0.50732356
2015-05-25,0.6164558
2015-05-26,0.34586036
2015-05-27,0.5320814
2015-05-28,0.61958826
2015-05-29,0.4823407
2015-06-01,0.6157289
2015-06-02,0.50088686
2015-06-03,0.50681114
2015-06-04,0.62831086
2015-06-05,0.25822106
2015-06-08,0.7580906
2015-06-09,0.60582054
2015-06-10,0.5369314
2015-06-11,0.4630682
2015-06-12,0.7154602
2015-06-15,0.47558534
2015-06-16,0.62964
2015-06-17,0.5572597
2015-06-18,0.45291945
2015-06-19,0.57842726
2015-06-22,0.49502906
2015-06-23,0.62777406
2015-06-24,0.50059605
2015-06-25,0.59866536
2015-06-26,0.5272575
2015-06-29,0.4200513
2015-06-30,0.5294675
2015-07-01,0.58736134
2015-07-02,0.43802968
2015-07-03,0.4134329
2015-07-06,0.48599076
2015-07-07,0.55324036
2015-07-08,0.50808156
2015-07-09,0.5118545
2015-07-10,0.5651017
2015-07-13,0.4828833
2015-07-14,0.41416618
2015-07-15,0.44150242
2015-07-16,0.4552892
2015-07-17,0.5209787
2015-07-20,0.5503151
2015-07-21,0.6487963
2015-07-22,0.5552736
2015-07-23,0.41451466
2015-07-24,0.50601494
2015-07-27,0.5562745
2015-07-28,0.5033073
2015-07-29,0.6136803
2015-07-30,0.5501294
2015-07-31,0.61585695
2015-08-03,0.4432269
2015-08-04,0.601621
2015-08-05,0.6130549
2015-08-06,0.4923483
2015-08-07,0.4199678
2015-08-10,0.5050012
2015-08-11,0.5780965
2015-08-12,0.49303934
2015-08-13,0.5603965
2015-08-14,0.5700949
2015-08-17,0.5543823
2015-08-18,0.42838213
2015-08-19,0.64395696
2015-08-20,0.49273774
2015-08-21,0.50863624
2015-08-24,0.5132827
2015-08-25,0.5152826
2015-08-26,0.44338694
2015-08-27,0.59865546
2015-08-28,0.5988564
2015-08-31,0.74799764
2015-09-01,0.59702027
2015-09-02,0.61433256
2015-09-03,0.60564476
2015-09-04,0.6164926
2015-09-07,0.46391204
2015-09-08,0.64307684
2015-09-09,0.49407738
2015-09-10,0.6168438
2015-09-11,0.5294335
2015-09-14,0.49664363
2015-09-15,0.4557765
2015-09-16,0.5665112
2015-09-17,0.42715508
2015-09-18,0.49435195
2015-09-21,0.53826535
2015-09-22,0.5761211
2015-09-23,0.6145496
2015-09-24,0.6170673
2015-09-25,0.5563479
2015-09-28,0.41382197
2015-09-29,0.52174944
2015-09-30,0.5517385
2015-10-01,0.63065803
2015-10-02,0.496815
2015-10-05,0.5083297
2015-10-06,0.6931934
2015-10-07,0.60214406
2015-10-08,0.46706235
2015-10-09,0.57033676
2015-10-12,0.6075741
2015-10-13,0.580185
2015-10-14,0.58271277
2015-10-15,0.61153305
2015-10-16,0.6757252
2015-10-19,0.62616056
2015-10-20,0.46984428
2015-10-21,0.49413764
2015-10-22,0.5386014
2015-10-23,0.33158243
2015-10-26,0.53072625
2015-10-27,0.37608102
2015-10-28,0.38960606
2015-10-29,0.5232479
2015-10-30,0.35252857
2015-11-02,0.5809326
2015-11-03,0.67744416
2015-11-04,0.72205484
2015-11-05,0.6065292
2015-11-06,0.45734563
2015-11-09,0.6229077
2015-11-10,0.60753727
2015-11-11,0.6546533
2015-11-12,0.41137064
2015-11-13,0.47047755
2015-11-16,0.5055096
2015-11-17,0.37086174
2015-11-18,0.57667655
2015-11-19,0.5456932
2015-11-20,0.58006483
2015-11-23,0.4736197
2015-11-24,0.5668603
2015-11-25,0.29637557
2015-11-26,0.47515485
2015-11-27,0.47033593
2015-11-30,0.460987
2015-12-01,0.6286363
2015-12-02,0.5344221
2015-12-03,0.5782619
2015-12-04,0.6291297
2015-12-07,0.32038966
2015-12-08,0.46352425
2015-12-09,0.7160353
2015-12-10,0.5437759
2015-12-11,0.39533222
2015-12-14,0.6081375
2015-12-15,0.64077634
2015-12-16,0.68820226
2015-12-17,0.58253145
2015-12-18,0.46478355
2015-12-21,0.5209205
2015-12-22,0.6381737
2015-12-23,0.5685983
2015-12-24,0.5793345
2015-12-25,0.4716365
2015-12-28,0.51024926
2015-12-29,0.53525096
2015-12-30,0.5890873
2015-12-31,0.46589607
2016-01-01,0.44455853
2016-01-04,0.4829866
2016-01-05,0.52433467
2016-01-06,0.63235235
2016-01-07,0.5226005
2016-01-08,0.5049394
2016-01-11,0.6074272
2016-01-12,0.45893848
2016-01-13,0.42087898
2016-01-14,0.43064138
2016-01-15,0.5974763
2016-01-18,0.4382128
2016-01-19,0.5919628
2016-01-20,0.54283625
2016-01-21,0.5183793
2016-01-22,0.6730259
2016-01-25,0.5768746
2016-01-26,0.5022106
2016-01-27,0.5584395
2016-01-28,0.5264598
2016-01-29,0.30525
2016-02-01,0.57637715
2016-02-02,0.4552468
2016-02-03,0.5154749
2016-02-04,0.45525762
2016-02-05,0.5213816
2016-02-08,0.41381574
2016-02-09,0.39278173
2016-02-10,0.44571844
2016-02-11,0.1691152
2016-02-12,0.5989749
2016-02-15,0.63855433
2016-02-16,0.6167783
2016-02-17,0.5980133
2016-02-18,0.66206026
2016-02-19,0.55073875
2016-02-22,0.5927064
2016-02-23,0.61454374
2016-02-24,0.5510969
2016-02-25,0.6711909
2016-02-26,0.44596282
2016-02-29,0.6899673
2016-03-01,0.64230084
2016-03-02,0.5762643
2016-03-03,0.75217146
2016-03-04,0.53212667
2016-03-07,0.6183745
2016-03-08,0.5816164
2016-03-09,0.5027122
2016-03-10,0.6638468
2016-03-11,0.65544504
2016-03-14,0.58249176
2016-03-15,0.51455253
2016-03-16,0.58835906
2016-03-17,0.46570608
2016-03-18,0.5092284
2016-03-21,0.52105904
2016-03-22,0.51765954
2016-03-23,0.5428711
2016-03-24,0.5982556
2016-03-25,0.48046196
2016-03-28,0.5046837
2016-03-29,0.3407573
2016-03-30,0.6565902
2016-03-31,0.6306496
2016-04-01,0.45468232
2016-04-04,0.52076834
2016-04-05,0.5101932
2016-04-06,0.50533885
2016-04-07,0.5100793
2016-04-08,0.5850315
2016-04-11,0.5680901
2016-04-12,0.6341777
2016-04-13,0.5615946
2016-04-14,0.595793
2016-04-15,0.47532243
2016-04-18,0.5708722
2016-04-19,0.6669473
2016-04-20,0.54123616
2016-04-21,0.58708954
2016-04-22,0.52692133
2016-04-25,0.59242237
2016-04-26,0.4386089
2016-04-27,0.40805143
2016-04-28,0.42899084
2016-04-29,0.44283643
2016-05-02,0.6776744
2016-05-03,0.5297076
2016-05-04,0.5417497
2016-05-05,0.4843464
2016-05-06,0.61045736
2016-05-09,0.6193011
2016-05-10,0.46945822
2016-05-11,0.5165834
2016-05-12,0.44606066
2016-05-13,0.5643883
2016-05-16,0.6529085
2016-05-17,0.36048236
2016-05-18,0.68768924
2016-05-19,0.42495257
2016-05-20,0.398538
2016-05-23,0.4792051
2016-05-24,0.61524296
2016-05-25,0.50929344
2016-05-26,0.5126684
2016-05-27,0.34833688
2016-05-30,0.5569472
2016-05-31,0.5309979
2016-06-01,0.5016935
2016-06-02,0.570386
2016-06-03,0.34721768
2016-06-06,0.58788836
2016-06-07,0.56755316
2016-06-08,0.49923098
2016-06-09,0.39206347
2016-06-10,0.53487086
2016-06-13,0.39861512
2016-06-14,0.56626755
2016-06-15,0.41815913
2016-06-16,0.314748
2016-06-17,0.60449475
2016-06-20,0.535952
2016-06-21,0.5675173
2016-06-22,0.5130492
2016-06-23,0.66710603
2016-06-24,0.5620462
2016-06-27,0.2207664
2016-06-28,0.3578423
2016-06-29,0.35592258
2016-06-30,0.3367567
2016-07-01,0.3407566
2016-07-04,0.61739206
2016-07-05,0.548568
2016-07-06,0.5054074
2016-07-07,0.6640821
2016-07-08,0.58139443
2016-07-11,0.49161077
2016-07-12,0.39335564
2016-07-13,0.43714035
2016-07-14,0.5284635
2016-07-15,0.69624066
2016-07-18,0.6349198
2016-07-19,0.45359734
2016-07-20,0.5091511
2016-07-21,0.69316965
2016-07-22,0.61761343
2016-07-25,0.3935757
2016-07-26,0.47957855
2016-07-27,0.39239126
2016-07-28,0.48778453
2016-07-29,0.54708475
2016-08-01,0.60736716
2016-08-02,0.47857904
2016-08-03,0.5756705
2016-08-04,0.5448059
2016-08-05,0.33624187
2016-08-08,0.5371566
2016-08-09,0.54243684
2016-08-10,0.4883927
2016-08-11,0.46558496
2016-08-12,0.6327004
2016-08-15,0.636532
2016-08-16,0.5522875
2016-08-17,0.6089067
2016-08-18,0.49343407
2016-08-19,0.36360785
2016-08-22,0.4680544
2016-08-23,0.5568047
2016-08-24,0.45848894
2016-08-25,0.56454015
2016-08-26,0.5585157
2016-08-29,0.44357607
2016-08-30,0.36650252
2016-08-31,0.4459491
2016-09-01,0.5164002
2016-09-02,0.5335326
2016-09-05,0.2899776
2016-09-06,0.60099703
2016-09-07,0.46856686
2016-09-08,0.38992733
2016-09-09,0.4754692
2016-09-12,0.3452064
2016-09-13,0.6418438
2016-09-14,0.4267567
2016-09-15,0.36368194
2016-09-16,0.38143876
2016-09-19,0.41132662
2016-09-20,0.46479124
2016-09-21,0.5185381
2016-09-22,0.42269564
2016-09-23,0.41294456
2016-09-26,0.55538934
2016-09-27,0.39027572
2016-09-28,0.53510267
2016-09-29,0.39714527
2016-09-30,0.48555198
2016-10-03,0.4354698
2016-10-04,0.5273644
2016-10-05,0.5380439
2016-10-06,0.75843096
2016-10-07,0.41154867
2016-10-10,0.51389074
2016-10-11,0.34762156
2016-10-12,0.47915518
2016-10-13,0.4460174
2016-10-14,0.4570256
2016-10-17,0.417578
2016-10-18,0.52982414
2016-10-19,0.50003046
2016-10-20,0.51137674
2016-10-21,0.46829742
2016-10-24,0.46367717
2016-10-25,0.35265246
2016-10-26,0.52370673
2016-10-27,0.41681308
2016-10-28,0.48661974
2016-10-31,0.38652784
2016-11-01,0.31661344
2016-11-02,0.461669
2016-11-03,0.55258787
2016-11-04,0.4975256
2016-11-07,0.3643881
2016-11-08,0.43182197
2016-11-09,0.4770452
2016-11-10,0.48473015
2016-11-11,0.57674885
2016-11-14,0.5901657
2016-11-15,0.70836705
2016-11-16,0.7286994
2016-11-17,0.66783094
2016-11-18,0.7984799
2016-11-21,0.5560026
2016-11-22,0.5221756
2016-11-23,0.60503507
2016-11-24,0.70645994
2016-11-25,0.75922096
2016-11-28,0.7063139
2016-11-29,0.6406463
2016-11-30,0.49276224
2016-12-01,0.7913735
2016-12-02,0.63938427
2016-12-05,0.676447
2016-12-06,0.6168776
2016-12-07,0.572483
2016-12-08,0.59715176
2016-12-09,0.58322215
2016-12-12,0.5917813
2016-12-13,0.44624567
2016-12-14,0.58434504
2016-12-15,0.7027061
2016-12-16,0.44815373
2016-12-19,0.5161828
2016-12-20,0.49425822
2016-12-21,0.5878043
2016-12-22,0.6507253
2016-12-23,0.44877326
2016-12-26,0.35451755
2016-12-27,0.6849033
2016-12-28,0.55256724
2016-12-29,0.49417368
2016-12-30,0.5088294
2017-01-02,0.6362264
2017-01-03,0.6874841
2017-01-04,0.51502377
2017-01-05,0.36918476
2017-01-06,0.6410614
2017-01-09,0.5080519
2017-01-10,0.62220836
2017-01-11,0.45503595
2017-01-12,0.48471025
2017-01-13,0.59413236
2017-01-16,0.45308745
2017-01-17,0.4850653
2017-01-18,0.40586987
2017-01-19,0.728566
2017-01-20,0.5257394
2017-01-23,0.53615606
2017-01-24,0.48896965
2017-01-25,0.67985505
2017-01-26,0.4647421
2017-01-27,0.4489981
2017-01-30,0.50775146
2017-01-31,0.5887254
2017-02-01,0.5330484
2017-02-02,0.6091559
2017-02-03,0.5477254
2017-02-06,0.42233947
2017-02-07,0.4471298
2017-02-08,0.52872425
2017-02-09,0.5850645
2017-02-10,0.6332212
2017-02-13,0.604381
2017-02-14,0.4627138
2017-02-15,0.7299262
2017-02-16,0.36609375
2017-02-17,0.48188013
2017-02-20,0.36585623
2017-02-21,0.633201
2017-02-22,0.4281213
2017-02-23,0.4234152
2017-02-24,0.49231613
2017-02-27,0.53559476
2017-02-28,0.6683548
2017-03-01,0.6482978
2017-03-02,0.5230573
2017-03-03,0.7411109
2017-03-06,0.4393166
2017-03-07,0.6521527
2017-03-08,0.54131055
2017-03-09,0.5742412
2017-03-10,0.4396755
2017-03-13,0.58121634
2017-03-14,0.37767252
2017-03-15,0.47467858
2017-03-16,0.5637964
2017-03-17,0.58762914
2017-03-20,0.5627493
2017-03-21,0.45009753
2017-03-22,0.54992115
2017-03-23,0.6269253
2017-03-24,0.56508183
2017-03-27,0.56448054
2017-03-28,0.5432231
2017-03-29,0.60573375
2017-03-30,0.6437894
2017-03-31,0.513229
2017-04-03,0.47053164
2017-04-04,0.54107136
2017-04-05,0.6179277
2017-04-06,0.60047626
2017-04-07,0.5401279
2017-04-10,0.54787713
2017-04-11,0.422865
2017-04-12,0.48407492
2017-04-13,0.48468572
2017-04-14,0.42351478
2017-04-17,0.5830798
2017-04-18,0.32871315
2017-04-19,0.6195112
2017-04-20,0.7207737
2017-04-21,0.6215126
2017-04-24,0.5257104
2017-04-25,0.47661462
2017-04-26,0.6050081
2017-04-27,0.39711696
2017-04-28,0.4592857
2017-05-01,0.4193947
2017-05-02,0.53898185
2017-05-03,0.45378277
2017-05-04,0.37361398
2017-05-05,0.5382677
2017-05-08,0.44571787
2017-05-09,0.4070672
2017-05-10,0.5991218
2017-05-11,0.3403544
2017-05-12,0.4513695
2017-05-15,0.6412263
2017-05-16,0.43268323
2017-05-17,0.39842504
2017-05-18,0.35397586
2017-05-19,0.4694043
2017-05-22,0.6386798
2017-05-23,0.6248667
2017-05-24,0.47019196
2017-05-25,0.47101152
2017-05-26,0.45701972
2017-05-29,0.5202299
2017-05-30,0.5343774
2017-05-31,0.39594537
2017-06-01,0.60679233
2017-06-02,0.51849484
2017-06-05,0.52733797
2017-06-06,0.522065
2017-06-07,0.55058885
2017-06-08,0.69450724
2017-06-09,0.48856452
2017-06-12,0.4214069
2017-06-13,0.36865333
2017-06-14,0.6551968
2017-06-15,0.57776994
2017-06-16,0.58185565
2017-06-19,0.6280437
2017-06-20,0.4817212
2017-06-21,0.45941645
2017-06-22,0.44845363
2017-06-23,0.38671494
2017-06-26,0.46245325
2017-06-27,0.37194967
2017-06-28,0.42786214
2017-06-29,0.51069826
2017-06-30,0.5119213
2017-07-03,0.7135727
2017-07-04,0.57622564
2017-07-05,0.41842058
2017-07-06,0.36308768
2017-07-07,0.5213103
2017-07-10,0.44183344
2017-07-11,0.28569165
2017-07-12,0.42044544
2017-07-13,0.5545505
2017-07-14,0.39320195
2017-07-17,0.47725207
2017-07-18,0.39867076
2017-07-19,0.39027876
2017-07-20,0.5250207
2017-07-21,0.53187066
2017-07-24,0.55296576
2017-07-25,0.33365956
2017-07-26,0.41074568
2017-07-27,0.48978224
2017-07-28,0.3851499
2017-07-31,0.4597285
2017-08-01,0.39873192
2017-08-02,0.57521355
2017-08-03,0.53661174
2017-08-04,0.4600375
2017-08-07,0.5711395
2017-08-08,0.652779
2017-08-09,0.45656487
2017-08-10,0.4873702
2017-08-11,0.4009795
2017-08-14,0.48260626
2017-08-15,0.5215388
2017-08-16,0.48909447
2017-08-17,0.47250637
2017-08-18,0.4192489
2017-08-21,0.7195746
2017-08-22,0.49995315
2017-08-23,0.45115158
2017-08-24,0.40685862
2017-08-25,0.5162458
2017-08-28,0.56259423
2017-08-29,0.37043267
2017-08-30,0.5496577
2017-08-31,0.36637902
2017-09-01,0.4192771
2017-09-04,0.42290798
2017-09-05,0.50500494
2017-09-06,0.48484647
2017-09-07,0.4621014
2017-09-08,0.57091534
2017-09-11,0.43472633
2017-09-12,0.46286613
2017-09-13,0.5897183
2017-09-14,0.59804446
2017-09-15,0.500363
2017-09-18,0.41151035
2017-09-19,0.580834
2017-09-20,0.5473793
2017-09-21,0.4752949
2017-09-22,0.3653037
2017-09-25,0.45136502
2017-09-26,0.49868715
2017-09-27,0.46229228
2017-09-28,0.5439283
2017-09-29,0.5893985
2017-10-02,0.56339806
2017-10-03,0.547271
2017-10-04,0.38419706
2017-10-05,0.4607072
2017-10-06,0.5988211
2017-10-09,0.47601756
2017-10-10,0.33921418
2017-10-11,0.3385835
2017-10-12,0.5239685
2017-10-13,0.3996637
2017-10-16,0.46276873
2017-10-17,0.5697108
2017-10-18,0.62126935
2017-10-19,0.31941584
2017-10-20,0.5609282
2017-10-23,0.29315448
2017-10-24,0.4658817
2017-10-25,0.32912308
2017-10-26,0.5852004
2017-10-27,0.28558874
2017-10-30,0.34284207
2017-10-31,0.52824265
2017-11-01,0.6321178
2017-11-02,0.52941316
2017-11-03,0.446346
2017-11-06,0.422855
2017-11-07,0.43786284
2017-11-08,0.57366353
2017-11-09,0.47724885
2017-11-10,0.38931566
2017-11-13,0.4135728
2017-11-14,0.45855847
2017-11-15,0.30090898
2017-11-16,0.41011348
2017-11-17,0.559864
2017-11-20,0.6791637
2017-11-21,0.31897202
2017-11-22,0.5161627
2017-11-23,0.39855316
2017-11-24,0.65485513
2017-11-27,0.51002264
2017-11-28,0.45583928
2017-11-29,0.46134833
2017-11-30,0.44645342
2017-12-01,0.44856957
2017-12-04,0.41659224
2017-12-05,0.4090864
2017-12-06,0.5669462
2017-12-07,0.48478717
2017-12-08,0.43702754
2017-12-11,0.54829174
2017-12-12,0.32256684
2017-12-13,0.3948201
2017-12-14,0.43876705
2017-12-15,0.5049982
2017-12-18,0.48947254
2017-12-19,0.4714029
2017-12-20,0.6586081
2017-12-21,0.32189703
2017-12-22,0.45827338
2017-12-25,0.39705816
2017-12-26,0.53162605
2017-12-27,0.4202126
2017-12-28,0.5478441
2017-12-29,0.45969802
2018-01-01,0.51130646
2018-01-02,0.36474347
2018-01-03,0.39992243
2018-01-04,0.60314125
2018-01-05,0.37286487
2018-01-08,0.47788098
2018-01-09,0.45183307
2018-01-10,0.32646915
2018-01-11,0.50227666
2018-01-12,0.50863445
2018-01-15,0.45272833
2018-01-16,0.41315386
2018-01-17,0.4112257
2018-01-18,0.51704586
2018-01-19,0.5622828
2018-01-22,0.48177668
2018-01-23,0.3748868
2018-01-24,0.28289455
2018-01-25,0.4229916
2018-01-26,0.62986606
2018-01-29,0.30747038
2018-01-30,0.71955836
2018-01-31,0.47842082
2018-02-01,0.5943638
2018-02-02,0.5911013
2018-02-05,0.35067374
2018-02-06,0.54255563
2018-02-07,0.59199
2018-02-08,0.49226505
2018-02-09,0.8013239
2018-02-12,0.63628757
2018-02-13,0.51191026
2018-02-14,0.43290552
2018-02-15,0.63317406
2018-02-16,0.4180531
2018-02-19,0.37772238
2018-02-20,0.660131
2018-02-21,0.6746956
2018-02-22,0.64596295
2018-02-23,0.44835043
2018-02-26,0.47391102
2018-02-27,0.4651273
2018-02-28,0.49299872
2018-03-01,0.4460454
2018-03-02,0.5718866
2018-03-05,0.50050735
2018-03-06,0.44046563
2018-03-07,0.40780136
2018-03-08,0.38093507
2018-03-09,0.47098836
2018-03-12,0.5274628
2018-03-13,0.41867828
2018-03-14,0.41515005
2018-03-15,0.5596082
2018-03-16,0.5532346
2018-03-19,0.54285073
2018-03-20,0.40213493
2018-03-21,0.39721155
2018-03-22,0.4164966
2018-03-23,0.48582658
2018-03-26,0.3416988
2018-03-27,0.4037232
2018-03-28,0.47705796
2018-03-29,0.49467012
2018-03-30,0.49799252
2018-04-02,0.50922745
2018-04-03,0.40881565
2018-04-04,0.50018257
2018-04-05,0.596361
2018-04-06,0.47526103
2018-04-09,0.36073777
2018-04-10,0.47956935
2018-04-11,0.57147497
2018-04-12,0.48732093
2018-04-13,0.3509179
2018-04-16,0.5231711
2018-04-17,0.44226563
2018-04-18,0.400735
2018-04-19,0.51697767
2018-04-20,0.48732972
2018-04-23,0.6085208
2018-04-24,0.7243281
2018-04-25,0.5581231
2018-04-26,0.40313435
2018-04-27,0.36280903
2018-04-30,0.5242549
2018-05-01,0.525534
2018-05-02,0.401419
2018-05-03,0.4381208
2018-05-04,0.40274152
2018-05-07,0.55686957
2018-05-08,0.49797347
2018-05-09,0.4315671
2018-05-10,0.4168867
2018-05-11,0.22383517
2018-05-14,0.2898965
2018-05-15,0.43096194
2018-05-16,0.5341702
2018-05-17,0.5900122
2018-05-18,0.44822356
2018-05-21,0.28243998
2018-05-22,0.41826978
2018-05-23,0.47437185
2018-05-24,0.4165694
2018-05-25,0.4423613
2018-05-28,0.5695843
2018-05-29,0.39421853
2018-05-30,0.41111252
2018-05-31,0.5827923
2018-06-01,0.57985955
2018-06-04,0.5507736
2018-06-05,0.6834479
2018-06-06,0.60062605
2018-06-07,0.5960904
2018-06-08,0.5969199
2018-06-11,0.62282324
2018-06-12,0.5386534
2018-06-13,0.4963523
2018-06-14,0.6219674
2018-06-15,0.43617633
2018-06-18,0.48007214
2018-06-19,0.6300096
2018-06-20,0.5113114
2018-06-21,0.68355083
2018-06-22,0.56023175
2018-06-25,0.6161982
2018-06-26,0.43749008
2018-06-27,0.45555252
2018-06-28,0.47730517
2018-06-29,0.47820297
2018-07-02,0.68792003
2018-07-03,0.45041808
2018-07-04,0.3729006
2018-07-05,0.4618307
2018-07-06,0.5752816
2018-07-09,0.4342363
2018-07-10,0.456178
2018-07-11,0.4477732
2018-07-12,0.34753796
2018-07-13,0.38080353
2018-07-16,0.49939278
2018-07-17,0.49220866
2018-07-18,0.5544694
2018-07-19,0.42714697
2018-07-20,0.41091558
2018-07-23,0.39215443
2018-07-24,0.44750136
2018-07-25,0.47849366
2018-07-26,0.3659181
2018-07-27,0.4054435
2018-07-30,0.45637962
2018-07-31,0.28410372
2018-08-01,0.37523863
2018-08-02,0.29540852
2018-08-03,0.4323696
2018-08-06,0.43389714
2018-08-07,0.46805456
2018-08-08,0.52468103
2018-08-09,0.519221
2018-08-10,0.36381185
2018-08-13,0.5089481
2018-08-14,0.56120986
2018-08-15,0.63601315
2018-08-16,0.507334
2018-08-17,0.506342
2018-08-20,0.5666162
2018-08-21,0.47284004
2018-08-22,0.54129654
2018-08-23,0.46132463
2018-08-24,0.34027758
2018-08-27,0.5845487
2018-08-28,0.47122353
2018-08-29,0.42154804
2018-08-30,0.33913392
2018-08-31,0.32357213
2018-09-03,0.42364585
2018-09-04,0.5834374
2018-09-05,0.4769308
2018-09-06,0.60491824
2018-09-07,0.3566218
2018-09-10,0.4119021
2018-09-11,0.59471667
2018-09-12,0.32633886
2018-09-13,0.45833263
2018-09-14,0.37569177
2018-09-17,0.42965266
2018-09-18,0.57251364
2018-09-19,0.37361744
2018-09-20,0.5465258
2018-09-21,0.43524945
2018-09-24,0.40911633
2018-09-25,0.550506
2018-09-26,0.4672983
2018-09-27,0.2919434
2018-09-28,0.48272792
2018-10-01,0.50537163
2018-10-02,0.3972823
2018-10-03,0.52795887
2018-10-04,0.43949118
2018-10-05,0.7835973
2018-10-08,0.5775218
2018-10-09,0.4817684
2018-10-10,0.3012414
2018-10-11,0.38949952
2018-10-12,0.4365488
2018-10-15,0.28053162
2018-10-16,0.421001
2018-10-17,0.40472293
2018-10-18,0.36826602
2018-10-19,0.4873415
2018-10-22,0.31243074
2018-10-23,0.44571453
2018-10-24,0.36262098
2018-10-25,0.6187473
2018-10-26,0.49395886
2018-10-29,0.5391995
2018-10-30,0.46867114
2018-10-31,0.55396223
2018-11-01,0.58217657
2018-11-02,0.3949348
2018-11-05,0.3910743
2018-11-06,0.5077412
2018-11-07,0.380735
2018-11-08,0.50251126
2018-11-09,0.44947684
2018-11-12,0.44283456
2018-11-13,0.38106605
2018-11-14,0.52753806
2018-11-15,0.4223945
2018-11-16,0.3108511
2018-11-19,0.43867224
2018-11-20,0.41564772
2018-11-21,0.56889683
2018-11-22,0.56509346
2018-11-23,0.5916405
2018-11-26,0.49094257
2018-11-27,0.5135502
2018-11-28,0.34910706
2018-11-29,0.524657
2018-11-30,0.47696096
2018-12-03,0.55129766
2018-12-04,0.3435867
2018-12-05,0.3557831
2018-12-06,0.4284173
2018-12-07,0.39523923
2018-12-10,0.44858894
2018-12-11,0.6116595
2018-12-12,0.46985886
2018-12-13,0.5489159
2018-12-14,0.42731717
2018-12-17,0.49614504
2018-12-18,0.40175456
2018-12-19,0.43933186
2018-12-20,0.4528793
2018-12-21,0.5469903
2018-12-24,0.5236495
2018-12-25,0.48585415
2018-12-26,0.45733395
2018-12-27,0.4049652
2018-12-28,0.45578915
2018-12-31,0.43780288
2019-01-01,0.4471711
2019-01-02,0.52062577
2019-01-03,0.36140308
2019-01-04,0.54540867
2019-01-07,0.5163375
2019-01-08,0.6323131
2019-01-09,0.52136695
2019-01-10,0.8024762
2019-01-11,0.6041233
2019-01-14,0.50970477
2019-01-15,0.63615394
2019-01-16,0.6200458
2019-01-17,0.5393481
2019-01-18,0.5292343
2019-01-21,0.48093605
2019-01-22,0.50458276
2019-01-23,0.43580616
2019-01-24,0.6901279
2019-01-25,0.495205
2019-01-28,0.5993597
2019-01-29,0.59019476
2019-01-30,0.46947825
2019-01-31,0.46812588
2019-02-01,0.46063575
2019-02-04,0.53738976
2019-02-05,0.5086867
2019-02-06,0.41287893
2019-02-07,0.3487654
2019-02-08,0.46025488
2019-02-11,0.5459445
2019-02-12,0.66127044
2019-02-13,0.42740878
2019-02-14,0.42029428
2019-02-15,0.41178665
2019-02-18,0.42100582
2019-02-19,0.57735443
2019-02-20,0.40387133
2019-02-21,0.44790688
2019-02-22,0.47596034
2019-02-25,0.597254
2019-02-26,0.47644225
2019-02-27,0.45731786
2019-02-28,0.29999024
2019-03-01,0.54376847
2019-03-04,0.42825773
2019-03-05,0.41860208
2019-03-06,0.46488303
2019-03-07,0.45584008
2019-03-08,0.40991396
2019-03-11,0.5734788
2019-03-12,0.52705157
2019-03-13,0.47257027
2019-03-14,0.54045963
2019-03-15,0.6041317
2019-03-18,0.63512456
2019-03-19,0.4525963
2019-03-20,0.52733076
2019-03-21,0.5018032
2019-03-22,0.3508677
2019-03-25,0.49819884
2019-03-26,0.34780073
2019-03-27,0.66502887
2019-03-28,0.41894636
2019-03-29,0.61034286
2019-04-01,0.5750369
2019-04-02,0.4394496
2019-04-03,0.49666968
2019-04-04,0.43715584
2019-04-05,0.5198445
2019-04-08,0.5644087
2019-04-09,0.560402
2019-04-10,0.4025403
2019-04-11,0.40626553
2019-04-12,0.5897743
2019-04-15,0.6440152
2019-04-16,0.5360072
2019-04-17,0.4508782
2019-04-18,0.52900845
2019-04-19,0.4650324
2019-04-22,0.5350481
2019-04-23,0.5465747
2019-04-24,0.44026238
2019-04-25,0.48735014
2019-04-26,0.4059225
2019-04-29,0.5498406
2019-04-30,0.41953093
2019-05-01,0.5328351
2019-05-02,0.36079118
2019-05-03,0.37835088
2019-05-06,0.61693054
2019-05-07,0.4033177
2019-05-08,0.54358596
2019-05-09,0.6425521
2019-05-10,0.5312809
2019-05-13,0.48235938
2019-05-14,0.56496996
2019-05-15,0.56632274
2019-05-16,0.533823
2019-05-17,0.5953791
2019-05-20,0.58401847
2019-05-21,0.42369875
2019-05-22,0.5615097
2019-05-23,0.48379105
2019-05-24,0.64767826
2019-05-27,0.6562552
2019-05-28,0.42811725
2019-05-29,0.38649443
2019-05-30,0.5037147
2019-05-31,0.17703004
2019-06-03,0.41551602
2019-06-04,0.48991153
2019-06-05,0.47575817
2019-06-06,0.47175768
2019-06-07,0.48487574
2019-06-10,0.46540412
2019-06-11,0.69861144
2019-06-12,0.48970252
2019-06-13,0.4482434
2019-06-14,0.58850676
2019-06-17,0.61065376
2019-06-18,0.4815774
2019-06-19,0.41014373
2019-06-20,0.50045544
2019-06-21,0.64117247
2019-06-24,0.48187393
2019-06-25,0.4226873
2019-06-26,0.5185499
2019-06-27,0.5913642
2019-06-28,0.42997542
2019-07-01,0.4889466
2019-07-02,0.5041913
2019-07-03,0.42444012
2019-07-04,0.6531783
2019-07-05,0.59463125
2019-07-08,0.40177622
2019-07-09,0.631766
2019-07-10,0.39831713
2019-07-11,0.5095573
2019-07-12,0.55034095
2019-07-15,0.40261355
2019-07-16,0.40427548
2019-07-17,0.40443486
2019-07-18,0.5093791
2019-07-19,0.40161017
2019-07-22,0.6373056
2019-07-23,0.54565316
2019-07-24,0.3489755
2019-07-25,0.45610765
2019-07-26,0.32778817
2019-07-29,0.5261273
2019-07-30,0.37778574
2019-07-31,0.591379
2019-08-01,0.43104944
2019-08-02,0.4283979
2019-08-05,0.39328763
2019-08-06,0.2999341
2019-08-07,0.4265143
2019-08-08,0.24079663
2019-08-09,0.5080251
2019-08-12,0.5125198
2019-08-13,0.52211523
2019-08-14,0.7449749
2019-08-15,0.1551968
2019-08-16,0.58614737
2019-08-19,0.49391925
2019-08-20,0.15730461
2019-08-21,0.5694323
2019-08-22,0.61833066
2019-08-23,0.20826432
2019-08-26,0.53658974
2019-08-27,0.5934945
2019-08-28,0.241148
2019-08-29,0.66752934
2019-08-30,0.56499153
2019-09-02,0.5173988
2019-09-03,0.6460738
2019-09-04,0.52408993
2019-09-05,0.38875937
2019-09-06,0.51673067
2019-09-09,0.48690152
2019-09-10,0.32364407
2019-09-11,0.56873286
2019-09-12,0.7735553
2019-09-13,0.5470495
2019-09-16,0.63960844
2019-09-17,0.31995553
2019-09-18,0.3270097
2019-09-19,0.6801322
2019-09-20,0.3227668
2019-09-23,0.38863903
2019-09-24,0.22017153
2019-09-25,0.5308861
2019-09-26,0.45832726
2019-09-27,0.48639628
2019-09-30,0.43498003
2019-10-01,0.5201028
2019-10-02,0.2641119
2019-10-03,0.42433903
2019-10-04,0.5309249
2019-10-07,0.5629135
2019-10-08,0.60581046
2019-10-09,0.544997
2019-10-10,0.43732378
2019-10-11,0.67053187
2019-10-14,0.515307
2019-10-15,0.6829007
2019-10-16,0.76713455
2019-10-17,0.54576695
2019-10-18,0.5799942
2019-10-21,0.586711
2019-10-22,0.5923075
2019-10-23,0.55251694
2019-10-24,0.51898474
2019-10-25,0.5713154
2019-10-28,0.48138514
2019-10-29,0.61714673
2019-10-30,0.4691082
2019-10-31,0.4173475
2019-11-01,0.5382335
2019-11-04,0.56417096
2019-11-05,0.6811519
2019-11-06,0.42292196
2019-11-07,0.6082521
2019-11-08,0.8108283
2019-11-11,0.5760481
2019-11-12,0.41223517
2019-11-13,0.49169853
2019-11-14,0.5628919
2019-11-15,0.5992904
2019-11-18,0.67464316
2019-11-19,0.6233035
2019-11-20,0.54409915
2019-11-21,0.5160188
2019-11-22,0.6617938
2019-11-25,0.64606225
2019-11-26,0.55809146
2019-11-27,0.51214886
2019-11-28,0.5109469
2019-11-29,0.65450525
2019-12-02,0.4702007
2019-12-03,0.40743187
2019-12-04,0.5905945
2019-12-05,0.5035915
2019-12-06,0.6266805
2019-12-09,0.5132603
2019-12-10,0.59889615
2019-12-11,0.50825685
2019-12-12,0.45154694
2019-12-13,0.5646543
2019-12-16,0.67994523
2019-12-17,0.6593922
2019-12-18,0.64503527
2019-12-19,0.52381855
2019-12-20,0.54469544
2019-12-23,0.55918056
2019-12-24,0.561576
2019-12-25,0.56044114
2019-12-26,0.5503432
2019-12-27,0.52394646
2019-12-30,0.6006368
2019-12-31,0.5676388
2020-01-01,0.54701155
2020-01-02,0.53147906
2020-01-03,0.5321148
2020-01-06,0.6641552
2020-01-07,0.6610905
2020-01-08,0.6113988
2020-01-09,0.52092576
2020-01-10,0.30179527
2020-01-13,0.3601033
2020-01-14,0.4225861
2020-01-15,0.41887924
2020-01-16,0.38307044
2020-01-17,0.5380747
2020-01-20,0.47469485
2020-01-21,0.48686174
2020-01-22,0.40108165
2020-01-23,0.53410274
2020-01-24,0.41982362
2020-01-27,0.36220503
2020-01-28,0.5992954
2020-01-29,0.41587216
2020-01-30,0.48278335
2020-01-31,0.30228564
2020-02-03,0.56977063
2020-02-04,0.5230983
2020-02-05,0.4510399
2020-02-06,0.4556707
2020-02-07,0.52335775
2020-02-10,0.3914228
2020-02-11,0.62395805
2020-02-12,0.55999446
2020-02-13,0.53853846
2020-02-14,0.5623193
2020-02-17,0.49521643
2020-02-18,0.623536
2020-02-19,0.53192246
2020-02-20,0.62069947
2020-02-21,0.47308376
2020-02-24,0.34647048
2020-02-25,0.56584895
2020-02-26,0.3592835
2020-02-27,0.49195862
2020-02-28,0.21922761
2020-03-02,0.49540648
2020-03-03,0.27180955
2020-03-04,0.18207788
2020-03-05,0.44157365
2020-03-06,0.112673685
2020-03-09,0.2917032
2020-03-10,0.31790304
2020-03-11,0.4333581
2020-03-12,0.30663922
2020-03-13,0.6242605
2020-03-16,0.50080884
2020-03-17,0.67337984
2020-03-18,0.5391215
2020-03-19,0.7433032
2020-03-20,0.17467776
2020-03-23,0.3722061
2020-03-24,0.25561848
2020-03-25,0.42578143
2020-03-26,0.6026845
2020-03-27,0.36535126
2020-03-30,0.5490206
2020-03-31,0.22920595
2020-04-01,0.367934
2020-04-02,0.31720242
2020-04-03,0.2630787
2020-04-06,0.3524474
2020-04-07,0.36803317
2020-04-08,0.45200548
2020-04-09,0.34092832
2020-04-10,0.3745135
2020-04-13,0.2480443
2020-04-14,0.56168866
2020-04-15,0.4015149
2020-04-16,0.40315646
2020-04-17,0.40328074
2020-04-20,0.5223258
2020-04-21,0.40658885
2020-04-22,0.6007625
2020-04-23,0.6034103
2020-04-24,0.49141142
2020-04-27,0.4525246
2020-04-28,0.53703916
2020-04-29,0.60468143
2020-04-30,0.5789119
2020-05-01,0.4577316
2020-05-04,0.55406976
2020-05-05,0.50016934
2020-05-06,0.57326263
2020-05-07,0.45462167
2020-05-08,0.6472081
2020-05-11,0.72196925
2020-05-12,0.72451097
2020-05-13,0.49127242
2020-05-14,0.5231329
2020-05-15,0.5782505
2020-05-18,0.46438968
2020-05-19,0.49058506
2020-05-20,0.38218704
2020-05-21,0.5377461
2020-05-22,0.5166059
2020-05-25,0.4692199
2020-05-26,0.43587604
2020-05-27,0.45880675
2020-05-28,0.59642667
2020-05-29,0.51523364
2020-06-01,0.5756416
2020-06-02,0.58585835
2020-06-03,0.40486246
2020-06-04,0.5164316
2020-06-05,0.63139266
2020-06-08,0.76539344
2020-06-09,0.51970524
2020-06-10,0.4341132
2020-06-11,0.6070386
2020-06-12,0.46264842
2020-06-15,0.72486275
2020-06-16,0.6485817
2020-06-17,0.47922108
2020-06-18,0.49816307
2020-06-19,0.46045855
2020-06-22,0.54102075
2020-06-23,0.582007
2020-06-24,0.454033
2020-06-25,0.5466382
2020-06-26,0.5690057
2020-06-29,0.5108354
2020-06-30,0.45681724
2020-07-01,0.6720135
2020-07-02,0.3984653
2020-07-03,0.5035254
2020-07-06,0.55256665
2020-07-07,0.50611955
2020-07-08,0.4994162
2020-07-09,0.495293
2020-07-10,0.46135795
2020-07-13,0.34911638
2020-07-14,0.4084922
2020-07-15,0.4777032
2020-07-16,0.4810381
2020-07-17,0.52218664
2020-07-20,0.50738966
2020-07-21,0.5809108
2020-07-22,0.5494804
2020-07-23,0.6223685
2020-07-24,0.51458275
2020-07-27,0.4651375
2020-07-28,0.50083464
2020-07-29,0.54519594
2020-07-30,0.4397298
2020-07-31,0.42842257
2020-08-03,0.4767844
2020-08-04,0.44903636
2020-08-05,0.39197454
2020-08-06,0.5253773
2020-08-07,0.68456304
2020-08-10,0.2917333
2020-08-11,0.6178192
2020-08-12,0.38121974
2020-08-13,0.6302367
2020-08-14,0.39220032
2020-08-17,0.3663933
2020-08-18,0.3080102
2020-08-19,0.45553264
2020-08-20,0.4724532
2020-08-21,0.4843041
2020-08-24,0.5162811
2020-08-25,0.5194152
2020-08-26,0.4855569
2020-08-27,0.45049664
2020-08-28,0.33957583
2020-08-31,0.4856885
2020-09-01,0.5253956
2020-09-02,0.43231717
2020-09-03,0.54677474
2020-09-04,0.40553498
2020-09-07,0.342402
2020-09-08,0.42473978
2020-09-09,0.3495709
2020-09-10,0.42993605
2020-09-11,0.46559432
2020-09-14,0.54737484
2020-09-15,0.45982137
2020-09-16,0.5163964
2020-09-17,0.40024155
2020-09-18,0.53206986
2020-09-21,0.4038473
2020-09-22,0.3775971
2020-09-23,0.35570756
2020-09-24,0.56098837
2020-09-25,0.59205943
2020-09-28,0.4749837
2020-09-29,0.46908084
2020-09-30,0.47537693
2020-10-01,0.38364717
2020-10-02,0.5168787
2020-10-05,0.28376433
2020-10-06,0.36102393
2020-10-07,0.5645056
2020-10-08,0.27019283
2020-10-09,0.5862525
2020-10-12,0.37448514
2020-10-13,0.5100726
2020-10-14,0.5152896
2020-10-15,0.5617561
2020-10-16,0.58251584
2020-10-19,0.51966614
2020-10-20,0.40843126
2020-10-21,0.48150685
2020-10-22,0.4689836
2020-10-23,0.35547432
2020-10-26,0.31330854
2020-10-27,0.37397248
2020-10-28,0.5493847
2020-10-29,0.47881198
2020-10-30,0.457896
2020-11-02,0.44044214
2020-11-03,0.4081926
2020-11-04,0.38295913
2020-11-05,0.5378528
2020-11-06,0.4365704
2020-11-09,0.6002078
2020-11-10,0.71711314
2020-11-11,0.61644506
2020-11-12,0.47357583
2020-11-13,0.51680565
2020-11-16,0.7146079
2020-11-17,0.6212945
2020-11-18,0.47717398
2020-11-19,0.58656865
2020-11-20,0.54585975
2020-11-23,0.5925689
2020-11-24,0.57253915
2020-11-25,0.5005387
2020-11-26,0.51375324
2020-11-27,0.53105026
2020-11-30,0.5392759
2020-12-01,0.5792801
2020-12-02,0.5380482
2020-12-03,0.36596906
2020-12-04,0.57689035
2020-12-07,0.3424513
2020-12-08,0.44293818
2020-12-09,0.40876308
2020-12-10,0.464713
2020-12-11,0.4291657
2020-12-14,0.49706206
2020-12-15,0.46869022
2020-12-16,0.5827678
2020-12-17,0.5531124
2020-12-18,0.43507794
2020-12-21,0.39575627
2020-12-22,0.42672077
2020-12-23,0.4347093
2020-12-24,0.39366245
2020-12-25,0.5330417
2020-12-28,0.38099197
2020-12-29,0.4084851
2020-12-30,0.61263645
2020-12-31,0.45749274
2021-01-01,0.48018157
2021-01-04,0.40450487
2021-01-05,0.49126965
2021-01-06,0.4018712
2021-01-07,0.60483825
2021-01-08,0.6410815
2021-01-11,0.77375174
2021-01-12,0.68263185
2021-01-13,0.30536303
2021-01-14,0.30342165
2021-01-15,0.5281867
2021-01-18,0.48149258
2021-01-19,0.41456276
2021-01-20,0.45963997
2021-01-21,0.60986435
2021-01-22,0.35787717
2021-01-25,0.3844955
2021-01-26,0.40897802
2021-01-27,0.42343253
2021-01-28,0.5107791
2021-01-29,0.4431502
2021-02-01,0.37827843
2021-02-02,0.3439905
2021-02-03,0.3401665
2021-02-04,0.491936
2021-02-05,0.42828906
2021-02-08,0.37717652
2021-02-09,0.4859023
2021-02-10,0.35187083
2021-02-11,0.48165065
2021-02-12,0.4988735
2021-02-15,0.40460256
2021-02-16,0.53254247
2021-02-17,0.5394893
2021-02-18,0.49900153
2021-02-19,0.46738258
2021-02-22,0.6586081
2021-02-23,0.58712244
2021-02-24,0.61416453
2021-02-25,0.40339488
2021-02-26,0.60567033
2021-03-01,0.3955189
2021-03-02,0.6047876
2021-03-03,0.4334447
2021-03-04,0.40835667
2021-03-05,0.6431236
2021-03-08,0.6854393
2021-03-09,0.5452031
2021-03-10,0.2468168
2021-03-11,0.48235375
2021-03-12,0.46901473
2021-03-15,0.56649876
2021-03-16,0.50687444
2021-03-17,0.577321
2021-03-18,0.5504812
2021-03-19,0.6342683
2021-03-22,0.45077384
2021-03-23,0.47541508
2021-03-24,0.5610969
2021-03-25,0.65590554
2021-03-26,0.5774681
2021-03-29,0.553168
2021-03-30,0.66517687
2021-03-31,0.79323864
2021-04-01,0.41660458
2021-04-02,0.51185423
2021-04-05,0.4483598
2021-04-06,0.51622856
2021-04-07,0.6035417
2021-04-08,0.49697918
2021-04-09,0.60405856
2021-04-12,0.5773531
2021-04-13,0.52933997
2021-04-14,0.5322103
2021-04-15,0.46964878
2021-04-16,0.607012
2021-04-19,0.5091499
2021-04-20,0.6998935
2021-04-21,0.4766192
2021-04-22,0.5958753
2021-04-23,0.63664925
2021-04-26,0.5365044
2021-04-27,0.5032659
2021-04-28,0.42467466
2021-04-29,0.5501062
2021-04-30,0.43532476
2021-05-03,0.3440158
2021-05-04,0.46250767
2021-05-05,0.50428104
2021-05-06,0.466926
2021-05-07,0.46212304
2021-05-10,0.49727002
2021-05-11,0.41790655
2021-05-12,0.42538804
2021-05-13,0.37708417
2021-05-14,0.26497442
2021-05-17,0.2967268
2021-05-18,0.36871836
2021-05-19,0.46342653
2021-05-20,0.46528032
2021-05-21,0.5373221
2021-05-24,0.522099
2021-05-25,0.51489997
2021-05-26,0.5347136
2021-05-27,0.75729907
2021-05-28,0.55505186
2021-05-31,0.36815214
2021-06-01,0.38480476
2021-06-02,0.48019108
2021-06-03,0.37485036
2021-06-04,0.41116452
2021-06-07,0.6681146
2021-06-08,0.45933712
2021-06-09,0.5716572
2021-06-10,0.48130694
2021-06-11,0.5515865
2021-06-14,0.56481326
2021-06-15,0.5548922
2021-06-16,0.64343375
2021-06-17,0.55017686
2021-06-18,0.4145741
2021-06-21,0.560941
2021-06-22,0.76382655
2021-06-23,0.64703
2021-06-24,0.54689276
2021-06-25,0.59432065
2021-06-28,0.5267653
2021-06-29,0.5216154
2021-06-30,0.5497193
2021-07-01,0.59096754
2021-07-02,0.46619374
2021-07-05,0.45265475
2021-07-06,0.45951107
2021-07-07,0.47807992
2021-07-08,0.4407551
2021-07-09,0.6120125
2021-07-12,0.61158836
2021-07-13,0.6021409
2021-07-14,0.38852343
2021-07-15,0.52928644
2021-07-16,0.38885844
2021-07-19,0.49953386
2021-07-20,0.42494103
2021-07-21,0.5861725
2021-07-22,0.47427619
2021-07-23,0.5569991
2021-07-26,0.53938967
2021-07-27,0.5724167
2021-07-28,0.51256907
2021-07-29,0.6658584
2021-07-30,0.5559391
2021-08-02,0.3381746
2021-08-03,0.58025753
2021-08-04,0.5589096
2021-08-05,0.61910206
2021-08-06,0.5537654
2021-08-09,0.6994886
2021-08-10,0.7855579
2021-08-11,0.79002863
2021-08-12,0.42169952
2021-08-13,0.5015078
2021-08-16,0.53831214
2021-08-17,0.56854767
2021-08-18,0.5202498
2021-08-19,0.36494324
2021-08-20,0.5521048
2021-08-23,0.49050793
2021-08-24,0.38965976
2021-08-25,0.49972656
2021-08-26,0.45669577
2021-08-27,0.4280801
2021-08-30,0.3688484
2021-08-31,0.46178392
2021-09-01,0.4566385
2021-09-02,0.44082695
2021-09-03,0.33376426
2021-09-06,0.3977887
2021-09-07,0.5451713
2021-09-08,0.35235113
2021-09-09,0.45179915
2021-09-10,0.41211486
2021-09-13,0.46618938
2021-09-14,0.48751742
2021-09-15,0.542907
2021-09-16,0.34556898
2021-09-17,0.54025906
2021-09-20,0.42117774
2021-09-21,0.46960297
2021-09-22,0.43485984
2021-09-23,0.49487838
2021-09-24,0.43240377
2021-09-27,0.6741135
2021-09-28,0.75711125
2021-09-29,0.7790742
2021-09-30,0.4875374
2021-10-01,0.44967473
2021-10-04,0.54014564
2021-10-05,0.5622951
2021-10-06,0.45961952
2021-10-07,0.66327167
2021-10-08,0.6300526
2021-10-11,0.69681275
2021-10-12,0.5978469
2021-10-13,0.39667776
2021-10-14,0.46492273
2021-10-15,0.5153014
2021-10-18,0.65295404
2021-10-19,0.6670686
2021-10-20,0.6800345
2021-10-21,0.6860575
2021-10-22,0.38584048
2021-10-25,0.45828143
2021-10-26,0.52680403
2021-10-27,0.46777838
2021-10-28,0.5693406
2021-10-29,0.48381528
2021-11-01,0.6029841
2021-11-02,0.52356815
2021-11-03,0.46952412
2021-11-04,0.54706126
2021-11-05,0.35975504
2021-11-08,0.53363234
2021-11-09,0.56131124
2021-11-10,0.6372516
2021-11-11,0.5423522
2021-11-12,0.5885943
2021-11-15,0.5459772
2021-11-16,0.77608585
2021-11-17,0.57295984
2021-11-18,0.459722
2021-11-19,0.65961266
2021-11-22,0.637755
2021-11-23,0.6404621
2021-11-24,0.54250884
2021-11-25,0.51507795
2021-11-26,0.4487967
2021-11-29,0.5314647
2021-11-30,0.4748179
2021-12-01,0.59398
2021-12-02,0.28566423
2021-12-03,0.65513176
2021-12-06,0.63207054
2021-12-07,0.54835624
2021-12-08,0.59417987
2021-12-09,0.46730557
2021-12-10,0.5369907
2021-12-13,0.61010736
2021-12-14,0.5716898
2021-12-15,0.5792577
2021-12-16,0.5780725
2021-12-17,0.4098379
2021-12-20,0.57752556
2021-12-21,0.56823623
2021-12-22,0.47761
2021-12-23,0.47172818
2021-12-24,0.5376445
2021-12-27,0.59950435
2021-12-28,0.46442923
2021-12-29,0.4703288
2021-12-30,0.52822787
2021-12-31,0.5380907
2022-01-03,0.48544702
2022-01-04,0.64245033
2022-01-05,0.5431451
2022-01-06,0.6077452
2022-01-07,0.53755325
2022-01-10,0.759644
2022-01-11,0.6068654
2022-01-12,0.4904532
2022-01-13,0.6522173
2022-01-14,0.54700434
2022-01-17,0.68656874
2022-01-18,0.7079053
2022-01-19,0.5825628
2022-01-20,0.51257145
2022-01-21,0.5601961
2022-01-24,0.753638
2022-01-25,0.72763646
2022-01-26,0.6709552
2022-01-27,0.55648565
2022-01-28,0.30612597
2022-01-31,0.4053527
2022-02-01,0.51877224
2022-02-02,0.58660716
2022-02-03,0.57374144
2022-02-04,0.50113416
2022-02-07,0.54796666
2022-02-08,0.6039742
2022-02-09,0.675632
2022-02-10,0.68850243
2022-02-11,0.41676196
2022-02-14,0.42529747
2022-02-15,0.5484677
2022-02-16,0.40379536
2022-02-17,0.5280682
2022-02-18,0.5042055
2022-02-21,0.39648467
2022-02-22,0.34907827
2022-02-23,0.470295
2022-02-24,0.5594747
2022-02-25,0.40086928
2022-02-28,0.3585197
2022-03-01,0.4427477
2022-03-02,0.35722515
2022-03-03,0.41698834
2022-03-04,0.27417982
2022-03-07,0.31757426
2022-03-08,0.47524938
2022-03-09,0.5518679
2022-03-10,0.5416173
2022-03-11,0.50944793
2022-03-14,0.47140858
2022-03-15,0.33331883
2022-03-16,0.56606954
2022-03-17,0.5483876
2022-03-18,0.70747256
2022-03-21,0.41807267
2022-03-22,0.5164694
2022-03-23,0.4401354
2022-03-24,0.39507705
2022-03-25,0.64283586
2022-03-28,0.6939206
2022-03-29,0.4097661
2022-03-30,0.5254851
2022-03-31,0.69469345
2022-04-01,0.6171278
2022-04-04,0.79545015
2022-04-05,0.7790428
2022-04-06,0.61953765
2022-04-07,0.72532743
2022-04-08,0.71552116
2022-04-11,0.7607888
2022-04-12,0.59304184
2022-04-13,0.37670836
2022-04-14,0.6399783
2022-04-15,0.8076717
2022-04-18,0.6446291
2022-04-19,0.6313476
2022-04-20,0.69423705
2022-04-21,0.3696321
2022-04-22,0.52643067
2022-04-25,0.5105848
2022-04-26,0.32964066
2022-04-27,0.49887833
2022-04-28,0.5225446
2022-04-29,0.60122395
2022-05-02,0.58684516
2022-05-03,0.55729985
2022-05-04,0.39117306
2022-05-05,0.4599198
2022-05-06,0.6896094
2022-05-09,0.56194496
2022-05-10,0.4267127
2022-05-11,0.41926584
2022-05-12,0.7182746
2022-05-13,0.33341616
2022-05-16,0.58509207
2022-05-17,0.63721144
2022-05-18,0.5599692
2022-05-19,0.59108543
2022-05-20,0.33329827
2022-05-23,0.61678034
2022-05-24,0.58307517
2022-05-25,0.56642145
2022-05-26,0.31645125
2022-05-27,0.60923785
2022-05-30,0.41221362
2022-05-31,0.57516956
2022-06-01,0.59208685
2022-06-02,0.4863868
2022-06-03,0.5645979
2022-06-06,0.57076627
2022-06-07,0.5218291
2022-06-08,0.45603427
2022-06-09,0.49633625
2022-06-10,0.546265
2022-06-13,0.44503528
2022-06-14,0.26802418
2022-06-15,0.24465907
2022-06-16,0.40568334
2022-06-17,0.44712314
2022-06-20,0.32147667
2022-06-21,0.4369438
2022-06-22,0.36665574
2022-06-23,0.42084646
2022-06-24,0.2916246
2022-06-27,0.69627327
2022-06-28,0.48000973
2022-06-29,0.3853465
2022-06-30,0.4727179
2022-07-01,0.46766728
2022-07-04,0.30612662
2022-07-05,0.57052475
2022-07-06,0.37481946
2022-07-07,0.5472248
2022-07-08,0.6417677
2022-07-11,0.47311562
2022-07-12,0.35637245
2022-07-13,0.52930546
2022-07-14,0.6662219
2022-07-15,0.5577323
2022-07-18,0.59490925
2022-07-19,0.59500563
2022-07-20,0.6925716
2022-07-21,0.40178978
2022-07-22,0.3256803
2022-07-25,0.4285397
2022-07-26,0.35051432
2022-07-27,0.555304
2022-07-28,0.5022101
2022-07-29,0.42943722
2022-08-01,0.5459159
2022-08-02,0.52749604
2022-08-03,0.57247645
2022-08-04,0.42627838
2022-08-05,0.4588937
2022-08-08,0.7062125
2022-08-09,0.60607797
2022-08-10,0.58852696
2022-08-11,0.71511203
2022-08-12,0.5329561
2022-08-15,0.34004858
2022-08-16,0.49899814
2022-08-17,0.5276773
2022-08-18,0.5390771
2022-08-19,0.46134833
2022-08-22,0.46360284
2022-08-23,0.5603962
2022-08-24,0.59983975
2022-08-25,0.64594436
2022-08-26,0.55542904
2022-08-29,0.6106526
2022-08-30,0.5103599
2022-08-31,0.5508096
2022-09-01,0.6786528
2022-09-02,0.68932146
2022-09-05,0.39120334
2022-09-06,0.66948956
2022-09-07,0.73813164
2022-09-08,0.31596035
2022-09-09,0.61773545
2022-09-12,0.7090736
2022-09-13,0.63520795
2022-09-14,0.69597334
2022-09-15,0.6560545
2022-09-16,0.6563198
2022-09-19,0.7395558
2022-09-20,0.5347292
2022-09-21,0.60150915
2022-09-22,0.46479738
2022-09-23,0.6964257
2022-09-26,0.64098454
2022-09-27,0.6047415
2022-09-28,0.63422555
2022-09-29,0.6294273
2022-09-30,0.7724411
2022-10-03,0.69946015
2022-10-04,0.45093244
2022-10-05,0.54112273
2022-10-06,0.69374144
2022-10-07,0.6556335
2022-10-10,0.7770039
2022-10-11,0.6723995
2022-10-12,0.6783705
2022-10-13,0.6046922
2022-10-14,0.5504271
2022-10-17,0.66053206
2022-10-18,0.4484911
2022-10-19,0.597231
2022-10-20,0.5613872
2022-10-21,0.5941993
2022-10-24,0.6487392
2022-10-25,0.5845482
2022-10-26,0.5331612
2022-10-27,0.259816
2022-10-28,0.27701658
2022-10-31,0.46079627
2022-11-01,0.43583933
2022-11-02,0.62000364
2022-11-03,0.6244162
2022-11-04,0.7055086
2022-11-07,0.47943866
2022-11-08,0.47889957
2022-11-09,0.39843085
2022-11-10,0.2859307
2022-11-11,0.4276085
2022-11-14,0.3462137
2022-11-15,0.5877695
2022-11-16,0.46010798
2022-11-17,0.5998846
2022-11-18,0.37190026
2022-11-21,0.48270768
2022-11-22,0.5104896
2022-11-23,0.5814114
2022-11-24,0.58577216
2022-11-25,0.61648613
2022-11-28,0.43167913
2022-11-29,0.6545478
2022-11-30,0.5973687
2022-12-01,0.28066617
2022-12-02,0.42713794
2022-12-05,0.35609138
2022-12-06,0.3444579
2022-12-07,0.3394212
2022-12-08,0.5027921
2022-12-09,0.5387038
2022-12-12,0.47971472
2022-12-13,0.31619152
2022-12-14,0.32903603
2022-12-15,0.5184371
2022-12-16,0.5276289
2022-12-19,0.5955174
2022-12-20,0.60679144
2022-12-21,0.71935004
2022-12-22,0.68197185
2022-12-23,0.52984965
2022-12-26,0.70748454
2022-12-27,0.65503985
2022-12-28,0.65102905
2022-12-29,0.5740053
2022-12-30,0.532078
2023-01-02,0.55811435
2023-01-03,0.41572118
2023-01-04,0.33464938
2023-01-05,0.2707594
2023-01-06,0.5972286
2023-01-09,0.68148345
2023-01-10,0.38002768
2023-01-11,0.6559353
2023-01-12,0.5652498
2023-01-13,0.35871035
2023-01-16,0.40678507
2023-01-17,0.59994465
2023-01-18,0.39244327
2023-01-19,0.67276
2023-01-20,0.63264257
2023-01-23,0.57479024
2023-01-24,0.63983005
2023-01-25,0.55217266
2023-01-26,0.6742251
2023-01-27,0.549975
2023-01-30,0.5907454
2023-01-31,0.5048305
2023-02-01,0.6124817
2023-02-02,0.6365503
2023-02-03,0.5392938
2023-02-06,0.48910096
2023-02-07,0.64097244
2023-02-08,0.53994775
2023-02-09,0.48788667
2023-02-10,0.5587886
2023-02-13,0.47306564
2023-02-14,0.6068673
2023-02-15,0.64488846
2023-02-16,0.7184373
2023-02-17,0.65914506
2023-02-20,0.5817041
2023-02-21,0.6065896
2023-02-22,0.6449668
2023-02-23,0.23061846
2023-02-24,0.43521485
2023-02-27,0.55405694
2023-02-28,0.51580787
2023-03-01,0.6084881
2023-03-02,0.8357217
2023-03-03,0.50443125
2023-03-06,0.45954853
2023-03-07,0.6096323
2023-03-08,0.5852097
2023-03-09,0.25914797
2023-03-10,0.5484004
2023-03-13,0.2946087
2023-03-14,0.33783576
2023-03-15,0.53047913
2023-03-16,0.6766305
2023-03-17,0.6450595
2023-03-20,0.86234045
2023-03-21,0.64510655
2023-03-22,0.7806729
2023-03-23,0.57244897
2023-03-24,0.7256619
2023-03-27,0.78062063
2023-03-28,0.52581936
2023-03-29,0.6844062
2023-03-30,0.8047985
2023-03-31,0.75681907
2023-04-03,0.780004
2023-04-04,0.6031494
2023-04-05,0.64895517
2023-04-06,0.36711854
2023-04-07,0.39240506
2023-04-10,0.42615703
2023-04-11,0.42256686
2023-04-12,0.5400874
2023-04-13,0.46086815
2023-04-14,0.7448442
2023-04-17,0.61410457
2023-04-18,0.45733696
2023-04-19,0.71130985
2023-04-20,0.46737456
2023-04-21,0.58230525
2023-04-24,0.46914893
2023-04-25,0.28099456
2023-04-26,0.30824062
2023-04-27,0.5710521
2023-04-28,0.36209744
2023-05-01,0.39246655
2023-05-02,0.534342
2023-05-03,0.6045484
2023-05-04,0.39956334
2023-05-05,0.46037132
2023-05-08,0.5820966
2023-05-09,0.642999
2023-05-10,0.4452276
2023-05-11,0.38557896
2023-05-12,0.33872557
2023-05-15,0.53362876
2023-05-16,0.7429885
2023-05-17,0.654857
2023-05-18,0.44342005
2023-05-19,0.6718204
2023-05-22,0.69562936
2023-05-23,0.7178609
2023-05-24,0.64757824
2023-05-25,0.38191733
2023-05-26,0.65961003
2023-05-29,0.38957104
2023-05-30,0.5763495
2023-05-31,0.5502186
2023-06-01,0.34308228
2023-06-02,0.4657231
2023-06-05,0.56351054
2023-06-06,0.541543
2023-06-07,0.44027227
2023-06-08,0.6463354
2023-06-09,0.46240056
2023-06-12,0.52360594
2023-06-13,0.5570753
2023-06-14,0.5708794
2023-06-15,0.44336998
2023-06-16,0.4976153
2023-06-19,0.4617942
2023-06-20,0.6272432
2023-06-21,0.5023905
2023-06-22,0.43453455
2023-06-23,0.50204974
2023-06-26,0.4412408
2023-06-27,0.40102288
2023-06-28,0.45422623
2023-06-29,0.6106437
2023-06-30,0.41490322
2023-07-03,0.53302103
2023-07-04,0.39040384
2023-07-05,0.6429526
2023-07-06,0.46585426
2023-07-07,0.7093652
2023-07-10,0.47049278
2023-07-11,0.43084642
2023-07-12,0.36335814
2023-07-13,0.44476077
2023-07-14,0.37576392
2023-07-17,0.48285544
2023-07-18,0.6713659
2023-07-19,0.5156007
2023-07-20,0.46415415
2023-07-21,0.5744282
2023-07-24,0.5404337
2023-07-25,0.45873094
2023-07-26,0.61015433
2023-07-27,0.41561976
2023-07-28,0.3927793
2023-07-31,0.5598347
2023-08-01,0.25666472
2023-08-02,0.71241
2023-08-03,0.50315243
2023-08-04,0.4373907
2023-08-07,0.4461371
2023-08-08,0.48826975
2023-08-09,0.5239964
2023-08-10,0.40233025
2023-08-11,0.50970656
2023-08-14,0.5550378
2023-08-15,0.7225695
2023-08-16,0.6645948
2023-08-17,0.59669626
2023-08-18,0.48159906
2023-08-21,0.33138415
2023-08-22,0.4265829
2023-08-23,0.5230962
2023-08-24,0.53441644
2023-08-25,0.4636504
2023-08-28,0.4295702
2023-08-29,0.48401123
2023-08-30,0.63431907
2023-08-31,0.46913034
2023-09-01,0.50979084
2023-09-04,0.5978763
2023-09-05,0.55493003
2023-09-06,0.57802784
2023-09-07,0.58058834
2023-09-08,0.50317276
2023-09-11,0.57839096
2023-09-12,0.6283687
2023-09-13,0.48241308
2023-09-14,0.4245633
2023-09-15,0.5456936
2023-09-18,0.5503055
2023-09-19,0.53533554
2023-09-20,0.5385413
2023-09-21,0.59190285
2023-09-22,0.59379226
2023-09-25,0.5358982
2023-09-26,0.64759016
2023-09-27,0.8290361
2023-09-28,0.6157254
2023-09-29,0.6065816
2023-10-02,0.5669361
2023-10-03,0.70454377
2023-10-04,0.39702675
2023-10-05,0.3065797
2023-10-06,0.6800821
2023-10-09,0.51604223
2023-10-10,0.53231674
2023-10-11,0.31943002
2023-10-12,0.65338796
2023-10-13,0.30589992
2023-10-16,0.53391284
2023-10-17,0.5465811
2023-10-18,0.4984704
2023-10-19,0.5539314
2023-10-20,0.3878912
2023-10-23,0.48799622
2023-10-24,0.49079907
2023-10-25,0.5723766
2023-10-26,0.3110996
2023-10-27,0.4776499
2023-10-30,0.4811904
2023-10-31,0.6089355
2023-11-01,0.3698479
2023-11-02,0.34059644
2023-11-03,0.3141387
2023-11-06,0.42294157
2023-11-07,0.472089
2023-11-08,0.6630778
2023-11-09,0.44459754
2023-11-10,0.52783793
2023-11-13,0.72488016
2023-11-14,0.4462107
2023-11-15,0.3192845
2023-11-16,0.6185409
2023-11-17,0.6339344
2023-11-20,0.52319396
2023-11-21,0.48486418
2023-11-22,0.5553298
2023-11-23,0.6242445
2023-11-24,0.58806247
2023-11-27,0.70875007
2023-11-28,0.41885415
2023-11-29,0.482261
2023-11-30,0.600041
2023-12-01,0.49260107
2023-12-04,0.39607295
2023-12-05,0.49823186
2023-12-06,0.39153582
2023-12-07,0.38096032
2023-12-08,0.50949174
2023-12-11,0.40698797
2023-12-12,0.5236458
2023-12-13,0.24650858
2023-12-14,0.43676645
2023-12-15,0.29550263
2023-12-18,0.29154724
2023-12-19,0.3526943
2023-12-20,0.42238268
2023-12-21,0.71698534
2023-12-22,0.6433335
2023-12-25,0.310516
2023-12-26,0.705886
2023-12-27,0.6259662
2023-12-28,0.6241134
2023-12-29,0.5349782
2024-01-01,0.36142433
2024-01-02,0.53855604
2024-01-03,0.5674947
2024-01-04,0.4277457
2024-01-05,0.5228106
2024-01-08,0.52992857
2024-01-09,0.4999991
2024-01-10,0.6204269
2024-01-11,0.52531236
2024-01-12,0.5755781
2024-01-15,0.48538375
2024-01-16,0.70799583
2024-01-17,0.55359894
2024-01-18,0.63410646
2024-01-19,0.7368314
2024-01-22,0.6763803
2024-01-23,0.46864715
2024-01-24,0.6434213
2024-01-25,0.5188491
2024-01-26,0.56728756
2024-01-29,0.52245414
2024-01-30,0.6400426
2024-01-31,0.22274995
2024-02-01,0.36456442
2024-02-02,0.39588222
2024-02-05,0.4723124
2024-02-06,0.45875147
2024-02-07,0.45817015
2024-02-08,0.4632201
2024-02-09,0.6153323
2024-02-12,0.5338317
2024-02-13,0.47022894
2024-02-14,0.4970608
2024-02-15,0.4732108
2024-02-16,0.35196662
2024-02-19,0.6145534
2024-02-20,0.49608484
2024-02-21,0.47471198
2024-02-22,0.599628
2024-02-23,0.60385823
2024-02-26,0.6130589
2024-02-27,0.41721964
2024-02-28,0.5704039
2024-02-29,0.4314531
2024-03-01,0.37747958
2024-03-04,0.5797312
2024-03-05,0.55732256
2024-03-06,0.6179147
2024-03-07,0.3529339
2024-03-08,0.6078168
2024-03-11,0.49821776
2024-03-12,0.4881983
2024-03-13,0.5195947
2024-03-14,0.6007072
2024-03-15,0.835538
2024-03-18,0.8674254
2024-03-19,0.52783746
2024-03-20,0.36613268
2024-03-21,0.52258277
2024-03-22,0.39790624
2024-03-25,0.5675921
2024-03-26,0.6557141
2024-03-27,0.54786694
2024-03-28,0.52125746
2024-03-29,0.54694027
2024-04-01,0.6282199
2024-04-02,0.45913863
2024-04-03,0.53047925
2024-04-04,0.4172523
2024-04-05,0.3858875
2024-04-08,0.65402114
2024-04-09,0.55032367
2024-04-10,0.42228666
2024-04-11,0.2861361
2024-04-12,0.44695577
2024-04-15,0.31737602
2024-04-16,0.31718278
2024-04-17,0.57383525
2024-04-18,0.433909
2024-04-19,0.6218208
2024-04-22,0.62827235
2024-04-23,0.49669582
2024-04-24,0.42665008
2024-04-25,0.52578527
2024-04-26,0.5587048
2024-04-29,0.5127949
2024-04-30,0.46702626
2024-05-01,0.50582534
2024-05-02,0.36248475
2024-05-03,0.32091933
2024-05-06,0.6440184
2024-05-07,0.58716255
2024-05-08,0.536447
2024-05-09,0.5418944
2024-05-10,0.63324004
2024-05-13,0.5259936
2024-05-14,0.49119657
2024-05-15,0.30585048
2024-05-16,0.6484563
2024-05-17,0.5365928
2024-05-20,0.562507
2024-05-21,0.57636803
2024-05-22,0.49854097
2024-05-23,0.61136234
2024-05-24,0.43741086
2024-05-27,0.4274516
2024-05-28,0.38612562
2024-05-29,0.69018203
2024-05-30,0.5955171
2024-05-31,0.35966033
2024-06-03,0.44724777
2024-06-04,0.48651576
2024-06-05,0.43512547
2024-06-06,0.43755955
2024-06-07,0.6328458
2024-06-10,0.383917
2024-06-11,0.6193736
2024-06-12,0.23238403
2024-06-13,0.36843482
2024-06-14,0.5331025
2024-06-17,0.31500039
2024-06-18,0.4109141
2024-06-19,0.42359805
2024-06-20,0.5974584
2024-06-21,0.53312
2024-06-24,0.5773892
2024-06-25,0.5833345
2024-06-26,0.4733243
2024-06-27,0.4150158
2024-06-28,0.53865564
2024-07-01,0.5951642
2024-07-02,0.620381
2024-07-03,0.4395961
2024-07-04,0.3354323
2024-07-05,0.56921875
2024-07-08,0.48463508
2024-07-09,0.62300116
2024-07-10,0.6722737
2024-07-11,0.38594767
2024-07-12,0.4548079
2024-07-15,0.4943511
2024-07-16,0.46974045
2024-07-17,0.5256137
2024-07-18,0.5040234
2024-07-19,0.647883
2024-07-22,0.5699983
2024-07-23,0.583243
2024-07-24,0.4587597
2024-07-25,0.59542704
2024-07-26,0.5236267
2024-07-29,0.5081959
2024-07-30,0.5682187
2024-07-31,0.34789377
2024-08-01,0.3074437
2024-08-02,0.23067173
2024-08-05,0.27062193
2024-08-06,0.28922394
2024-08-07,0.29433754
2024-08-08,0.5282433
2024-08-09,0.5737911
2024-08-12,0.49411383
2024-08-13,0.46796685
2024-08-14,0.47743547
2024-08-15,0.44600308
2024-08-16,0.3455852
2024-08-19,0.4591663
2024-08-20,0.6129936
2024-08-21,0.41979358
2024-08-22,0.56780994
2024-08-23,0.36093825
2024-08-26,0.5250642
2024-08-27,0.5597914
2024-08-28,0.5369825
2024-08-29,0.42639858
2024-08-30,0.6266299
2024-09-02,0.5462453
2024-09-03,0.48711017
2024-09-04,0.56152785
2024-09-05,0.47064716
2024-09-06,0.6082775
2024-09-09,0.42126763
2024-09-10,0.3548444
2024-09-11,0.54931664
2024-09-12,0.595032
2024-09-13,0.52592254
2024-09-16,0.5316877
2024-09-17,0.518926
2024-09-18,0.5950744
2024-09-19,0.5119007
2024-09-20,0.4137794
2024-09-23,0.4266646
2024-09-24,0.48018137
2024-09-25,0.45968607
2024-09-26,0.57331556
2024-09-27,0.5324513
2024-09-30,0.345884
2024-10-01,0.47639284
2024-10-02,0.51970285
2024-10-03,0.3420364
2024-10-04,0.7545456
2024-10-07,0.6286511
2024-10-08,0.4331516
2024-10-09,0.6607783
2024-10-10,0.77751005
2024-10-11,0.6737551
2024-10-14,0.5709134
2024-10-15,0.72140235
2024-10-16,0.5670632
2024-10-17,0.45540142
2024-10-18,0.602554
2024-10-21,0.5674911
2024-10-22,0.69483024
2024-10-23,0.7944754
2024-10-24,0.67142045
2024-10-25,0.63311887
2024-10-28,0.5011561
2024-10-29,0.73719007
2024-10-30,0.7568675
2024-10-31,0.6732567
2024-11-01,0.4282536
2024-11-04,0.30246636
2024-11-05,0.40844613
2024-11-06,0.6361302
2024-11-07,0.54081386
2024-11-08,0.33556962
2024-11-11,0.3869017
2024-11-12,0.438227
2024-11-13,0.7215356
2024-11-14,0.5099032
2024-11-15,0.53006756
2024-11-18,0.59416527
2024-11-19,0.49408606
2024-11-20,0.55424696
2024-11-21,0.58197445
2024-11-22,0.5462223
2024-11-25,0.25804284
2024-11-26,0.54846346
2024-11-27,0.5909071
2024-11-28,0.3646269
2024-11-29,0.41589668
2024-12-02,0.48904178
2024-12-03,0.58306706
2024-12-04,0.599795
2024-12-05,0.49191335
2024-12-06,0.6321106
2024-12-09,0.60815847
2024-12-10,0.6162346
2024-12-11,0.64275426
2024-12-12,0.5247976
2024-12-13,0.75300527
2024-12-16,0.73055756
2024-12-17,0.6117056
2024-12-18,0.6613144
2024-12-19,0.77267814
2024-12-20,0.53434896
2024-12-23,0.6491208
2024-12-24,0.6977805
2024-12-25,0.6467951
2024-12-26,0.5852896
2024-12-27,0.606607
2024-12-30,0.61693704
2024-12-31,0.7195467
2025-01-01,0.67044437
2025-01-02,0.633902
2025-01-03,0.62582916
2025-01-06,0.66292655
2025-01-07,0.6700601
2025-01-08,0.49230063
2025-01-09,0.5560734
2025-01-10,0.501639
2025-01-13,0.68508327
2025-01-14,0.6824592
2025-01-15,0.43225327
2025-01-16,0.41993433
2025-01-17,0.52510095
2025-01-20,0.4874463
2025-01-21,0.6419355
2025-01-22,0.48788142
2025-01-23,0.65353805
2025-01-24,0.6695734
2025-01-27,0.5393598
2025-01-28,0.57497513
2025-01-29,0.62661964
2025-01-30,0.67168975
2025-01-31,0.5724923
2025-02-03,0.40771922
2025-02-04,0.59103614
2025-02-05,0.50234306
2025-02-06,0.6889761
2025-02-07,0.76179326
2025-02-10,0.52909017
2025-02-11,0.608353
2025-02-12,0.6738861
2025-02-13,0.58334935
2025-02-14,0.30421484
2025-02-17,0.4911286
2025-02-18,0.66270185
2025-02-19,0.48374346
2025-02-20,0.41064095
2025-02-21,0.590991
2025-02-24,0.4909152
2025-02-25,0.38653007
2025-02-26,0.5300715
2025-02-27,0.3723991
2025-02-28,0.44042715
2025-03-03,0.4363989
2025-03-04,0.6691672
2025-03-05,0.5909334
2025-03-06,0.55898553
2025-03-07,0.591258
2025-03-10,0.4930922
2025-03-11,0.5004095
2025-03-12,0.76547205
2025-03-13,0.5787896
2025-03-14,0.59586215
2025-03-17,0.6763694
2025-03-18,0.5786568
2025-03-19,0.6486849
2025-03-20,0.56389433
2025-03-21,0.59580594
2025-03-24,0.5239058
2025-03-25,0.5147493
2025-03-26,0.56017226
2025-03-27,0.54916275
2025-03-28,0.62613356
2025-03-31,0.44876045
2025-04-01,0.544154
2025-04-02,0.5614234
2025-04-03,0.43229115
2025-04-04,0.5270769
2025-04-07,0.41794327
2025-04-08,0.4577764
2025-04-09,0.6711347
2025-04-10,0.35287446
2025-04-11,0.5379274
2025-04-14,0.5357554
2025-04-15,0.20096317
2025-04-16,0.31834275
2025-04-17,0.5937399
2025-04-18,0.6122353
2025-04-21,0.62676185
2025-04-22,0.5038463
2025-04-23,0.47095144
2025-04-24,0.39910027
2025-04-25,0.43564782
2025-04-28,0.4089674
2025-04-29,0.5158253
2025-04-30,0.39323962
2025-05-01,0.43555498
2025-05-02,0.47289774
2025-05-05,0.48519972
2025-05-06,0.53188753
2025-05-07,0.4256418
2025-05-08,0.39045158
2025-05-09,0.5727033
2025-05-12,0.6636453
2025-05-13,0.59502834
2025-05-14,0.70794004
2025-05-15,0.45333874
2025-05-16,0.47992527
2025-05-19,0.66256595
2025-05-20,0.6127332
2025-05-21,0.37456012
2025-05-22,0.5462577
2025-05-23,0.20723969
2025-05-26,0.4392935
2025-05-27,0.5523602
2025-05-28,0.57951784
2025-05-29,0.5137085
2025-05-30,0.5737788
2025-06-02,0.6089367
2025-06-03,0.6193557
2025-06-04,0.4461995
2025-06-05,0.62426376
2025-06-06,0.5698833
2025-06-09,0.6459768
2025-06-10,0.51391274
2025-06-11,0.34681055
2025-06-12,0.42977193
2025-06-13,0.5835344
2025-06-16,0.6638122
2025-06-17,0.5484848
2025-06-18,0.50559485
2025-06-19,0.6386474
2025-06-20,0.54910827
2025-06-23,0.56741023
2025-06-24,0.58624625
2025-06-25,0.5709262
2025-06-26,0.68391085
2025-06-27,0.5089706
2025-06-30,0.6878543
2025-07-01,0.5335414
2025-07-02,0.5542534
2025-07-03,0.5459561
2025-07-04,0.48372203
2025-07-07,0.6248868
2025-07-08,0.6054148
2025-07-09,0.6354023
2025-07-10,0.56302565
2025-07-11,0.47091073
2025-07-14,0.5822338
2025-07-15,0.6039274
2025-07-16,0.47281212
2025-07-17,0.5953919
2025-07-18,0.52953434
2025-07-21,0.5047336
2025-07-22,0.5274891
2025-07-23,0.5864918
2025-07-24,0.6026768
2025-07-25,0.5400919
2025-07-28,0.26534638
2025-07-29,0.32960021
2025-07-30,0.6449042
2025-07-31,0.49325106
2025-08-01,0.30573735
2025-08-04,0.4537692
2025-08-05,0.54437447
2025-08-06,0.32710698
2025-08-07,0.4699259
2025-08-08,0.49768475
2025-08-11,0.5647933
2025-08-12,0.5602978
2025-08-13,0.66061693
2025-08-14,0.44077808
2025-08-15,0.6835056
2025-08-18,0.65220153
2025-08-19,0.5495466
2025-08-20,0.29317933
2025-08-21,0.42020825
2025-08-22,0.5564157
2025-08-25,0.6231011
2025-08-26,0.60640734
2025-08-27,0.52253866
2025-08-28,0.42795196
2025-08-29,0.47558737
2025-09-01,0.33675656
2025-09-02,0.46483946
2025-09-03,0.56136996
2025-09-04,0.4433979
2025-09-05,0.38746914
2025-09-08,0.4803619
2025-09-09,0.53481454
2025-09-10,0.61416984
2025-09-11,0.36909395
2025-09-12,0.6090632
2025-09-15,0.4401359
2025-09-16,0.45315707
2025-09-17,0.5065018
2025-09-18,0.512436
2025-09-19,0.47153857
2025-09-22,0.45442647
2025-09-23,0.42745516
2025-09-24,0.49428666
2025-09-25,0.3274286
2025-09-26,0.5626819
2025-09-29,0.49526066
2025-09-30,0.34643948
2025-10-01,0.59492415
2025-10-02,0.48240787
2025-10-03,0.49036354
2025-10-06,0.49674052
2025-10-07,0.52219576
2025-10-08,0.45024118
2025-10-09,0.44064537
2025-10-10,0.4677814
2025-10-13,0.53388625
2025-10-14,0.47614557
2025-10-15,0.60818887
2025-10-16,0.40247315
2025-10-17,0.49747887
2025-10-20,0.46492654
2025-10-21,0.44806698
2025-10-22,0.5471031
2025-10-23,0.5731405
2025-10-24,0.4893133
2025-10-27,0.4379322
2025-10-28,0.5747332
2025-10-29,0.44431219
2025-10-30,0.487039
2025-10-31,0.49663335
2025-11-03,0.4205823
2025-11-04,0.39252537
2025-11-05,0.38012052
2025-11-06,0.61454356
2025-11-07,0.4432346
