Date,SPY_xgb_proba
2015-01-01,0.4919348
2015-01-02,0.59151894
2015-01-05,0.5843058
2015-01-06,0.50993234
2015-01-07,0.4324529
2015-01-08,0.61294115
2015-01-09,0.7199349
2015-01-12,0.4639888
2015-01-13,0.51132995
2015-01-14,0.5816787
2015-01-15,0.5817373
2015-01-16,0.47382167
2015-01-19,0.51432455
2015-01-20,0.52483344
2015-01-21,0.44438112
2015-01-22,0.49232548
2015-01-23,0.460378
2015-01-26,0.39817023
2015-01-27,0.6801633
2015-01-28,0.47795787
2015-01-29,0.5075019
2015-01-30,0.47556183
2015-02-02,0.5876459
2015-02-03,0.4707618
2015-02-04,0.48075503
2015-02-05,0.48375842
2015-02-06,0.69733745
2015-02-09,0.53947026
2015-02-10,0.65059
2015-02-11,0.61188334
2015-02-12,0.6196005
2015-02-13,0.5213205
2015-02-16,0.5275482
2015-02-17,0.57401234
2015-02-18,0.50896555
2015-02-19,0.50509083
2015-02-20,0.6099842
2015-02-23,0.5602786
2015-02-24,0.5082617
2015-02-25,0.5763489
2015-02-26,0.62704915
2015-02-27,0.52151376
2015-03-02,0.5079338
2015-03-03,0.57002
2015-03-04,0.5307921
2015-03-05,0.6034097
2015-03-06,0.67878675
2015-03-09,0.54229754
2015-03-10,0.3931158
2015-03-11,0.39929983
2015-03-12,0.4621789
2015-03-13,0.45399436
2015-03-16,0.52175266
2015-03-17,0.51930654
2015-03-18,0.4073891
2015-03-19,0.5800321
2015-03-20,0.43714446
2015-03-23,0.46373057
2015-03-24,0.50274205
2015-03-25,0.622458
2015-03-26,0.6073991
2015-03-27,0.44147772
2015-03-30,0.47789818
2015-03-31,0.47153863
2015-04-01,0.38224387
2015-04-02,0.43938386
2015-04-03,0.6204795
2015-04-06,0.6402853
2015-04-07,0.5508989
2015-04-08,0.5447719
2015-04-09,0.50682795
2015-04-10,0.52327126
2015-04-13,0.4985642
2015-04-14,0.4182232
2015-04-15,0.58724904
2015-04-16,0.57532907
2015-04-17,0.4103534
2015-04-20,0.69357044
2015-04-21,0.5117257
2015-04-22,0.6573606
2015-04-23,0.52492434
2015-04-24,0.37585524
2015-04-27,0.50290275
2015-04-28,0.5984628
2015-04-29,0.61758906
2015-04-30,0.47184968
2015-05-01,0.504941
2015-05-04,0.42635015
2015-05-05,0.48763895
2015-05-06,0.5975727
2015-05-07,0.54184467
2015-05-08,0.5845815
2015-05-11,0.44497177
2015-05-12,0.4672177
2015-05-13,0.597875
2015-05-14,0.6445905
2015-05-15,0.5131952
2015-05-18,0.54583275
2015-05-19,0.52908415
2015-05-20,0.58631605
2015-05-21,0.59677804
2015-05-22,0.53019536
2015-05-25,0.56754863
2015-05-26,0.60161614
2015-05-27,0.4862293
2015-05-28,0.5440519
2015-05-29,0.60959065
2015-06-01,0.5246022
2015-06-02,0.5007696
2015-06-03,0.41876853
2015-06-04,0.560029
2015-06-05,0.30901316
2015-06-08,0.62213606
2015-06-09,0.5381392
2015-06-10,0.7187199
2015-06-11,0.4946527
2015-06-12,0.57792264
2015-06-15,0.35740516
2015-06-16,0.46373767
2015-06-17,0.5795481
2015-06-18,0.57825106
2015-06-19,0.510804
2015-06-22,0.49073806
2015-06-23,0.49054867
2015-06-24,0.57219005
2015-06-25,0.38809103
2015-06-26,0.5911677
2015-06-29,0.44076177
2015-06-30,0.46117383
2015-07-01,0.49460053
2015-07-02,0.56811804
2015-07-03,0.5776996
2015-07-06,0.57679236
2015-07-07,0.6207528
2015-07-08,0.64397514
2015-07-09,0.43405685
2015-07-10,0.4031279
2015-07-13,0.5153189
2015-07-14,0.40411243
2015-07-15,0.49665722
2015-07-16,0.5162498
2015-07-17,0.5253011
2015-07-20,0.4645436
2015-07-21,0.53085357
2015-07-22,0.5521305
2015-07-23,0.63224936
2015-07-24,0.5352328
2015-07-27,0.5298966
2015-07-28,0.50443417
2015-07-29,0.5346051
2015-07-30,0.5600657
2015-07-31,0.47385436
2015-08-03,0.5202642
2015-08-04,0.5894136
2015-08-05,0.6077719
2015-08-06,0.6137592
2015-08-07,0.50222975
2015-08-10,0.6870699
2015-08-11,0.5156102
2015-08-12,0.4310604
2015-08-13,0.68866843
2015-08-14,0.53848433
2015-08-17,0.53477484
2015-08-18,0.6247344
2015-08-19,0.5558073
2015-08-20,0.51364446
2015-08-21,0.64871365
2015-08-24,0.65890783
2015-08-25,0.47357643
2015-08-26,0.118215345
2015-08-27,0.7592597
2015-08-28,0.7287238
2015-08-31,0.7425738
2015-09-01,0.664649
2015-09-02,0.4520545
2015-09-03,0.48952192
2015-09-04,0.5058725
2015-09-07,0.46813467
2015-09-08,0.7212222
2015-09-09,0.4355124
2015-09-10,0.5408037
2015-09-11,0.65182185
2015-09-14,0.5965314
2015-09-15,0.5234688
2015-09-16,0.6347361
2015-09-17,0.4185212
2015-09-18,0.63288367
2015-09-21,0.4237722
2015-09-22,0.25944793
2015-09-23,0.5855138
2015-09-24,0.46309018
2015-09-25,0.55280465
2015-09-28,0.4911424
2015-09-29,0.3571436
2015-09-30,0.5200644
2015-10-01,0.72079456
2015-10-02,0.44495055
2015-10-05,0.46048957
2015-10-06,0.6360167
2015-10-07,0.5239485
2015-10-08,0.68133825
2015-10-09,0.54343367
2015-10-12,0.5259488
2015-10-13,0.5360586
2015-10-14,0.47872314
2015-10-15,0.46833873
2015-10-16,0.5460092
2015-10-19,0.676594
2015-10-20,0.6616667
2015-10-21,0.61668926
2015-10-22,0.50910455
2015-10-23,0.49096864
2015-10-26,0.38055593
2015-10-27,0.6204749
2015-10-28,0.6441213
2015-10-29,0.49209276
2015-10-30,0.4913265
2015-11-02,0.6456999
2015-11-03,0.45172366
2015-11-04,0.6403097
2015-11-05,0.51179874
2015-11-06,0.6452373
2015-11-09,0.6660281
2015-11-10,0.40372548
2015-11-11,0.49931845
2015-11-12,0.63450557
2015-11-13,0.7673053
2015-11-16,0.5648662
2015-11-17,0.50618494
2015-11-18,0.6054079
2015-11-19,0.7602295
2015-11-20,0.3844375
2015-11-23,0.68711966
2015-11-24,0.516834
2015-11-25,0.6116107
2015-11-26,0.5958572
2015-11-27,0.53324026
2015-11-30,0.5277881
2015-12-01,0.59202915
2015-12-02,0.5627836
2015-12-03,0.567534
2015-12-04,0.5210464
2015-12-07,0.7221033
2015-12-08,0.61554277
2015-12-09,0.62103367
2015-12-10,0.5065848
2015-12-11,0.4679872
2015-12-14,0.38980076
2015-12-15,0.5469455
2015-12-16,0.5062281
2015-12-17,0.5470515
2015-12-18,0.6859457
2015-12-21,0.6595451
2015-12-22,0.52521086
2015-12-23,0.518018
2015-12-24,0.4407642
2015-12-25,0.48045138
2015-12-28,0.49182463
2015-12-29,0.64148605
2015-12-30,0.64412194
2015-12-31,0.5277942
2016-01-01,0.41839904
2016-01-04,0.6340111
2016-01-05,0.41988623
2016-01-06,0.5020971
2016-01-07,0.67882264
2016-01-08,0.54949427
2016-01-11,0.56035924
2016-01-12,0.61113876
2016-01-13,0.5527026
2016-01-14,0.54311746
2016-01-15,0.60308933
2016-01-18,0.48221388
2016-01-19,0.5872966
2016-01-20,0.47840664
2016-01-21,0.4617455
2016-01-22,0.58230615
2016-01-25,0.7791975
2016-01-26,0.57468075
2016-01-27,0.579817
2016-01-28,0.6258841
2016-01-29,0.85472655
2016-02-01,0.7499317
2016-02-02,0.68048424
2016-02-03,0.7025778
2016-02-04,0.37130487
2016-02-05,0.52707386
2016-02-08,0.5418094
2016-02-09,0.47681066
2016-02-10,0.47723207
2016-02-11,0.48743197
2016-02-12,0.54082286
2016-02-15,0.68567264
2016-02-16,0.48094603
2016-02-17,0.42830056
2016-02-18,0.44288498
2016-02-19,0.5607302
2016-02-22,0.6319477
2016-02-23,0.42977315
2016-02-24,0.52323335
2016-02-25,0.64264804
2016-02-26,0.5130365
2016-02-29,0.61862063
2016-03-01,0.6514388
2016-03-02,0.55333644
2016-03-03,0.56792516
2016-03-04,0.5137037
2016-03-07,0.44328582
2016-03-08,0.5564817
2016-03-09,0.6213063
2016-03-10,0.637031
2016-03-11,0.48243046
2016-03-14,0.62962395
2016-03-15,0.49285945
2016-03-16,0.622494
2016-03-17,0.57379985
2016-03-18,0.41313514
2016-03-21,0.49733192
2016-03-22,0.620577
2016-03-23,0.5640516
2016-03-24,0.465626
2016-03-25,0.56764084
2016-03-28,0.61323386
2016-03-29,0.5583448
2016-03-30,0.5018009
2016-03-31,0.47201562
2016-04-01,0.5641474
2016-04-04,0.5051169
2016-04-05,0.46621394
2016-04-06,0.55102736
2016-04-07,0.45377254
2016-04-08,0.6098474
2016-04-11,0.46984115
2016-04-12,0.78662443
2016-04-13,0.65125597
2016-04-14,0.51746464
2016-04-15,0.51723325
2016-04-18,0.6888996
2016-04-19,0.5977835
2016-04-20,0.46654645
2016-04-21,0.57364374
2016-04-22,0.5586232
2016-04-25,0.64629495
2016-04-26,0.44372106
2016-04-27,0.5719482
2016-04-28,0.5471566
2016-04-29,0.544137
2016-05-02,0.6097757
2016-05-03,0.62737864
2016-05-04,0.4567296
2016-05-05,0.4574438
2016-05-06,0.5874496
2016-05-09,0.46458757
2016-05-10,0.5364492
2016-05-11,0.5128229
2016-05-12,0.44297174
2016-05-13,0.5777605
2016-05-16,0.50492793
2016-05-17,0.53725606
2016-05-18,0.493769
2016-05-19,0.5210646
2016-05-20,0.6833225
2016-05-23,0.5482257
2016-05-24,0.5046633
2016-05-25,0.6181142
2016-05-26,0.55159724
2016-05-27,0.59432596
2016-05-30,0.5114038
2016-05-31,0.4907545
2016-06-01,0.63574266
2016-06-02,0.60139644
2016-06-03,0.5145572
2016-06-06,0.568281
2016-06-07,0.55365944
2016-06-08,0.5730641
2016-06-09,0.56416124
2016-06-10,0.6156803
2016-06-13,0.6081409
2016-06-14,0.6276611
2016-06-15,0.61431414
2016-06-16,0.5841883
2016-06-17,0.59107894
2016-06-20,0.5892108
2016-06-21,0.5872912
2016-06-22,0.41374177
2016-06-23,0.59246814
2016-06-24,0.5015013
2016-06-27,0.82582694
2016-06-28,0.2340093
2016-06-29,0.55028945
2016-06-30,0.6862424
2016-07-01,0.48208117
2016-07-04,0.65558124
2016-07-05,0.6145052
2016-07-06,0.523901
2016-07-07,0.63493377
2016-07-08,0.44257045
2016-07-11,0.53517556
2016-07-12,0.42409846
2016-07-13,0.64810604
2016-07-14,0.42145374
2016-07-15,0.5763878
2016-07-18,0.5184877
2016-07-19,0.58769107
2016-07-20,0.6573549
2016-07-21,0.52136576
2016-07-22,0.45589206
2016-07-25,0.55854815
2016-07-26,0.68242896
2016-07-27,0.58517736
2016-07-28,0.55346644
2016-07-29,0.59897757
2016-08-01,0.47402018
2016-08-02,0.627657
2016-08-03,0.6639293
2016-08-04,0.599118
2016-08-05,0.6950693
2016-08-08,0.58110976
2016-08-09,0.27901572
2016-08-10,0.32148132
2016-08-11,0.3566417
2016-08-12,0.43140393
2016-08-15,0.32447925
2016-08-16,0.5058073
2016-08-17,0.40981635
2016-08-18,0.42505157
2016-08-19,0.48875
2016-08-22,0.38408414
2016-08-23,0.47334367
2016-08-24,0.3161042
2016-08-25,0.44627005
2016-08-26,0.69019103
2016-08-29,0.41546255
2016-08-30,0.5255433
2016-08-31,0.3423693
2016-09-01,0.5969801
2016-09-02,0.46902522
2016-09-05,0.46289945
2016-09-06,0.39903608
2016-09-07,0.41715384
2016-09-08,0.47036046
2016-09-09,0.5504681
2016-09-12,0.5600764
2016-09-13,0.44116688
2016-09-14,0.5497993
2016-09-15,0.6705125
2016-09-16,0.4489955
2016-09-19,0.47976202
2016-09-20,0.5750304
2016-09-21,0.68113863
2016-09-22,0.54545
2016-09-23,0.5337537
2016-09-26,0.5959777
2016-09-27,0.52463925
2016-09-28,0.6289932
2016-09-29,0.5595617
2016-09-30,0.5044722
2016-10-03,0.5772465
2016-10-04,0.47992188
2016-10-05,0.4816414
2016-10-06,0.5779406
2016-10-07,0.49490312
2016-10-10,0.5048045
2016-10-11,0.523278
2016-10-12,0.55560267
2016-10-13,0.49567315
2016-10-14,0.5426848
2016-10-17,0.5372195
2016-10-18,0.5902266
2016-10-19,0.5721386
2016-10-20,0.42998764
2016-10-21,0.4529074
2016-10-24,0.5759502
2016-10-25,0.5058654
2016-10-26,0.34715414
2016-10-27,0.6134475
2016-10-28,0.6000898
2016-10-31,0.5661978
2016-11-01,0.6455203
2016-11-02,0.4095834
2016-11-03,0.58645475
2016-11-04,0.59409356
2016-11-07,0.7170533
2016-11-08,0.67951906
2016-11-09,0.45102614
2016-11-10,0.61957526
2016-11-11,0.40017647
2016-11-14,0.5728046
2016-11-15,0.6409093
2016-11-16,0.52156913
2016-11-17,0.5658117
2016-11-18,0.5287482
2016-11-21,0.5554825
2016-11-22,0.558809
2016-11-23,0.46215838
2016-11-24,0.61446756
2016-11-25,0.6093122
2016-11-28,0.4854714
2016-11-29,0.57760775
2016-11-30,0.60906506
2016-12-01,0.6079178
2016-12-02,0.5653265
2016-12-05,0.61383706
2016-12-06,0.6552207
2016-12-07,0.5346056
2016-12-08,0.39832136
2016-12-09,0.39215478
2016-12-12,0.5491833
2016-12-13,0.60381305
2016-12-14,0.6475626
2016-12-15,0.3447935
2016-12-16,0.54894984
2016-12-19,0.6829428
2016-12-20,0.62137306
2016-12-21,0.44848073
2016-12-22,0.66293174
2016-12-23,0.6630058
2016-12-26,0.7045001
2016-12-27,0.5559209
2016-12-28,0.6168117
2016-12-29,0.37077332
2016-12-30,0.6819728
2017-01-02,0.45022932
2017-01-03,0.61951774
2017-01-04,0.4782353
2017-01-05,0.43840933
2017-01-06,0.44635308
2017-01-09,0.44010177
2017-01-10,0.49597216
2017-01-11,0.38530806
2017-01-12,0.45938283
2017-01-13,0.42461216
2017-01-16,0.4847772
2017-01-17,0.3670768
2017-01-18,0.50185806
2017-01-19,0.5031372
2017-01-20,0.45621482
2017-01-23,0.66177726
2017-01-24,0.5238342
2017-01-25,0.48569947
2017-01-26,0.551611
2017-01-27,0.31797343
2017-01-30,0.4635264
2017-01-31,0.33293778
2017-02-01,0.7239632
2017-02-02,0.5833323
2017-02-03,0.40359822
2017-02-06,0.51134026
2017-02-07,0.2989675
2017-02-08,0.3660266
2017-02-09,0.3491305
2017-02-10,0.47703582
2017-02-13,0.3908405
2017-02-14,0.45117876
2017-02-15,0.36016873
2017-02-16,0.43464056
2017-02-17,0.31103462
2017-02-20,0.37826055
2017-02-21,0.41117114
2017-02-22,0.48588005
2017-02-23,0.47694013
2017-02-24,0.43079078
2017-02-27,0.40040177
2017-02-28,0.45509976
2017-03-01,0.5176483
2017-03-02,0.54058176
2017-03-03,0.5646098
2017-03-06,0.6846988
2017-03-07,0.6500375
2017-03-08,0.73713267
2017-03-09,0.74233973
2017-03-10,0.7557788
2017-03-13,0.4974873
2017-03-14,0.504163
2017-03-15,0.5724986
2017-03-16,0.54557216
2017-03-17,0.46472892
2017-03-20,0.55636376
2017-03-21,0.590648
2017-03-22,0.5853198
2017-03-23,0.4866239
2017-03-24,0.47453997
2017-03-27,0.5095589
2017-03-28,0.63892466
2017-03-29,0.45031688
2017-03-30,0.43521515
2017-03-31,0.44901678
2017-04-03,0.45840466
2017-04-04,0.67212266
2017-04-05,0.6102371
2017-04-06,0.45303765
2017-04-07,0.5790988
2017-04-10,0.48667654
2017-04-11,0.6164528
2017-04-12,0.25894397
2017-04-13,0.5698859
2017-04-14,0.46435118
2017-04-17,0.61332357
2017-04-18,0.601225
2017-04-19,0.31389913
2017-04-20,0.48433676
2017-04-21,0.5966096
2017-04-24,0.40065238
2017-04-25,0.43334886
2017-04-26,0.44595575
2017-04-27,0.4145306
2017-04-28,0.5305416
2017-05-01,0.46000174
2017-05-02,0.5485484
2017-05-03,0.49973753
2017-05-04,0.47282118
2017-05-05,0.5648813
2017-05-08,0.56590927
2017-05-09,0.5573376
2017-05-10,0.6310028
2017-05-11,0.43977463
2017-05-12,0.49100798
2017-05-15,0.4842189
2017-05-16,0.49630925
2017-05-17,0.614281
2017-05-18,0.5711845
2017-05-19,0.46082866
2017-05-22,0.60449827
2017-05-23,0.49535406
2017-05-24,0.40837878
2017-05-25,0.46758503
2017-05-26,0.5046253
2017-05-29,0.5307095
2017-05-30,0.56903625
2017-05-31,0.5395736
2017-06-01,0.59985995
2017-06-02,0.3928922
2017-06-05,0.35197452
2017-06-06,0.40702838
2017-06-07,0.4916278
2017-06-08,0.4521061
2017-06-09,0.46947026
2017-06-12,0.48474672
2017-06-13,0.5137372
2017-06-14,0.3862088
2017-06-15,0.3829167
2017-06-16,0.46125275
2017-06-19,0.5967829
2017-06-20,0.68380266
2017-06-21,0.3138908
2017-06-22,0.43606633
2017-06-23,0.39723963
2017-06-26,0.4544704
2017-06-27,0.57272404
2017-06-28,0.48658314
2017-06-29,0.6588695
2017-06-30,0.37065062
2017-07-03,0.61311036
2017-07-04,0.56394476
2017-07-05,0.5053862
2017-07-06,0.55588835
2017-07-07,0.5506088
2017-07-10,0.6239574
2017-07-11,0.5670377
2017-07-12,0.5725768
2017-07-13,0.5217061
2017-07-14,0.34090376
2017-07-17,0.43046007
2017-07-18,0.41240808
2017-07-19,0.48530805
2017-07-20,0.45056957
2017-07-21,0.47853568
2017-07-24,0.524746
2017-07-25,0.6597797
2017-07-26,0.33760843
2017-07-27,0.53003925
2017-07-28,0.44710004
2017-07-31,0.45790735
2017-08-01,0.40839514
2017-08-02,0.39292073
2017-08-03,0.5399011
2017-08-04,0.44448495
2017-08-07,0.43967927
2017-08-08,0.51580983
2017-08-09,0.41566008
2017-08-10,0.7541373
2017-08-11,0.4375412
2017-08-14,0.60937333
2017-08-15,0.38743895
2017-08-16,0.5685584
2017-08-17,0.45948288
2017-08-18,0.36148563
2017-08-21,0.38259897
2017-08-22,0.62460506
2017-08-23,0.36233804
2017-08-24,0.5603305
2017-08-25,0.5005043
2017-08-28,0.5662221
2017-08-29,0.43038517
2017-08-30,0.5706915
2017-08-31,0.57373345
2017-09-01,0.53661644
2017-09-04,0.53361094
2017-09-05,0.6503862
2017-09-06,0.5387421
2017-09-07,0.5018603
2017-09-08,0.4545351
2017-09-11,0.67159057
2017-09-12,0.4548857
2017-09-13,0.4319101
2017-09-14,0.48459277
2017-09-15,0.5175186
2017-09-18,0.52815837
2017-09-19,0.5510264
2017-09-20,0.5445376
2017-09-21,0.47349903
2017-09-22,0.5278151
2017-09-25,0.48621854
2017-09-26,0.37156963
2017-09-27,0.5066807
2017-09-28,0.42014292
2017-09-29,0.5331877
2017-10-02,0.44828317
2017-10-03,0.5673071
2017-10-04,0.4170683
2017-10-05,0.46736193
2017-10-06,0.5186278
2017-10-09,0.48184937
2017-10-10,0.44169348
2017-10-11,0.4826984
2017-10-12,0.51478064
2017-10-13,0.44939372
2017-10-16,0.4723042
2017-10-17,0.48565692
2017-10-18,0.53118956
2017-10-19,0.53528166
2017-10-20,0.47810888
2017-10-23,0.471094
2017-10-24,0.4569654
2017-10-25,0.51464754
2017-10-26,0.5304658
2017-10-27,0.60326016
2017-10-30,0.623483
2017-10-31,0.37491956
2017-11-01,0.37504548
2017-11-02,0.4510603
2017-11-03,0.3904331
2017-11-06,0.45336905
2017-11-07,0.39014253
2017-11-08,0.38358724
2017-11-09,0.34729823
2017-11-10,0.41504967
2017-11-13,0.48218587
2017-11-14,0.390259
2017-11-15,0.5100123
2017-11-16,0.42171255
2017-11-17,0.6269531
2017-11-20,0.3066448
2017-11-21,0.45469046
2017-11-22,0.49710187
2017-11-23,0.33021307
2017-11-24,0.3707606
2017-11-27,0.30869234
2017-11-28,0.5305002
2017-11-29,0.58132726
2017-11-30,0.45269904
2017-12-01,0.49324617
2017-12-04,0.43495193
2017-12-05,0.50740623
2017-12-06,0.5363529
2017-12-07,0.7144414
2017-12-08,0.63978106
2017-12-11,0.606945
2017-12-12,0.47944173
2017-12-13,0.4563641
2017-12-14,0.38370234
2017-12-15,0.59351903
2017-12-18,0.60961545
2017-12-19,0.5914028
2017-12-20,0.5882416
2017-12-21,0.5967443
2017-12-22,0.70352983
2017-12-25,0.5357409
2017-12-26,0.3812144
2017-12-27,0.3688345
2017-12-28,0.39246568
2017-12-29,0.2782643
2018-01-01,0.3353066
2018-01-02,0.5890014
2018-01-03,0.7592515
2018-01-04,0.38714442
2018-01-05,0.3799858
2018-01-08,0.5862056
2018-01-09,0.29087886
2018-01-10,0.397692
2018-01-11,0.4097317
2018-01-12,0.71659446
2018-01-15,0.41529003
2018-01-16,0.36218032
2018-01-17,0.43078583
2018-01-18,0.6231622
2018-01-19,0.42402256
2018-01-22,0.50415397
2018-01-23,0.499507
2018-01-24,0.33857912
2018-01-25,0.4838117
2018-01-26,0.6168799
2018-01-29,0.42207995
2018-01-30,0.44350797
2018-01-31,0.3077587
2018-02-01,0.6194404
2018-02-02,0.6884473
2018-02-05,0.7506977
2018-02-06,0.41493574
2018-02-07,0.61516863
2018-02-08,0.66301966
2018-02-09,0.4340502
2018-02-12,0.59523976
2018-02-13,0.54072124
2018-02-14,0.50801396
2018-02-15,0.46898076
2018-02-16,0.5027765
2018-02-19,0.4400992
2018-02-20,0.5358174
2018-02-21,0.52940536
2018-02-22,0.5015646
2018-02-23,0.49596867
2018-02-26,0.49119064
2018-02-27,0.34152198
2018-02-28,0.5046268
2018-03-01,0.451415
2018-03-02,0.39719638
2018-03-05,0.62889963
2018-03-06,0.48516512
2018-03-07,0.5334194
2018-03-08,0.58211637
2018-03-09,0.5110262
2018-03-12,0.55449873
2018-03-13,0.6381829
2018-03-14,0.5037715
2018-03-15,0.6704671
2018-03-16,0.56788784
2018-03-19,0.4681799
2018-03-20,0.47930953
2018-03-21,0.53307915
2018-03-22,0.5218053
2018-03-23,0.63824314
2018-03-26,0.6909744
2018-03-27,0.8129036
2018-03-28,0.4347493
2018-03-29,0.6211999
2018-03-30,0.56228346
2018-04-02,0.625468
2018-04-03,0.58277345
2018-04-04,0.628911
2018-04-05,0.4213451
2018-04-06,0.6196
2018-04-09,0.54473126
2018-04-10,0.675752
2018-04-11,0.64565283
2018-04-12,0.56820166
2018-04-13,0.6546973
2018-04-16,0.4477257
2018-04-17,0.6841198
2018-04-18,0.54383725
2018-04-19,0.47552374
2018-04-20,0.6181887
2018-04-23,0.46287593
2018-04-24,0.49834758
2018-04-25,0.46625125
2018-04-26,0.57184327
2018-04-27,0.5501532
2018-04-30,0.5991696
2018-05-01,0.43004733
2018-05-02,0.69992083
2018-05-03,0.40249547
2018-05-04,0.64392984
2018-05-07,0.57827246
2018-05-08,0.5324397
2018-05-09,0.7278822
2018-05-10,0.61964417
2018-05-11,0.45166865
2018-05-14,0.50070864
2018-05-15,0.57794255
2018-05-16,0.45411375
2018-05-17,0.52660555
2018-05-18,0.47782087
2018-05-21,0.69013387
2018-05-22,0.49303627
2018-05-23,0.55358005
2018-05-24,0.47478664
2018-05-25,0.5142252
2018-05-28,0.646976
2018-05-29,0.49777195
2018-05-30,0.5819504
2018-05-31,0.50905275
2018-06-01,0.66263545
2018-06-04,0.66520983
2018-06-05,0.6282852
2018-06-06,0.5475102
2018-06-07,0.513952
2018-06-08,0.4521759
2018-06-11,0.36914137
2018-06-12,0.42339715
2018-06-13,0.5140303
2018-06-14,0.54854643
2018-06-15,0.55616367
2018-06-18,0.46317133
2018-06-19,0.50806195
2018-06-20,0.49742293
2018-06-21,0.555054
2018-06-22,0.44758618
2018-06-25,0.58767325
2018-06-26,0.49359676
2018-06-27,0.5667152
2018-06-28,0.35676742
2018-06-29,0.65767336
2018-07-02,0.4908884
2018-07-03,0.40264022
2018-07-04,0.4001267
2018-07-05,0.5752046
2018-07-06,0.6231643
2018-07-09,0.52196115
2018-07-10,0.39306155
2018-07-11,0.47936085
2018-07-12,0.45963788
2018-07-13,0.59623665
2018-07-16,0.5458527
2018-07-17,0.48908615
2018-07-18,0.48253188
2018-07-19,0.54083925
2018-07-20,0.5055126
2018-07-23,0.632563
2018-07-24,0.63703275
2018-07-25,0.55595905
2018-07-26,0.42019433
2018-07-27,0.64840865
2018-07-30,0.45386022
2018-07-31,0.4843691
2018-08-01,0.67397577
2018-08-02,0.6040715
2018-08-03,0.60217834
2018-08-06,0.4561418
2018-08-07,0.50605655
2018-08-08,0.5803004
2018-08-09,0.3542044
2018-08-10,0.6559716
2018-08-13,0.5964859
2018-08-14,0.68617696
2018-08-15,0.6958096
2018-08-16,0.38486344
2018-08-17,0.5649929
2018-08-20,0.4116249
2018-08-21,0.46270028
2018-08-22,0.5111978
2018-08-23,0.5394314
2018-08-24,0.61397535
2018-08-27,0.60166866
2018-08-28,0.4903921
2018-08-29,0.48424962
2018-08-30,0.40579966
2018-08-31,0.55755395
2018-09-03,0.6153424
2018-09-04,0.5007428
2018-09-05,0.42313513
2018-09-06,0.6377825
2018-09-07,0.5747583
2018-09-10,0.63283485
2018-09-11,0.45010978
2018-09-12,0.56570673
2018-09-13,0.55614907
2018-09-14,0.3588639
2018-09-17,0.29523683
2018-09-18,0.349505
2018-09-19,0.47946015
2018-09-20,0.5185294
2018-09-21,0.5711183
2018-09-24,0.32801124
2018-09-25,0.3801359
2018-09-26,0.47496137
2018-09-27,0.5416136
2018-09-28,0.56009585
2018-10-01,0.4523261
2018-10-02,0.37742507
2018-10-03,0.49578613
2018-10-04,0.5845102
2018-10-05,0.46163726
2018-10-08,0.5470009
2018-10-09,0.64472824
2018-10-10,0.67596424
2018-10-11,0.78001606
2018-10-12,0.34929493
2018-10-15,0.5495257
2018-10-16,0.58669496
2018-10-17,0.76161146
2018-10-18,0.6945756
2018-10-19,0.58633024
2018-10-22,0.5923853
2018-10-23,0.3881215
2018-10-24,0.6135228
2018-10-25,0.54782695
2018-10-26,0.5275007
2018-10-29,0.4710932
2018-10-30,0.5969176
2018-10-31,0.6457431
2018-11-01,0.6150481
2018-11-02,0.65171885
2018-11-05,0.5573323
2018-11-06,0.58712435
2018-11-07,0.6255149
2018-11-08,0.6970072
2018-11-09,0.50459766
2018-11-12,0.58221006
2018-11-13,0.4957975
2018-11-14,0.50638616
2018-11-15,0.49846515
2018-11-16,0.5179995
2018-11-19,0.5693362
2018-11-20,0.6617133
2018-11-21,0.5027583
2018-11-22,0.39010292
2018-11-23,0.69875216
2018-11-26,0.3940117
2018-11-27,0.7205782
2018-11-28,0.59420615
2018-11-29,0.7701267
2018-11-30,0.399108
2018-12-03,0.6540062
2018-12-04,0.4202055
2018-12-05,0.59120667
2018-12-06,0.4083719
2018-12-07,0.4778176
2018-12-10,0.49276948
2018-12-11,0.5367145
2018-12-12,0.5151651
2018-12-13,0.52355
2018-12-14,0.71091837
2018-12-17,0.65857923
2018-12-18,0.41582632
2018-12-19,0.5996679
2018-12-20,0.7637498
2018-12-21,0.6171675
2018-12-24,0.47079512
2018-12-25,0.5401756
2018-12-26,0.4330602
2018-12-27,0.5964476
2018-12-28,0.7268172
2018-12-31,0.56253016
2019-01-01,0.6522795
2019-01-02,0.65821844
2019-01-03,0.5116731
2019-01-04,0.6931933
2019-01-07,0.59071964
2019-01-08,0.4810807
2019-01-09,0.42333683
2019-01-10,0.4650266
2019-01-11,0.49227244
2019-01-14,0.5128469
2019-01-15,0.56963384
2019-01-16,0.41756442
2019-01-17,0.38969085
2019-01-18,0.32830498
2019-01-21,0.287932
2019-01-22,0.38437277
2019-01-23,0.51154613
2019-01-24,0.4724219
2019-01-25,0.53619283
2019-01-28,0.47406223
2019-01-29,0.4165709
2019-01-30,0.56884104
2019-01-31,0.626857
2019-02-01,0.47163936
2019-02-04,0.5164454
2019-02-05,0.49579626
2019-02-06,0.44849283
2019-02-07,0.63132197
2019-02-08,0.43805596
2019-02-11,0.51159614
2019-02-12,0.6379397
2019-02-13,0.4973721
2019-02-14,0.5021915
2019-02-15,0.76110125
2019-02-18,0.5204604
2019-02-19,0.5347306
2019-02-20,0.5581099
2019-02-21,0.51945335
2019-02-22,0.5862953
2019-02-25,0.55744195
2019-02-26,0.6067816
2019-02-27,0.5834511
2019-02-28,0.60555243
2019-03-01,0.59288836
2019-03-04,0.5296552
2019-03-05,0.48901522
2019-03-06,0.5991429
2019-03-07,0.6747154
2019-03-08,0.61138994
2019-03-11,0.780205
2019-03-12,0.51976174
2019-03-13,0.6461097
2019-03-14,0.7735852
2019-03-15,0.33589977
2019-03-18,0.48925868
2019-03-19,0.41843662
2019-03-20,0.59026027
2019-03-21,0.688016
2019-03-22,0.4785893
2019-03-25,0.6301635
2019-03-26,0.42331338
2019-03-27,0.56396246
2019-03-28,0.48786953
2019-03-29,0.53602237
2019-04-01,0.67136043
2019-04-02,0.39525157
2019-04-03,0.51032835
2019-04-04,0.4938058
2019-04-05,0.52977365
2019-04-08,0.6032675
2019-04-09,0.5642166
2019-04-10,0.6065358
2019-04-11,0.6295285
2019-04-12,0.784066
2019-04-15,0.56816214
2019-04-16,0.53735286
2019-04-17,0.59170526
2019-04-18,0.49984092
2019-04-19,0.580995
2019-04-22,0.5909699
2019-04-23,0.63455105
2019-04-24,0.41670698
2019-04-25,0.47640935
2019-04-26,0.5198204
2019-04-29,0.38438523
2019-04-30,0.3945368
2019-05-01,0.5280602
2019-05-02,0.25016522
2019-05-03,0.6336133
2019-05-06,0.545792
2019-05-07,0.7365563
2019-05-08,0.5640765
2019-05-09,0.4371555
2019-05-10,0.4684798
2019-05-13,0.5493013
2019-05-14,0.4920688
2019-05-15,0.6148706
2019-05-16,0.7262555
2019-05-17,0.50612676
2019-05-20,0.43879312
2019-05-21,0.5018323
2019-05-22,0.55069476
2019-05-23,0.36645657
2019-05-24,0.56717676
2019-05-27,0.6046337
2019-05-28,0.5764214
2019-05-29,0.58693445
2019-05-30,0.5198099
2019-05-31,0.51869845
2019-06-03,0.540363
2019-06-04,0.671684
2019-06-05,0.7297739
2019-06-06,0.5627619
2019-06-07,0.5920916
2019-06-10,0.3606466
2019-06-11,0.47392258
2019-06-12,0.53936344
2019-06-13,0.5653525
2019-06-14,0.49244004
2019-06-17,0.54429173
2019-06-18,0.61355627
2019-06-19,0.44490635
2019-06-20,0.4954447
2019-06-21,0.502261
2019-06-24,0.6180643
2019-06-25,0.65084547
2019-06-26,0.3534683
2019-06-27,0.5777154
2019-06-28,0.62824017
2019-07-01,0.66035587
2019-07-02,0.43681076
2019-07-03,0.29878274
2019-07-04,0.45587465
2019-07-05,0.4737293
2019-07-08,0.5201594
2019-07-09,0.57352245
2019-07-10,0.47654358
2019-07-11,0.61512136
2019-07-12,0.4681444
2019-07-15,0.4546193
2019-07-16,0.53155965
2019-07-17,0.5207528
2019-07-18,0.5086395
2019-07-19,0.67450815
2019-07-22,0.468492
2019-07-23,0.67974305
2019-07-24,0.59818316
2019-07-25,0.5207943
2019-07-26,0.42963755
2019-07-29,0.5400272
2019-07-30,0.49576098
2019-07-31,0.6181593
2019-08-01,0.72527426
2019-08-02,0.59256685
2019-08-05,0.4333985
2019-08-06,0.5008076
2019-08-07,0.35344678
2019-08-08,0.42489746
2019-08-09,0.7760435
2019-08-12,0.5698703
2019-08-13,0.6042586
2019-08-14,0.52955866
2019-08-15,0.6308412
2019-08-16,0.44166896
2019-08-19,0.36547026
2019-08-20,0.5221744
2019-08-21,0.44132748
2019-08-22,0.5340691
2019-08-23,0.69712013
2019-08-26,0.58594453
2019-08-27,0.6121094
2019-08-28,0.4566527
2019-08-29,0.5237233
2019-08-30,0.53228635
2019-09-02,0.5460922
2019-09-03,0.57689697
2019-09-04,0.64836276
2019-09-05,0.5726178
2019-09-06,0.53867173
2019-09-09,0.5225399
2019-09-10,0.60764295
2019-09-11,0.6750261
2019-09-12,0.5222046
2019-09-13,0.44709456
2019-09-16,0.6968483
2019-09-17,0.5254033
2019-09-18,0.51422423
2019-09-19,0.6774058
2019-09-20,0.480731
2019-09-23,0.47061145
2019-09-24,0.61461127
2019-09-25,0.44269612
2019-09-26,0.54799736
2019-09-27,0.53653586
2019-09-30,0.41209704
2019-10-01,0.4447134
2019-10-02,0.6850559
2019-10-03,0.6161752
2019-10-04,0.39161772
2019-10-07,0.46987426
2019-10-08,0.6153327
2019-10-09,0.67365324
2019-10-10,0.4466705
2019-10-11,0.5735206
2019-10-14,0.41815224
2019-10-15,0.4743246
2019-10-16,0.5409068
2019-10-17,0.47887236
2019-10-18,0.5619594
2019-10-21,0.53312373
2019-10-22,0.5639779
2019-10-23,0.48526505
2019-10-24,0.5821722
2019-10-25,0.54942137
2019-10-28,0.5530846
2019-10-29,0.5485684
2019-10-30,0.56797993
2019-10-31,0.49936983
2019-11-01,0.6585061
2019-11-04,0.5104391
2019-11-05,0.42228404
2019-11-06,0.54323107
2019-11-07,0.5703723
2019-11-08,0.34236124
2019-11-11,0.61268014
2019-11-12,0.481184
2019-11-13,0.5110101
2019-11-14,0.51208633
2019-11-15,0.47110862
2019-11-18,0.6142788
2019-11-19,0.4058504
2019-11-20,0.42104214
2019-11-21,0.5453526
2019-11-22,0.45685017
2019-11-25,0.6259318
2019-11-26,0.6700483
2019-11-27,0.40073502
2019-11-28,0.41727832
2019-11-29,0.4847273
2019-12-02,0.56148976
2019-12-03,0.66938627
2019-12-04,0.5534179
2019-12-05,0.6033146
2019-12-06,0.6065954
2019-12-09,0.43520638
2019-12-10,0.4242733
2019-12-11,0.49478945
2019-12-12,0.690638
2019-12-13,0.40377283
2019-12-16,0.47251922
2019-12-17,0.50229937
2019-12-18,0.47640976
2019-12-19,0.48592
2019-12-20,0.5991777
2019-12-23,0.5286402
2019-12-24,0.46161592
2019-12-25,0.5811781
2019-12-26,0.5263635
2019-12-27,0.531508
2019-12-30,0.6081315
2019-12-31,0.29084083
2020-01-01,0.40501055
2020-01-02,0.56388414
2020-01-03,0.62937075
2020-01-06,0.5844655
2020-01-07,0.55270344
2020-01-08,0.71479917
2020-01-09,0.6262162
2020-01-10,0.57465684
2020-01-13,0.5380282
2020-01-14,0.54421276
2020-01-15,0.57158804
2020-01-16,0.6166116
2020-01-17,0.46534294
2020-01-20,0.46251893
2020-01-21,0.4391501
2020-01-22,0.5349331
2020-01-23,0.6662021
2020-01-24,0.535553
2020-01-27,0.7172724
2020-01-28,0.733556
2020-01-29,0.38985938
2020-01-30,0.6108191
2020-01-31,0.6684843
2020-02-03,0.6284976
2020-02-04,0.31957123
2020-02-05,0.52184093
2020-02-06,0.47869843
2020-02-07,0.6605629
2020-02-10,0.5180253
2020-02-11,0.59429723
2020-02-12,0.6248006
2020-02-13,0.5019674
2020-02-14,0.46047825
2020-02-17,0.5536866
2020-02-18,0.48784852
2020-02-19,0.5931384
2020-02-20,0.58775276
2020-02-21,0.43657687
2020-02-24,0.6489938
2020-02-25,0.70967656
2020-02-26,0.40618163
2020-02-27,0.28760862
2020-02-28,0.5495616
2020-03-02,0.16722746
2020-03-03,0.40865776
2020-03-04,0.34278727
2020-03-05,0.6586805
2020-03-06,0.53662825
2020-03-09,0.7579698
2020-03-10,0.34102485
2020-03-11,0.35879958
2020-03-12,0.79444987
2020-03-13,0.24285674
2020-03-16,0.3459689
2020-03-17,0.7283485
2020-03-18,0.45406932
2020-03-19,0.6322859
2020-03-20,0.38160756
2020-03-23,0.5239817
2020-03-24,0.13287528
2020-03-25,0.67065907
2020-03-26,0.74521714
2020-03-27,0.72556067
2020-03-30,0.802329
2020-03-31,0.6506712
2020-04-01,0.6761438
2020-04-02,0.5412121
2020-04-03,0.45413032
2020-04-06,0.23407067
2020-04-07,0.57459134
2020-04-08,0.28620768
2020-04-09,0.20066711
2020-04-10,0.500471
2020-04-13,0.2951738
2020-04-14,0.30470714
2020-04-15,0.24297886
2020-04-16,0.34045184
2020-04-17,0.30856705
2020-04-20,0.45127487
2020-04-21,0.7818937
2020-04-22,0.47511372
2020-04-23,0.79279083
2020-04-24,0.62237465
2020-04-27,0.5805609
2020-04-28,0.30607298
2020-04-29,0.1655073
2020-04-30,0.330434
2020-05-01,0.5476303
2020-05-04,0.50782734
2020-05-05,0.6540987
2020-05-06,0.65090615
2020-05-07,0.46044096
2020-05-08,0.4466717
2020-05-11,0.50272954
2020-05-12,0.64490247
2020-05-13,0.6851571
2020-05-14,0.5798663
2020-05-15,0.65288234
2020-05-18,0.7128502
2020-05-19,0.40118104
2020-05-20,0.20489764
2020-05-21,0.52140695
2020-05-22,0.4941774
2020-05-25,0.57603085
2020-05-26,0.5825769
2020-05-27,0.53557575
2020-05-28,0.5069755
2020-05-29,0.41149053
2020-06-01,0.58704495
2020-06-02,0.39621916
2020-06-03,0.418218
2020-06-04,0.38016018
2020-06-05,0.22512315
2020-06-08,0.3742217
2020-06-09,0.25218025
2020-06-10,0.3898485
2020-06-11,0.5127714
2020-06-12,0.40926075
2020-06-15,0.55413336
2020-06-16,0.423617
2020-06-17,0.5973261
2020-06-18,0.38533685
2020-06-19,0.5506827
2020-06-22,0.5339347
2020-06-23,0.39971715
2020-06-24,0.6775641
2020-06-25,0.5027501
2020-06-26,0.4485967
2020-06-29,0.5571373
2020-06-30,0.56241375
2020-07-01,0.6872252
2020-07-02,0.5810533
2020-07-03,0.5299057
2020-07-06,0.27879226
2020-07-07,0.46732202
2020-07-08,0.43640536
2020-07-09,0.44966555
2020-07-10,0.4545927
2020-07-13,0.59948665
2020-07-14,0.38455355
2020-07-15,0.6055674
2020-07-16,0.56108195
2020-07-17,0.4406488
2020-07-20,0.5700023
2020-07-21,0.61341375
2020-07-22,0.445781
2020-07-23,0.49979517
2020-07-24,0.5588743
2020-07-27,0.5442855
2020-07-28,0.60628057
2020-07-29,0.47864276
2020-07-30,0.47126603
2020-07-31,0.48587102
2020-08-03,0.4743428
2020-08-04,0.50586975
2020-08-05,0.41647872
2020-08-06,0.48609197
2020-08-07,0.44322821
2020-08-10,0.5174276
2020-08-11,0.62958914
2020-08-12,0.47787902
2020-08-13,0.43012732
2020-08-14,0.71876436
2020-08-17,0.7433452
2020-08-18,0.4621072
2020-08-19,0.54052794
2020-08-20,0.535394
2020-08-21,0.50589025
2020-08-24,0.64849997
2020-08-25,0.54334086
2020-08-26,0.4388007
2020-08-27,0.41008076
2020-08-28,0.37494397
2020-08-31,0.4384227
2020-09-01,0.44582087
2020-09-02,0.5837035
2020-09-03,0.720526
2020-09-04,0.6870798
2020-09-07,0.43541834
2020-09-08,0.5409341
2020-09-09,0.4879349
2020-09-10,0.6262163
2020-09-11,0.5796958
2020-09-14,0.6717372
2020-09-15,0.60949403
2020-09-16,0.5362752
2020-09-17,0.58283067
2020-09-18,0.46779916
2020-09-21,0.5444413
2020-09-22,0.5998211
2020-09-23,0.52161777
2020-09-24,0.49639988
2020-09-25,0.4356291
2020-09-28,0.52773917
2020-09-29,0.73697466
2020-09-30,0.5771525
2020-10-01,0.66227424
2020-10-02,0.4303904
2020-10-05,0.39003307
2020-10-06,0.66589123
2020-10-07,0.43360135
2020-10-08,0.75105804
2020-10-09,0.51383233
2020-10-12,0.34760153
2020-10-13,0.6502237
2020-10-14,0.49958122
2020-10-15,0.5545202
2020-10-16,0.62780106
2020-10-19,0.7423337
2020-10-20,0.52896667
2020-10-21,0.46273386
2020-10-22,0.59287643
2020-10-23,0.5345187
2020-10-26,0.59196156
2020-10-27,0.43117753
2020-10-28,0.39706504
2020-10-29,0.51018316
2020-10-30,0.39935586
2020-11-02,0.3098725
2020-11-03,0.51590717
2020-11-04,0.6247541
2020-11-05,0.29411954
2020-11-06,0.6971904
2020-11-09,0.5178155
2020-11-10,0.6767603
2020-11-11,0.34836057
2020-11-12,0.45593828
2020-11-13,0.3656678
2020-11-16,0.42242575
2020-11-17,0.4840431
2020-11-18,0.5644908
2020-11-19,0.4163482
2020-11-20,0.713798
2020-11-23,0.42316508
2020-11-24,0.4285588
2020-11-25,0.62628025
2020-11-26,0.5522461
2020-11-27,0.67888975
2020-11-30,0.49042365
2020-12-01,0.61790854
2020-12-02,0.5297098
2020-12-03,0.63149047
2020-12-04,0.6752424
2020-12-07,0.55972284
2020-12-08,0.44515616
2020-12-09,0.61165637
2020-12-10,0.39826515
2020-12-11,0.64113647
2020-12-14,0.5007215
2020-12-15,0.62121356
2020-12-16,0.43866554
2020-12-17,0.6486019
2020-12-18,0.66289264
2020-12-21,0.505773
2020-12-22,0.46068943
2020-12-23,0.49016997
2020-12-24,0.6094226
2020-12-25,0.47405887
2020-12-28,0.59254205
2020-12-29,0.46426225
2020-12-30,0.41317233
2020-12-31,0.4442852
2021-01-01,0.48701525
2021-01-04,0.39725882
2021-01-05,0.64621735
2021-01-06,0.48526338
2021-01-07,0.54192775
2021-01-08,0.3793724
2021-01-11,0.58748305
2021-01-12,0.6270498
2021-01-13,0.627908
2021-01-14,0.5995258
2021-01-15,0.5699605
2021-01-18,0.5654943
2021-01-19,0.74469715
2021-01-20,0.5308783
2021-01-21,0.45433742
2021-01-22,0.49516475
2021-01-25,0.7142288
2021-01-26,0.51769197
2021-01-27,0.658389
2021-01-28,0.61302626
2021-01-29,0.4412141
2021-02-01,0.47289273
2021-02-02,0.55005693
2021-02-03,0.6976958
2021-02-04,0.6478615
2021-02-05,0.7112633
2021-02-08,0.36817998
2021-02-09,0.59250355
2021-02-10,0.51263255
2021-02-11,0.6093032
2021-02-12,0.40930405
2021-02-15,0.4692352
2021-02-16,0.5958501
2021-02-17,0.6213639
2021-02-18,0.5456745
2021-02-19,0.4322581
2021-02-22,0.6948734
2021-02-23,0.4848081
2021-02-24,0.6327214
2021-02-25,0.5994944
2021-02-26,0.5820178
2021-03-01,0.6803317
2021-03-02,0.7469192
2021-03-03,0.48376155
2021-03-04,0.6554072
2021-03-05,0.35757598
2021-03-08,0.65633136
2021-03-09,0.57124263
2021-03-10,0.69969904
2021-03-11,0.48749238
2021-03-12,0.5576551
2021-03-15,0.4433966
2021-03-16,0.56993306
2021-03-17,0.4883394
2021-03-18,0.6807514
2021-03-19,0.58524954
2021-03-22,0.5997477
2021-03-23,0.585395
2021-03-24,0.46134305
2021-03-25,0.60073864
2021-03-26,0.571971
2021-03-29,0.65412045
2021-03-30,0.5751753
2021-03-31,0.5796304
2021-04-01,0.68407357
2021-04-02,0.5080487
2021-04-05,0.41810575
2021-04-06,0.59143645
2021-04-07,0.575791
2021-04-08,0.75201184
2021-04-09,0.5850856
2021-04-12,0.54016846
2021-04-13,0.51398003
2021-04-14,0.4915325
2021-04-15,0.61309433
2021-04-16,0.551148
2021-04-19,0.6296397
2021-04-20,0.58493745
2021-04-21,0.50372046
2021-04-22,0.449236
2021-04-23,0.5824719
2021-04-26,0.47085464
2021-04-27,0.600234
2021-04-28,0.68132496
2021-04-29,0.6592049
2021-04-30,0.5110211
2021-05-03,0.41354573
2021-05-04,0.6136028
2021-05-05,0.55227965
2021-05-06,0.6675914
2021-05-07,0.6454831
2021-05-10,0.48502982
2021-05-11,0.48124772
2021-05-12,0.40157363
2021-05-13,0.48350096
2021-05-14,0.50164443
2021-05-17,0.58210075
2021-05-18,0.61249584
2021-05-19,0.3712815
2021-05-20,0.6091173
2021-05-21,0.5147227
2021-05-24,0.50278527
2021-05-25,0.52253
2021-05-26,0.4187747
2021-05-27,0.5564532
2021-05-28,0.48488364
2021-05-31,0.57390475
2021-06-01,0.63718516
2021-06-02,0.5629985
2021-06-03,0.650238
2021-06-04,0.62106556
2021-06-07,0.5578381
2021-06-08,0.56730366
2021-06-09,0.56847066
2021-06-10,0.50124234
2021-06-11,0.5786429
2021-06-14,0.5281646
2021-06-15,0.5897065
2021-06-16,0.6323155
2021-06-17,0.3939161
2021-06-18,0.60277104
2021-06-21,0.6632035
2021-06-22,0.45787376
2021-06-23,0.57006526
2021-06-24,0.60376924
2021-06-25,0.51283485
2021-06-28,0.49728823
2021-06-29,0.55304116
2021-06-30,0.5019949
2021-07-01,0.5110837
2021-07-02,0.5752579
2021-07-05,0.49008536
2021-07-06,0.42867723
2021-07-07,0.5273045
2021-07-08,0.5768049
2021-07-09,0.48370615
2021-07-12,0.53541005
2021-07-13,0.66661865
2021-07-14,0.53778654
2021-07-15,0.53637487
2021-07-16,0.5526743
2021-07-19,0.686659
2021-07-20,0.6933337
2021-07-21,0.56879175
2021-07-22,0.69390106
2021-07-23,0.6854829
2021-07-26,0.40913358
2021-07-27,0.5212124
2021-07-28,0.55032325
2021-07-29,0.61227304
2021-07-30,0.49640828
2021-08-02,0.46874714
2021-08-03,0.51834923
2021-08-04,0.562555
2021-08-05,0.5690617
2021-08-06,0.54212815
2021-08-09,0.51554346
2021-08-10,0.61064106
2021-08-11,0.51405025
2021-08-12,0.58570707
2021-08-13,0.58717144
2021-08-16,0.47833195
2021-08-17,0.56138545
2021-08-18,0.41005594
2021-08-19,0.6567461
2021-08-20,0.58289194
2021-08-23,0.6226208
2021-08-24,0.47568533
2021-08-25,0.37383395
2021-08-26,0.39034504
2021-08-27,0.6032473
2021-08-30,0.5433412
2021-08-31,0.6233397
2021-09-01,0.46970052
2021-09-02,0.606389
2021-09-03,0.5702765
2021-09-06,0.63658017
2021-09-07,0.53237486
2021-09-08,0.46120465
2021-09-09,0.65426034
2021-09-10,0.64154387
2021-09-13,0.6543942
2021-09-14,0.6513235
2021-09-15,0.54200125
2021-09-16,0.6255871
2021-09-17,0.5217464
2021-09-20,0.5726807
2021-09-21,0.548138
2021-09-22,0.40516135
2021-09-23,0.47188908
2021-09-24,0.41756976
2021-09-27,0.4357676
2021-09-28,0.60716414
2021-09-29,0.590072
2021-09-30,0.44974232
2021-10-01,0.5188306
2021-10-04,0.38302246
2021-10-05,0.63343495
2021-10-06,0.46495798
2021-10-07,0.5026085
2021-10-08,0.53916913
2021-10-11,0.50609446
2021-10-12,0.49011245
2021-10-13,0.63219863
2021-10-14,0.5911086
2021-10-15,0.57389075
2021-10-18,0.48128054
2021-10-19,0.48812503
2021-10-20,0.5282619
2021-10-21,0.48695
2021-10-22,0.57073474
2021-10-25,0.54743207
2021-10-26,0.557265
2021-10-27,0.51566917
2021-10-28,0.65353584
2021-10-29,0.55715024
2021-11-01,0.5699904
2021-11-02,0.39181978
2021-11-03,0.54630387
2021-11-04,0.559107
2021-11-05,0.44140968
2021-11-08,0.4893974
2021-11-09,0.58525056
2021-11-10,0.51358426
2021-11-11,0.6706881
2021-11-12,0.6872597
2021-11-15,0.4726573
2021-11-16,0.52621377
2021-11-17,0.39787787
2021-11-18,0.5719177
2021-11-19,0.6230598
2021-11-22,0.6604431
2021-11-23,0.680356
2021-11-24,0.45816556
2021-11-25,0.6264489
2021-11-26,0.63422626
2021-11-29,0.54494303
2021-11-30,0.35685372
2021-12-01,0.55266756
2021-12-02,0.31482714
2021-12-03,0.55869955
2021-12-06,0.4725133
2021-12-07,0.6300164
2021-12-08,0.7175987
2021-12-09,0.5424568
2021-12-10,0.6258455
2021-12-13,0.64671135
2021-12-14,0.5152674
2021-12-15,0.45681337
2021-12-16,0.6072868
2021-12-17,0.4046731
2021-12-20,0.48997217
2021-12-21,0.46607107
2021-12-22,0.7440352
2021-12-23,0.5280141
2021-12-24,0.51404864
2021-12-27,0.39498404
2021-12-28,0.6675748
2021-12-29,0.51895314
2021-12-30,0.53702766
2021-12-31,0.6043621
2022-01-03,0.59270716
2022-01-04,0.64639854
2022-01-05,0.5896629
2022-01-06,0.49866545
2022-01-07,0.4808244
2022-01-10,0.6153803
2022-01-11,0.64062196
2022-01-12,0.5275884
2022-01-13,0.70741564
2022-01-14,0.472664
2022-01-17,0.62855667
2022-01-18,0.5627346
2022-01-19,0.6144616
2022-01-20,0.44878528
2022-01-21,0.6964219
2022-01-24,0.5477641
2022-01-25,0.3268966
2022-01-26,0.5246307
2022-01-27,0.61039007
2022-01-28,0.71153355
2022-01-31,0.56523573
2022-02-01,0.71866333
2022-02-02,0.56306535
2022-02-03,0.69855565
2022-02-04,0.52837396
2022-02-07,0.5280922
2022-02-08,0.4715029
2022-02-09,0.56900537
2022-02-10,0.59361076
2022-02-11,0.6893428
2022-02-14,0.55526674
2022-02-15,0.36161622
2022-02-16,0.596811
2022-02-17,0.55468804
2022-02-18,0.5998116
2022-02-21,0.52015966
2022-02-22,0.6914805
2022-02-23,0.6178639
2022-02-24,0.6097223
2022-02-25,0.62126607
2022-02-28,0.5790699
2022-03-01,0.80793756
2022-03-02,0.7307735
2022-03-03,0.6600495
2022-03-04,0.63840646
2022-03-07,0.52980113
2022-03-08,0.67401344
2022-03-09,0.3679242
2022-03-10,0.61754584
2022-03-11,0.5834714
2022-03-14,0.6014532
2022-03-15,0.70620483
2022-03-16,0.7155026
2022-03-17,0.3812547
2022-03-18,0.4151673
2022-03-21,0.4937551
2022-03-22,0.4249728
2022-03-23,0.44348052
2022-03-24,0.37422526
2022-03-25,0.38456452
2022-03-28,0.58936703
2022-03-29,0.4894553
2022-03-30,0.37153712
2022-03-31,0.661818
2022-04-01,0.41904238
2022-04-04,0.58304554
2022-04-05,0.45723546
2022-04-06,0.537074
2022-04-07,0.37872648
2022-04-08,0.56375456
2022-04-11,0.7587416
2022-04-12,0.55205166
2022-04-13,0.52306056
2022-04-14,0.519022
2022-04-15,0.44747823
2022-04-18,0.5597301
2022-04-19,0.55752885
2022-04-20,0.70911914
2022-04-21,0.6551089
2022-04-22,0.6645397
2022-04-25,0.4876933
2022-04-26,0.3334438
2022-04-27,0.47940665
2022-04-28,0.53286445
2022-04-29,0.56067365
2022-05-02,0.60145175
2022-05-03,0.68833065
2022-05-04,0.7696589
2022-05-05,0.57772666
2022-05-06,0.5801733
2022-05-09,0.55008966
2022-05-10,0.3074399
2022-05-11,0.6131103
2022-05-12,0.3285413
2022-05-13,0.53696865
2022-05-16,0.6181417
2022-05-17,0.4344234
2022-05-18,0.6258479
2022-05-19,0.56437683
2022-05-20,0.4920434
2022-05-23,0.41324514
2022-05-24,0.5983439
2022-05-25,0.5951451
2022-05-26,0.53161234
2022-05-27,0.57179576
2022-05-30,0.57962275
2022-05-31,0.62954944
2022-06-01,0.7135305
2022-06-02,0.48919624
2022-06-03,0.5931119
2022-06-06,0.5284291
2022-06-07,0.5695429
2022-06-08,0.4344945
2022-06-09,0.7102451
2022-06-10,0.59416467
2022-06-13,0.6957456
2022-06-14,0.46982506
2022-06-15,0.31035239
2022-06-16,0.6036296
2022-06-17,0.5806176
2022-06-20,0.4721991
2022-06-21,0.746686
2022-06-22,0.5664312
2022-06-23,0.4779255
2022-06-24,0.71886545
2022-06-27,0.6928238
2022-06-28,0.6065293
2022-06-29,0.56530666
2022-06-30,0.7190941
2022-07-01,0.40836486
2022-07-04,0.4642225
2022-07-05,0.6296769
2022-07-06,0.50545263
2022-07-07,0.43246898
2022-07-08,0.5206331
2022-07-11,0.5342797
2022-07-12,0.64075786
2022-07-13,0.58902633
2022-07-14,0.54371256
2022-07-15,0.5684875
2022-07-18,0.7368806
2022-07-19,0.5684283
2022-07-20,0.5772079
2022-07-21,0.45893547
2022-07-22,0.60998535
2022-07-25,0.35903707
2022-07-26,0.57390606
2022-07-27,0.7298909
2022-07-28,0.43483487
2022-07-29,0.22071947
2022-08-01,0.33810896
2022-08-02,0.35605237
2022-08-03,0.60554975
2022-08-04,0.66660655
2022-08-05,0.6216482
2022-08-08,0.66659665
2022-08-09,0.64769846
2022-08-10,0.46339962
2022-08-11,0.61607295
2022-08-12,0.30690017
2022-08-15,0.52836955
2022-08-16,0.33149356
2022-08-17,0.5261112
2022-08-18,0.3970147
2022-08-19,0.42983332
2022-08-22,0.72080094
2022-08-23,0.5592454
2022-08-24,0.7123634
2022-08-25,0.6825739
2022-08-26,0.55144286
2022-08-29,0.5680113
2022-08-30,0.48882157
2022-08-31,0.58853215
2022-09-01,0.43347535
2022-09-02,0.5354409
2022-09-05,0.36717293
2022-09-06,0.52119106
2022-09-07,0.53131485
2022-09-08,0.7764432
2022-09-09,0.61815333
2022-09-12,0.6679345
2022-09-13,0.6875063
2022-09-14,0.6018854
2022-09-15,0.37764037
2022-09-16,0.41951615
2022-09-19,0.4215433
2022-09-20,0.3881674
2022-09-21,0.6495693
2022-09-22,0.6390002
2022-09-23,0.48122984
2022-09-26,0.5050215
2022-09-27,0.26476982
2022-09-28,0.5345948
2022-09-29,0.5712071
2022-09-30,0.64194566
2022-10-03,0.79106075
2022-10-04,0.7818092
2022-10-05,0.69008535
2022-10-06,0.6736695
2022-10-07,0.5939069
2022-10-10,0.61901504
2022-10-11,0.31687585
2022-10-12,0.26080123
2022-10-13,0.62914616
2022-10-14,0.5852489
2022-10-17,0.736531
2022-10-18,0.68498373
2022-10-19,0.5476184
2022-10-20,0.52312326
2022-10-21,0.64337766
2022-10-24,0.51616764
2022-10-25,0.34079927
2022-10-26,0.54790646
2022-10-27,0.44295374
2022-10-28,0.35370874
2022-10-31,0.4755793
2022-11-01,0.43378586
2022-11-02,0.35602438
2022-11-03,0.45553708
2022-11-04,0.4487735
2022-11-07,0.6424365
2022-11-08,0.5080909
2022-11-09,0.63639516
2022-11-10,0.16726007
2022-11-11,0.49008548
2022-11-14,0.44139594
2022-11-15,0.2917003
2022-11-16,0.39555264
2022-11-17,0.42929205
2022-11-18,0.42849982
2022-11-21,0.6271425
2022-11-22,0.474561
2022-11-23,0.51168233
2022-11-24,0.5377864
2022-11-25,0.50653833
2022-11-28,0.5991181
2022-11-29,0.42607543
2022-11-30,0.41054842
2022-12-01,0.606837
2022-12-02,0.41369003
2022-12-05,0.61518043
2022-12-06,0.43718675
2022-12-07,0.422605
2022-12-08,0.64249617
2022-12-09,0.58580303
2022-12-12,0.40124193
2022-12-13,0.6705165
2022-12-14,0.56296676
2022-12-15,0.5251117
2022-12-16,0.516607
2022-12-19,0.70518595
2022-12-20,0.40199175
2022-12-21,0.5036775
2022-12-22,0.5447117
2022-12-23,0.70921135
2022-12-26,0.67604476
2022-12-27,0.46457538
2022-12-28,0.4453353
2022-12-29,0.5404782
2022-12-30,0.6812407
2023-01-02,0.64966285
2023-01-03,0.6714979
2023-01-04,0.5147967
2023-01-05,0.49911168
2023-01-06,0.58781284
2023-01-09,0.72258914
2023-01-10,0.45146304
2023-01-11,0.6991235
2023-01-12,0.42435148
2023-01-13,0.5243585
2023-01-16,0.6762137
2023-01-17,0.6919789
2023-01-18,0.6618131
2023-01-19,0.6384117
2023-01-20,0.362273
2023-01-23,0.4979393
2023-01-24,0.61432606
2023-01-25,0.52846676
2023-01-26,0.64961576
2023-01-27,0.43174917
2023-01-30,0.51655096
2023-01-31,0.5082714
2023-02-01,0.5554604
2023-02-02,0.35875016
2023-02-03,0.41474405
2023-02-06,0.44332454
2023-02-07,0.5412782
2023-02-08,0.5336229
2023-02-09,0.71251714
2023-02-10,0.58290875
2023-02-13,0.6857374
2023-02-14,0.568818
2023-02-15,0.62310046
2023-02-16,0.5258007
2023-02-17,0.5141321
2023-02-20,0.5384291
2023-02-21,0.6140057
2023-02-22,0.52599406
2023-02-23,0.53791857
2023-02-24,0.56810534
2023-02-27,0.4822828
2023-02-28,0.5552027
2023-03-01,0.42673194
2023-03-02,0.63251454
2023-03-03,0.521629
2023-03-06,0.5589025
2023-03-07,0.72467935
2023-03-08,0.3776332
2023-03-09,0.46413922
2023-03-10,0.62711924
2023-03-13,0.5014562
2023-03-14,0.5505847
2023-03-15,0.6171191
2023-03-16,0.35402653
2023-03-17,0.73915917
2023-03-20,0.44904163
2023-03-21,0.6314595
2023-03-22,0.5115391
2023-03-23,0.38705724
2023-03-24,0.60950243
2023-03-27,0.5670551
2023-03-28,0.630835
2023-03-29,0.57267845
2023-03-30,0.59640074
2023-03-31,0.40451965
2023-04-03,0.56207275
2023-04-04,0.4987467
2023-04-05,0.59760654
2023-04-06,0.53675663
2023-04-07,0.6513947
2023-04-10,0.56942797
2023-04-11,0.55033314
2023-04-12,0.58917695
2023-04-13,0.5332899
2023-04-14,0.47743884
2023-04-17,0.62602854
2023-04-18,0.64896876
2023-04-19,0.5579082
2023-04-20,0.50863105
2023-04-21,0.49292898
2023-04-24,0.502326
2023-04-25,0.72814506
2023-04-26,0.5702617
2023-04-27,0.43839693
2023-04-28,0.6410145
2023-05-01,0.5748026
2023-05-02,0.6141805
2023-05-03,0.55726075
2023-05-04,0.6004346
2023-05-05,0.4749339
2023-05-08,0.68939924
2023-05-09,0.57336366
2023-05-10,0.5141666
2023-05-11,0.52265894
2023-05-12,0.54416865
2023-05-15,0.6618887
2023-05-16,0.65397394
2023-05-17,0.44199002
2023-05-18,0.63457626
2023-05-19,0.48433492
2023-05-22,0.4902357
2023-05-23,0.50907904
2023-05-24,0.610706
2023-05-25,0.60396475
2023-05-26,0.58038527
2023-05-29,0.45428324
2023-05-30,0.5294852
2023-05-31,0.7273182
2023-06-01,0.59075564
2023-06-02,0.41613948
2023-06-05,0.5378236
2023-06-06,0.5668177
2023-06-07,0.6871227
2023-06-08,0.4680305
2023-06-09,0.5299726
2023-06-12,0.5800698
2023-06-13,0.58009446
2023-06-14,0.4431337
2023-06-15,0.38857546
2023-06-16,0.45988265
2023-06-19,0.4783343
2023-06-20,0.5209999
2023-06-21,0.6231632
2023-06-22,0.5249023
2023-06-23,0.6267973
2023-06-26,0.5853105
2023-06-27,0.6956005
2023-06-28,0.5885815
2023-06-29,0.75758463
2023-06-30,0.59517926
2023-07-03,0.41935274
2023-07-04,0.50001913
2023-07-05,0.44453546
2023-07-06,0.6731192
2023-07-07,0.6253222
2023-07-10,0.5052712
2023-07-11,0.58358866
2023-07-12,0.62986624
2023-07-13,0.42265365
2023-07-14,0.46239835
2023-07-17,0.4597859
2023-07-18,0.5574983
2023-07-19,0.46713507
2023-07-20,0.5731936
2023-07-21,0.45707595
2023-07-24,0.57462174
2023-07-25,0.5714207
2023-07-26,0.5092934
2023-07-27,0.6513671
2023-07-28,0.5656439
2023-07-31,0.6344599
2023-08-01,0.69640034
2023-08-02,0.5660039
2023-08-03,0.5254275
2023-08-04,0.46696365
2023-08-07,0.6601592
2023-08-08,0.56356996
2023-08-09,0.5804596
2023-08-10,0.36920133
2023-08-11,0.5522627
2023-08-14,0.49058294
2023-08-15,0.3877847
2023-08-16,0.6441244
2023-08-17,0.6343012
2023-08-18,0.5262424
2023-08-21,0.6366365
2023-08-22,0.543747
2023-08-23,0.53997654
2023-08-24,0.603495
2023-08-25,0.6647539
2023-08-28,0.5881105
2023-08-29,0.3873893
2023-08-30,0.48482922
2023-08-31,0.5260444
2023-09-01,0.6805875
2023-09-04,0.5740204
2023-09-05,0.56698257
2023-09-06,0.58626014
2023-09-07,0.5488747
2023-09-08,0.57133687
2023-09-11,0.6724591
2023-09-12,0.52155924
2023-09-13,0.46139273
2023-09-14,0.6561569
2023-09-15,0.53520393
2023-09-18,0.5688245
2023-09-19,0.56928146
2023-09-20,0.5719219
2023-09-21,0.70419836
2023-09-22,0.55306035
2023-09-25,0.37233573
2023-09-26,0.6555623
2023-09-27,0.57112163
2023-09-28,0.52321416
2023-09-29,0.48725837
2023-10-02,0.58248067
2023-10-03,0.52574265
2023-10-04,0.66282946
2023-10-05,0.47486275
2023-10-06,0.5137562
2023-10-09,0.5920381
2023-10-10,0.3236275
2023-10-11,0.39406884
2023-10-12,0.47755626
2023-10-13,0.43337807
2023-10-16,0.6213356
2023-10-17,0.55471236
2023-10-18,0.43754795
2023-10-19,0.5925304
2023-10-20,0.45090482
2023-10-23,0.590728
2023-10-24,0.5975501
2023-10-25,0.60326123
2023-10-26,0.6749607
2023-10-27,0.5298752
2023-10-30,0.5078621
2023-10-31,0.500548
2023-11-01,0.54110265
2023-11-02,0.3518668
2023-11-03,0.53762233
2023-11-06,0.5262918
2023-11-07,0.6261112
2023-11-08,0.5482095
2023-11-09,0.6242726
2023-11-10,0.49876708
2023-11-13,0.5798786
2023-11-14,0.62194735
2023-11-15,0.68363124
2023-11-16,0.35037932
2023-11-17,0.64515257
2023-11-20,0.50354135
2023-11-21,0.5471315
2023-11-22,0.48949918
2023-11-23,0.60832304
2023-11-24,0.6425987
2023-11-27,0.58877504
2023-11-28,0.68838143
2023-11-29,0.6251669
2023-11-30,0.6045211
2023-12-01,0.5053572
2023-12-04,0.5313228
2023-12-05,0.5383233
2023-12-06,0.64402735
2023-12-07,0.60295135
2023-12-08,0.4978609
2023-12-11,0.48994654
2023-12-12,0.3954976
2023-12-13,0.51738524
2023-12-14,0.32371366
2023-12-15,0.38977653
2023-12-18,0.6592885
2023-12-19,0.60164243
2023-12-20,0.56909406
2023-12-21,0.5518079
2023-12-22,0.43329123
2023-12-25,0.6402855
2023-12-26,0.5374776
2023-12-27,0.51004523
2023-12-28,0.4962425
2023-12-29,0.598016
2024-01-01,0.5196031
2024-01-02,0.55085826
2024-01-03,0.58446103
2024-01-04,0.5506948
2024-01-05,0.537022
2024-01-08,0.72262245
2024-01-09,0.6516019
2024-01-10,0.5566798
2024-01-11,0.76769555
2024-01-12,0.5110809
2024-01-15,0.55178666
2024-01-16,0.54548025
2024-01-17,0.51824665
2024-01-18,0.6002716
2024-01-19,0.53842646
2024-01-22,0.3776734
2024-01-23,0.38169047
2024-01-24,0.48691577
2024-01-25,0.54194534
2024-01-26,0.55150723
2024-01-29,0.5297524
2024-01-30,0.5271686
2024-01-31,0.6612119
2024-02-01,0.6007341
2024-02-02,0.44234583
2024-02-05,0.55503875
2024-02-06,0.72987425
2024-02-07,0.55706835
2024-02-08,0.5964596
2024-02-09,0.47968075
2024-02-12,0.5385064
2024-02-13,0.68247706
2024-02-14,0.68343425
2024-02-15,0.4516541
2024-02-16,0.5271823
2024-02-19,0.5673466
2024-02-20,0.60653096
2024-02-21,0.5972215
2024-02-22,0.5396344
2024-02-23,0.6869262
2024-02-26,0.45343548
2024-02-27,0.5417416
2024-02-28,0.58390963
2024-02-29,0.6633336
2024-03-01,0.5733963
2024-03-04,0.59111434
2024-03-05,0.6669675
2024-03-06,0.46270156
2024-03-07,0.62938803
2024-03-08,0.49036682
2024-03-11,0.5227177
2024-03-12,0.65837723
2024-03-13,0.5161269
2024-03-14,0.63869494
2024-03-15,0.6980867
2024-03-18,0.508452
2024-03-19,0.49592495
2024-03-20,0.58309275
2024-03-21,0.44039774
2024-03-22,0.41465163
2024-03-25,0.46943986
2024-03-26,0.64809763
2024-03-27,0.6380432
2024-03-28,0.6620024
2024-03-29,0.6300708
2024-04-01,0.47069195
2024-04-02,0.65153813
2024-04-03,0.4981722
2024-04-04,0.5790397
2024-04-05,0.609286
2024-04-08,0.49243793
2024-04-09,0.5849562
2024-04-10,0.5055503
2024-04-11,0.52153456
2024-04-12,0.6162387
2024-04-15,0.5578362
2024-04-16,0.53250027
2024-04-17,0.50075316
2024-04-18,0.45762667
2024-04-19,0.566703
2024-04-22,0.578655
2024-04-23,0.5820487
2024-04-24,0.44321987
2024-04-25,0.6204516
2024-04-26,0.5017457
2024-04-29,0.5070627
2024-04-30,0.5947993
2024-05-01,0.5621526
2024-05-02,0.48229983
2024-05-03,0.46666616
2024-05-06,0.51126796
2024-05-07,0.4209309
2024-05-08,0.4680855
2024-05-09,0.45246407
2024-05-10,0.48065874
2024-05-13,0.6219283
2024-05-14,0.6007568
2024-05-15,0.576537
2024-05-16,0.5201615
2024-05-17,0.48481038
2024-05-20,0.503051
2024-05-21,0.5430956
2024-05-22,0.57380414
2024-05-23,0.48559383
2024-05-24,0.59152246
2024-05-27,0.65170395
2024-05-28,0.5487082
2024-05-29,0.43072715
2024-05-30,0.53933835
2024-05-31,0.6127223
2024-06-03,0.61451757
2024-06-04,0.47317103
2024-06-05,0.6201579
2024-06-06,0.44772956
2024-06-07,0.53544354
2024-06-10,0.4477203
2024-06-11,0.5518847
2024-06-12,0.5726698
2024-06-13,0.54100966
2024-06-14,0.4909401
2024-06-17,0.4934243
2024-06-18,0.5244646
2024-06-19,0.45110044
2024-06-20,0.5058439
2024-06-21,0.5641602
2024-06-24,0.64899063
2024-06-25,0.5239306
2024-06-26,0.5571392
2024-06-27,0.56695944
2024-06-28,0.37380484
2024-07-01,0.53538275
2024-07-02,0.60247314
2024-07-03,0.74892884
2024-07-04,0.49817514
2024-07-05,0.41143683
2024-07-08,0.38453606
2024-07-09,0.4012179
2024-07-10,0.4945208
2024-07-11,0.5797817
2024-07-12,0.5700932
2024-07-15,0.48869285
2024-07-16,0.58056843
2024-07-17,0.5186485
2024-07-18,0.5794497
2024-07-19,0.6052347
2024-07-22,0.60993576
2024-07-23,0.5350927
2024-07-24,0.5798511
2024-07-25,0.51858777
2024-07-26,0.6794818
2024-07-29,0.6471862
2024-07-30,0.54283184
2024-07-31,0.5334409
2024-08-01,0.6272862
2024-08-02,0.7090947
2024-08-05,0.72563666
2024-08-06,0.4124299
2024-08-07,0.5133848
2024-08-08,0.7067886
2024-08-09,0.6868918
2024-08-12,0.6717327
2024-08-13,0.62174654
2024-08-14,0.70150506
2024-08-15,0.38295946
2024-08-16,0.60727966
2024-08-19,0.42383456
2024-08-20,0.59899557
2024-08-21,0.436768
2024-08-22,0.59533006
2024-08-23,0.5246842
2024-08-26,0.5558922
2024-08-27,0.67080677
2024-08-28,0.537445
2024-08-29,0.60438937
2024-08-30,0.57561666
2024-09-02,0.58153915
2024-09-03,0.60247606
2024-09-04,0.4627986
2024-09-05,0.6076501
2024-09-06,0.80887794
2024-09-09,0.6239257
2024-09-10,0.36422163
2024-09-11,0.61993843
2024-09-12,0.53426397
2024-09-13,0.40255743
2024-09-16,0.45640674
2024-09-17,0.5096878
2024-09-18,0.49729165
2024-09-19,0.5117114
2024-09-20,0.56050617
2024-09-23,0.443478
2024-09-24,0.5284877
2024-09-25,0.55481887
2024-09-26,0.5960703
2024-09-27,0.5506243
2024-09-30,0.5980934
2024-10-01,0.6184724
2024-10-02,0.41041908
2024-10-03,0.52270263
2024-10-04,0.721321
2024-10-07,0.59620625
2024-10-08,0.43572775
2024-10-09,0.6058171
2024-10-10,0.6373828
2024-10-11,0.47473773
2024-10-14,0.6671811
2024-10-15,0.49649742
2024-10-16,0.49430832
2024-10-17,0.42905965
2024-10-18,0.6145285
2024-10-21,0.66601044
2024-10-22,0.60960436
2024-10-23,0.62232363
2024-10-24,0.34044364
2024-10-25,0.51471484
2024-10-28,0.46719784
2024-10-29,0.4650417
2024-10-30,0.4797686
2024-10-31,0.58906513
2024-11-01,0.6607603
2024-11-04,0.39134094
2024-11-05,0.5223125
2024-11-06,0.6789202
2024-11-07,0.40056527
2024-11-08,0.39851603
2024-11-11,0.5040848
2024-11-12,0.46954998
2024-11-13,0.5560331
2024-11-14,0.6007696
2024-11-15,0.44055766
2024-11-18,0.6419005
2024-11-19,0.55364925
2024-11-20,0.6125688
2024-11-21,0.62619346
2024-11-22,0.5371281
2024-11-25,0.44990778
2024-11-26,0.5418326
2024-11-27,0.47205606
2024-11-28,0.5592063
2024-11-29,0.59881824
2024-12-02,0.59534
2024-12-03,0.5576852
2024-12-04,0.50717413
2024-12-05,0.4696036
2024-12-06,0.4017208
2024-12-09,0.6235261
2024-12-10,0.44416672
2024-12-11,0.57305497
2024-12-12,0.6247591
2024-12-13,0.5969134
2024-12-16,0.43364528
2024-12-17,0.55187625
2024-12-18,0.6145304
2024-12-19,0.5535679
2024-12-20,0.39521453
2024-12-23,0.572493
2024-12-24,0.6030667
2024-12-25,0.38357314
2024-12-26,0.48667458
2024-12-27,0.5133915
2024-12-30,0.4139209
2024-12-31,0.60202414
2025-01-01,0.51535386
2025-01-02,0.5569009
2025-01-03,0.50194824
2025-01-06,0.53695565
2025-01-07,0.45086053
2025-01-08,0.36899376
2025-01-09,0.5961055
2025-01-10,0.61541855
2025-01-13,0.43760684
2025-01-14,0.49330336
2025-01-15,0.4939352
2025-01-16,0.61228997
2025-01-17,0.4813542
2025-01-20,0.66174114
2025-01-21,0.45499134
2025-01-22,0.54630166
2025-01-23,0.4276932
2025-01-24,0.48913154
2025-01-27,0.54899716
2025-01-28,0.6831288
2025-01-29,0.58661306
2025-01-30,0.5256622
2025-01-31,0.532181
2025-02-03,0.52291805
2025-02-04,0.6127271
2025-02-05,0.6537762
2025-02-06,0.6529317
2025-02-07,0.669242
2025-02-10,0.45712975
2025-02-11,0.56602085
2025-02-12,0.56228113
2025-02-13,0.63875383
2025-02-14,0.5245097
2025-02-17,0.6509353
2025-02-18,0.5543366
2025-02-19,0.52957267
2025-02-20,0.5700314
2025-02-21,0.55507743
2025-02-24,0.6190675
2025-02-25,0.33521467
2025-02-26,0.48236483
2025-02-27,0.6093081
2025-02-28,0.50514644
2025-03-03,0.36749852
2025-03-04,0.6061997
2025-03-05,0.7084668
2025-03-06,0.59627634
2025-03-07,0.5226639
2025-03-10,0.26808175
2025-03-11,0.51234716
2025-03-12,0.3312599
2025-03-13,0.52678007
2025-03-14,0.5049422
2025-03-17,0.67905635
2025-03-18,0.6288522
2025-03-19,0.63927484
2025-03-20,0.5561627
2025-03-21,0.6160707
2025-03-24,0.5983575
2025-03-25,0.6859453
2025-03-26,0.60578436
2025-03-27,0.49430278
2025-03-28,0.49229625
2025-03-31,0.45516503
2025-04-01,0.5084446
2025-04-02,0.5820993
2025-04-03,0.66975164
2025-04-04,0.863134
2025-04-07,0.58879566
2025-04-08,0.39838302
2025-04-09,0.28001595
2025-04-10,0.4205875
2025-04-11,0.5648363
2025-04-14,0.63919604
2025-04-15,0.57340115
2025-04-16,0.6650868
2025-04-17,0.39256805
2025-04-18,0.49290684
2025-04-21,0.48991737
2025-04-22,0.550047
2025-04-23,0.49384865
2025-04-24,0.38694054
2025-04-25,0.542022
2025-04-28,0.5660659
2025-04-29,0.48305792
2025-04-30,0.4452733
2025-05-01,0.40321565
2025-05-02,0.39657095
2025-05-05,0.35194603
2025-05-06,0.5031865
2025-05-07,0.43183944
2025-05-08,0.54410195
2025-05-09,0.585106
2025-05-12,0.23994312
2025-05-13,0.39546308
2025-05-14,0.3208459
2025-05-15,0.337151
2025-05-16,0.37227663
2025-05-19,0.40340823
2025-05-20,0.47572136
2025-05-21,0.66784316
2025-05-22,0.55191016
2025-05-23,0.50780886
2025-05-26,0.44412962
2025-05-27,0.49709463
2025-05-28,0.7203066
2025-05-29,0.4053211
2025-05-30,0.56874055
2025-06-02,0.6478521
2025-06-03,0.5420098
2025-06-04,0.43894446
2025-06-05,0.6142749
2025-06-06,0.5856123
2025-06-09,0.46480453
2025-06-10,0.5930175
2025-06-11,0.6305446
2025-06-12,0.5578618
2025-06-13,0.6123775
2025-06-16,0.5700408
2025-06-17,0.61222064
2025-06-18,0.55238163
2025-06-19,0.620623
2025-06-20,0.7271822
2025-06-23,0.7050401
2025-06-24,0.6220066
2025-06-25,0.41137144
2025-06-26,0.56577146
2025-06-27,0.551202
2025-06-30,0.36409774
2025-07-01,0.4994944
2025-07-02,0.5490427
2025-07-03,0.5569343
2025-07-04,0.43744308
2025-07-07,0.6328928
2025-07-08,0.4522132
2025-07-09,0.6387979
2025-07-10,0.5770004
2025-07-11,0.38379627
2025-07-14,0.49672732
2025-07-15,0.5360324
2025-07-16,0.48979434
2025-07-17,0.54530704
2025-07-18,0.5887555
2025-07-21,0.55507475
2025-07-22,0.4988309
2025-07-23,0.58187515
2025-07-24,0.5408237
2025-07-25,0.44148296
2025-07-28,0.39017662
2025-07-29,0.47140762
2025-07-30,0.58951986
2025-07-31,0.3552128
2025-08-01,0.66034716
2025-08-04,0.6830952
2025-08-05,0.40861246
2025-08-06,0.57239926
2025-08-07,0.7353049
2025-08-08,0.5875434
2025-08-11,0.54398423
2025-08-12,0.5021989
2025-08-13,0.5128482
2025-08-14,0.5059834
2025-08-15,0.5965937
2025-08-18,0.6173971
2025-08-19,0.5450577
2025-08-20,0.4868564
2025-08-21,0.63536906
2025-08-22,0.5290532
2025-08-25,0.53131855
2025-08-26,0.5468701
2025-08-27,0.6685338
2025-08-28,0.5998781
2025-08-29,0.54878855
2025-09-01,0.538895
2025-09-02,0.5937467
2025-09-03,0.35084414
2025-09-04,0.6421434
2025-09-05,0.505357
2025-09-08,0.43682364
2025-09-09,0.40326226
2025-09-10,0.4830256
2025-09-11,0.56679404
2025-09-12,0.5258759
2025-09-15,0.47789612
2025-09-16,0.45150995
2025-09-17,0.5200668
2025-09-18,0.6469356
2025-09-19,0.5425128
2025-09-22,0.48701707
2025-09-23,0.54415315
2025-09-24,0.5597917
2025-09-25,0.5700233
2025-09-26,0.73131347
2025-09-29,0.73384696
2025-09-30,0.5452945
2025-10-01,0.44065216
2025-10-02,0.45311096
2025-10-03,0.42345202
2025-10-06,0.3833966
2025-10-07,0.42739657
2025-10-08,0.47821957
2025-10-09,0.4170838
2025-10-10,0.61272454
2025-10-13,0.62585634
2025-10-14,0.45659256
2025-10-15,0.6609397
2025-10-16,0.7248731
2025-10-17,0.4824585
2025-10-20,0.6439925
2025-10-21,0.42145896
2025-10-22,0.6480902
2025-10-23,0.5088726
2025-10-24,0.666941
2025-10-27,0.5650786
2025-10-28,0.37874103
2025-10-29,0.4341518
2025-10-30,0.49338642
2025-10-31,0.4872127
2025-11-03,0.5049126
2025-11-04,0.41700193
2025-11-05,0.5767219
2025-11-06,0.61336267
2025-11-07,0.5337212
