Date,SPY_lstm_pred
2015-01-01,0.0010396468
2015-01-02,0.0007337918
2015-01-05,0.00063267525
2015-01-06,0.0018826346
2015-01-07,0.001987925
2015-01-08,0.0003285374
2015-01-09,-0.0010304566
2015-01-12,6.238129e-05
2015-01-13,0.0006830727
2015-01-14,0.0005969725
2015-01-15,0.0007878923
2015-01-16,0.0011623774
2015-01-19,-0.00034885877
2015-01-20,-0.0002155354
2015-01-21,-0.00027983275
2015-01-22,-0.0005190945
2015-01-23,-0.0012556475
2015-01-26,-0.00029650884
2015-01-27,-0.00026033586
2015-01-28,0.00091912906
2015-01-29,0.0015514696
2015-01-30,0.0002632042
2015-02-02,0.0011739763
2015-02-03,-0.00023387664
2015-02-04,-0.0011051993
2015-02-05,-0.00029346306
2015-02-06,-0.0006848167
2015-02-09,-0.00011524466
2015-02-10,0.00035694
2015-02-11,-0.00052462355
2015-02-12,-0.00030097674
2015-02-13,-0.0008577931
2015-02-16,-0.0007078783
2015-02-17,-0.00035105052
2015-02-18,-0.00023152161
2015-02-19,-2.2294267e-05
2015-02-20,0.00021591275
2015-02-23,-0.00017958164
2015-02-24,7.6092336e-05
2015-02-25,-4.798666e-05
2015-02-26,0.00013576384
2015-02-27,0.00029912434
2015-03-02,0.00050330436
2015-03-03,-8.122548e-05
2015-03-04,0.00038627724
2015-03-05,0.0006311458
2015-03-06,0.00039358623
2015-03-09,0.0013702523
2015-03-10,0.00053588673
2015-03-11,0.0016075025
2015-03-12,0.0011673602
2015-03-13,-0.00024102273
2015-03-16,0.0003654637
2015-03-17,-0.00075616426
2015-03-18,-0.00017797417
2015-03-19,-0.00095949246
2015-03-20,-0.00021264888
2015-03-23,-0.0007585801
2015-03-24,-0.00027732743
2015-03-25,0.00029176773
2015-03-26,0.0013077068
2015-03-27,0.0009795751
2015-03-30,0.00044528398
2015-03-31,-0.0005264587
2015-04-01,0.00044107897
2015-04-02,0.00064150535
2015-04-03,0.00023440887
2015-04-06,0.00021298935
2015-04-07,-0.00028612558
2015-04-08,5.850897e-05
2015-04-09,-0.00020072941
2015-04-10,-0.00040405086
2015-04-13,-0.0006404338
2015-04-14,2.7357362e-05
2015-04-15,-9.7021584e-05
2015-04-16,-0.0003053756
2015-04-17,-8.189848e-05
2015-04-20,0.0009402924
2015-04-21,-3.3212422e-05
2015-04-22,0.00017556938
2015-04-23,-0.00019825884
2015-04-24,-0.00021605281
2015-04-27,-0.00020081468
2015-04-28,0.00033022198
2015-04-29,3.3072367e-05
2015-04-30,0.0004008909
2015-05-01,0.0010662025
2015-05-04,-0.00014430744
2015-05-05,-0.0002250162
2015-05-06,0.00079425616
2015-05-07,0.0008459692
2015-05-08,0.00026033967
2015-05-11,-0.0007421468
2015-05-12,-2.1097401e-05
2015-05-13,0.0002886225
2015-05-14,0.00023178311
2015-05-15,-0.0005923269
2015-05-18,-0.0004041543
2015-05-19,-0.00040418986
2015-05-20,-0.0001579196
2015-05-21,3.1897765e-05
2015-05-22,-0.00012324331
2015-05-25,0.00020064924
2015-05-26,0.00019758934
2015-05-27,0.0010312448
2015-05-28,-3.0344416e-05
2015-05-29,0.00013695033
2015-06-01,0.0006667023
2015-06-02,0.00034838758
2015-06-03,0.00034497055
2015-06-04,5.8224334e-05
2015-06-05,0.0007361741
2015-06-08,0.0006474596
2015-06-09,0.00088716135
2015-06-10,0.0005528748
2015-06-11,-0.0005757207
2015-06-12,-0.0005290334
2015-06-15,0.00031784744
2015-06-16,0.00056250073
2015-06-17,-4.6773817e-05
2015-06-18,-0.000113817376
2015-06-19,-0.0007759063
2015-06-22,-7.14532e-05
2015-06-23,-0.00036491168
2015-06-24,-0.00022809295
2015-06-25,0.00050191744
2015-06-26,0.0005942452
2015-06-29,0.00042050984
2015-06-30,0.0019154529
2015-07-01,0.0010384131
2015-07-02,8.1343016e-05
2015-07-03,0.000178803
2015-07-06,0.00018129674
2015-07-07,0.00037605417
2015-07-08,-0.00021243776
2015-07-09,0.0012120445
2015-07-10,0.0006192349
2015-07-13,-0.00060594967
2015-07-14,-0.0011673336
2015-07-15,-0.0009681675
2015-07-16,-0.0005275105
2015-07-17,-0.0007997178
2015-07-20,-0.00048242084
2015-07-21,-0.00022752117
2015-07-22,0.00027265731
2015-07-23,0.00038473064
2015-07-24,0.0007544643
2015-07-27,0.0013410638
2015-07-28,0.0012816405
2015-07-29,-9.381961e-05
2015-07-30,-0.00044100295
2015-07-31,-0.00015552127
2015-08-03,0.00014892365
2015-08-04,0.00043951618
2015-08-05,0.00049709866
2015-08-06,4.0321404e-05
2015-08-07,0.00064106216
2015-08-10,0.00053408643
2015-08-11,-0.0006188802
2015-08-12,0.0003616848
2015-08-13,0.00015986868
2015-08-14,0.0002646316
2015-08-17,-4.3522163e-05
2015-08-18,-0.0003569554
2015-08-19,9.405691e-05
2015-08-20,0.0007334853
2015-08-21,0.0020775148
2015-08-24,0.0045577846
2015-08-25,0.0076835603
2015-08-26,0.005655344
2015-08-27,-0.0008013177
2015-08-28,-0.0024980102
2015-08-31,-0.0013981898
2015-09-01,-0.00012753706
2015-09-02,0.0027503218
2015-09-03,-0.0002425909
2015-09-04,-0.00041377288
2015-09-07,0.00070599903
2015-09-08,0.0002654357
2015-09-09,-0.0018056871
2015-09-10,-0.0001258527
2015-09-11,-0.00047614862
2015-09-14,-0.00045221107
2015-09-15,0.00017574527
2015-09-16,-0.00050253584
2015-09-17,-0.0006401485
2015-09-18,-0.0001351962
2015-09-21,0.0012002108
2015-09-22,0.0002756242
2015-09-23,0.0011235486
2015-09-24,0.00085843017
2015-09-25,0.00092015177
2015-09-28,0.0006827055
2015-09-29,0.0024150615
2015-09-30,0.0014225725
2015-10-01,-0.0005214778
2015-10-02,-0.00044139166
2015-10-05,-0.0013119547
2015-10-06,-0.0019527744
2015-10-07,-0.00084131194
2015-10-08,-0.0011077451
2015-10-09,-0.0012690341
2015-10-12,-0.0007757707
2015-10-13,-0.00051989115
2015-10-14,0.00027230126
2015-10-15,0.00065908104
2015-10-16,-0.00050440413
2015-10-19,-0.00043111708
2015-10-20,-6.5320615e-05
2015-10-21,0.00021037275
2015-10-22,0.00078366935
2015-10-23,-0.0005629564
2015-10-26,-0.0008872328
2015-10-27,-0.0003155892
2015-10-28,5.188389e-05
2015-10-29,-0.0007033018
2015-10-30,-0.00029748527
2015-11-02,0.00024731734
2015-11-03,-0.0005921563
2015-11-04,-0.0004623953
2015-11-05,8.317021e-05
2015-11-06,0.00026989428
2015-11-09,0.00033141917
2015-11-10,0.0010275573
2015-11-11,0.000525477
2015-11-12,0.00068666926
2015-11-13,0.0015794522
2015-11-16,0.0018908277
2015-11-17,2.5748386e-05
2015-11-18,0.00011238548
2015-11-19,-0.0010811469
2015-11-20,-0.00050845963
2015-11-23,-0.0004935456
2015-11-24,-0.00017030223
2015-11-25,-0.00019931083
2015-11-26,-7.830974e-05
2015-11-27,-3.7405935e-05
2015-11-30,-0.000103887905
2015-12-01,0.00032364845
2015-12-02,-0.00043409527
2015-12-03,0.00061538874
2015-12-04,0.0015266506
2015-12-07,-0.00044457277
2015-12-08,0.00028778997
2015-12-09,0.00080263434
2015-12-10,0.0011664855
2015-12-11,0.0005363973
2015-12-14,0.0018095308
2015-12-15,0.0007142371
2015-12-16,-0.00038906978
2015-12-17,-0.0012108807
2015-12-18,0.0004387733
2015-12-21,0.0016578924
2015-12-22,0.00035485777
2015-12-23,-0.00048649893
2015-12-24,-0.0011519362
2015-12-25,-0.0005463229
2015-12-28,-0.00027326512
2015-12-29,4.8793703e-05
2015-12-30,-0.00066470733
2015-12-31,0.00018718724
2016-01-01,0.00088785205
2016-01-04,0.00064063113
2016-01-05,0.001517846
2016-01-06,0.00083757984
2016-01-07,0.001517757
2016-01-08,0.0030213865
2016-01-11,0.0027806484
2016-01-12,0.0014657315
2016-01-13,0.0002627025
2016-01-14,0.0021890749
2016-01-15,1.6982807e-05
2016-01-18,0.0017521962
2016-01-19,0.0008489918
2016-01-20,0.0002671916
2016-01-21,0.0010272078
2016-01-22,3.5501227e-05
2016-01-25,-0.0016364355
2016-01-26,6.927523e-05
2016-01-27,-0.0009898455
2016-01-28,0.00021722846
2016-01-29,-0.00029635621
2016-02-01,-0.0017086782
2016-02-02,-0.0009199484
2016-02-03,0.00086827035
2016-02-04,0.00012355397
2016-02-05,-3.793224e-06
2016-02-08,0.0014908543
2016-02-09,0.002010079
2016-02-10,0.0012844772
2016-02-11,0.0008568048
2016-02-12,0.0016289294
2016-02-15,-0.0005641308
2016-02-16,-0.00025504112
2016-02-17,-0.0012605219
2016-02-18,-0.0018262032
2016-02-19,-0.00079354196
2016-02-22,-0.00037191872
2016-02-23,-0.0012954408
2016-02-24,0.00019933777
2016-02-25,-0.00026793132
2016-02-26,-0.00093781186
2016-02-29,-0.00020008686
2016-03-01,0.000623599
2016-03-02,-0.0010639785
2016-03-03,-0.0006574307
2016-03-04,-0.000408385
2016-03-07,-0.000322795
2016-03-08,-0.0001305581
2016-03-09,0.0008897955
2016-03-10,0.00026171235
2016-03-11,0.00015490165
2016-03-14,-0.00092959247
2016-03-15,-0.000386136
2016-03-16,3.840937e-05
2016-03-17,-0.0002465989
2016-03-18,-0.00047117175
2016-03-21,-0.0004423936
2016-03-22,-0.00021038915
2016-03-23,7.354154e-06
2016-03-24,0.00060176913
2016-03-25,0.00049617764
2016-03-28,0.0003702737
2016-03-29,0.000225572
2016-03-30,-0.00044038257
2016-03-31,-0.00044918928
2016-04-01,4.6754747e-05
2016-04-04,-0.0003551219
2016-04-05,0.00015479972
2016-04-06,0.0009078557
2016-04-07,-0.00023123057
2016-04-08,0.0008195832
2016-04-11,0.00035974503
2016-04-12,0.000448786
2016-04-13,-0.00038762932
2016-04-14,-0.0008504418
2016-04-15,-0.00041405414
2016-04-18,-5.05338e-05
2016-04-19,-0.0004515659
2016-04-20,-0.00040672958
2016-04-21,-0.00024314102
2016-04-22,0.0003285818
2016-04-25,0.0002481981
2016-04-26,0.0003345652
2016-04-27,0.0001753041
2016-04-28,5.5230335e-05
2016-04-29,0.00082032953
2016-05-02,0.0010171098
2016-05-03,9.963381e-05
2016-05-04,0.00079056475
2016-05-05,0.0009997489
2016-05-06,0.00064777874
2016-05-09,0.00014355249
2016-05-10,3.6729e-05
2016-05-11,-0.0008762322
2016-05-12,0.00024292959
2016-05-13,0.00015025494
2016-05-16,0.0007622127
2016-05-17,-0.000277901
2016-05-18,0.00058064464
2016-05-19,0.00035624785
2016-05-20,0.0005020918
2016-05-23,-0.00013841019
2016-05-24,8.050075e-05
2016-05-25,-0.00080243085
2016-05-26,-0.00082561263
2016-05-27,-0.00045461103
2016-05-30,-0.00051463715
2016-05-31,-0.00019863137
2016-06-01,8.3842424e-05
2016-06-02,-5.8049427e-05
2016-06-03,-0.00020125968
2016-06-06,0.00019455684
2016-06-07,-0.00017340004
2016-06-08,-6.006382e-05
2016-06-09,-0.00016408501
2016-06-10,0.00014552045
2016-06-13,0.0009059888
2016-06-14,0.0012500846
2016-06-15,0.0009623335
2016-06-16,0.00074222445
2016-06-17,0.00025652858
2016-06-20,0.0004922057
2016-06-21,-0.00016040716
2016-06-22,-0.0002416647
2016-06-23,4.9710532e-05
2016-06-24,-0.0008843437
2016-06-27,0.0023287013
2016-06-28,0.0031989496
2016-06-29,0.00020215874
2016-06-30,-0.001155975
2016-07-01,-0.0015350244
2016-07-04,-0.0010112829
2016-07-05,-0.00052490557
2016-07-06,0.00030286444
2016-07-07,-0.00020022638
2016-07-08,3.637013e-06
2016-07-11,-0.0009936169
2016-07-12,-0.00077257626
2016-07-13,-0.00085626
2016-07-14,-0.00041004334
2016-07-15,-0.0004938984
2016-07-18,-8.191734e-05
2016-07-19,-8.6055785e-05
2016-07-20,0.0002008282
2016-07-21,-2.8775166e-05
2016-07-22,0.0004833052
2016-07-25,1.6330125e-05
2016-07-26,0.0002775369
2016-07-27,0.0002351825
2016-07-28,0.00034353478
2016-07-29,0.00025239686
2016-08-01,0.00014630277
2016-08-02,0.0002539322
2016-08-03,0.0007013133
2016-08-04,0.00025860942
2016-08-05,0.00011053122
2016-08-08,-0.00048215332
2016-08-09,-0.0001712481
2016-08-10,-6.629475e-05
2016-08-11,0.00021073478
2016-08-12,-0.00015541998
2016-08-15,3.503117e-05
2016-08-16,-0.00012817106
2016-08-17,0.0003803228
2016-08-18,0.00015864226
2016-08-19,-1.0318739e-05
2016-08-22,0.000195123
2016-08-23,0.00019656443
2016-08-24,4.8954036e-05
2016-08-25,0.00049750134
2016-08-26,0.00042549914
2016-08-29,0.0004723777
2016-08-30,-2.6315398e-05
2016-08-31,0.00015721958
2016-09-01,0.0003667428
2016-09-02,0.00026276553
2016-09-05,-0.000117309515
2016-09-06,-1.0118738e-05
2016-09-07,-0.00017397205
2016-09-08,-4.3306387e-05
2016-09-09,0.00021430303
2016-09-12,0.0019933803
2016-09-13,0.00012533214
2016-09-14,0.0011925824
2016-09-15,0.00077297277
2016-09-16,-0.00025507383
2016-09-19,0.0001979853
2016-09-20,0.00016533147
2016-09-21,0.00015912473
2016-09-22,-0.0007195443
2016-09-23,-0.00083548605
2016-09-26,-5.524507e-05
2016-09-27,0.0006188493
2016-09-28,-9.270118e-05
2016-09-29,-0.00041004916
2016-09-30,0.00048212943
2016-10-03,-0.00022430002
2016-10-04,0.0001390064
2016-10-05,0.0005753918
2016-10-06,0.00011951694
2016-10-07,0.00013804456
2016-10-10,0.00038655655
2016-10-11,-4.7148063e-05
2016-10-12,0.0009779932
2016-10-13,0.00052695913
2016-10-14,0.0006259705
2016-10-17,0.00036448197
2016-10-18,0.0005127647
2016-10-19,-0.00014433509
2016-10-20,-0.00021877233
2016-10-21,9.264482e-05
2016-10-24,6.8291054e-05
2016-10-25,-0.00025861652
2016-10-26,0.00015303688
2016-10-27,0.00029753387
2016-10-28,0.00039435894
2016-10-31,0.00051035616
2016-11-01,0.00033828165
2016-11-02,0.0007854437
2016-11-03,0.0009811713
2016-11-04,0.0009882392
2016-11-07,0.00071800407
2016-11-08,-0.001085142
2016-11-09,-0.00092992425
2016-11-10,-0.0011884373
2016-11-11,-0.00083586894
2016-11-14,-0.0002845598
2016-11-15,-0.00020586594
2016-11-16,-0.00065854046
2016-11-17,-0.00018352462
2016-11-18,-0.00042580412
2016-11-21,2.2474263e-05
2016-11-22,-0.00038238964
2016-11-23,-0.00022215425
2016-11-24,-2.1778547e-05
2016-11-25,0.00014757052
2016-11-28,-3.7259746e-05
2016-11-29,0.0004885708
2016-11-30,0.00026044733
2016-12-01,0.00043153256
2016-12-02,0.0006033593
2016-12-05,0.0003685523
2016-12-06,-0.00014263403
2016-12-07,-0.00023811741
2016-12-08,-0.0009361159
2016-12-09,-0.0006349028
2016-12-12,-0.00071855733
2016-12-13,-0.00026598322
2016-12-14,-0.0005540674
2016-12-15,0.0003642333
2016-12-16,-2.2032187e-05
2016-12-19,0.00020760848
2016-12-20,6.199031e-05
2016-12-21,-0.0001381613
2016-12-22,0.00025362876
2016-12-23,0.0004056775
2016-12-26,0.0002663552
2016-12-27,0.00027187172
2016-12-28,9.0718146e-05
2016-12-29,0.0007742756
2016-12-30,0.00054067123
2017-01-02,0.0006447245
2017-01-03,0.00042460152
2017-01-04,-0.00029705913
2017-01-05,-0.0005536608
2017-01-06,-0.00019744638
2017-01-09,-0.00030640553
2017-01-10,0.00013211298
2017-01-11,0.00015306215
2017-01-12,-8.907356e-05
2017-01-13,0.00019783495
2017-01-16,-7.61511e-06
2017-01-17,6.4925225e-05
2017-01-18,0.0003904965
2017-01-19,0.00013903237
2017-01-20,0.0004441626
2017-01-23,7.333166e-05
2017-01-24,0.00033313525
2017-01-25,-0.00018892286
2017-01-26,-0.0006751718
2017-01-27,-0.0002430965
2017-01-30,3.609963e-05
2017-01-31,0.0005406532
2017-02-01,0.00038283758
2017-02-02,0.0002604329
2017-02-03,0.00016235917
2017-02-06,-0.00034462713
2017-02-07,1.2186234e-05
2017-02-08,8.905617e-05
2017-02-09,4.869018e-05
2017-02-10,-0.00033623487
2017-02-13,-0.00039724878
2017-02-14,-0.00053612085
2017-02-15,-0.0005280837
2017-02-16,-0.0005947092
2017-02-17,-0.0002178144
2017-02-20,-0.00015983789
2017-02-21,-1.8430792e-05
2017-02-22,-0.00035516673
2017-02-23,-1.3499865e-06
2017-02-24,7.455344e-05
2017-02-27,7.65793e-05
2017-02-28,3.9927803e-05
2017-03-01,0.00034527853
2017-03-02,-0.0006905564
2017-03-03,0.0001618527
2017-03-06,0.00017190014
2017-03-07,0.00042498336
2017-03-08,0.0005585644
2017-03-09,0.00053857634
2017-03-10,0.00029214262
2017-03-13,-2.3309554e-05
2017-03-14,2.9139914e-05
2017-03-15,0.00038962398
2017-03-16,-0.00033935107
2017-03-17,2.4164585e-05
2017-03-20,0.00021762853
2017-03-21,0.00026839215
2017-03-22,0.0011957841
2017-03-23,0.0005647381
2017-03-24,0.00044941553
2017-03-27,0.00036010283
2017-03-28,0.00033817368
2017-03-29,-0.0003112288
2017-03-30,-0.00015313277
2017-03-31,-0.0002670671
2017-04-03,9.073974e-05
2017-04-04,0.0002346889
2017-04-05,0.00012260012
2017-04-06,0.0003220363
2017-04-07,5.1199113e-06
2017-04-10,0.00012849738
2017-04-11,8.488833e-05
2017-04-12,0.00019283156
2017-04-13,0.0005396215
2017-04-14,0.0008903382
2017-04-17,0.0006016421
2017-04-18,-0.00023978623
2017-04-19,0.0001280208
2017-04-20,0.00028010685
2017-04-21,-0.00040016085
2017-04-24,5.295101e-05
2017-04-25,-0.0007545632
2017-04-26,-0.00078563526
2017-04-27,-0.00035937183
2017-04-28,-0.0001971171
2017-05-01,0.0001147752
2017-05-02,-5.843869e-05
2017-05-03,1.9611785e-05
2017-05-04,0.00018464771
2017-05-05,0.00012642116
2017-05-08,-0.000110573405
2017-05-09,7.376831e-05
2017-05-10,0.00023661974
2017-05-11,0.000112475325
2017-05-12,0.0003079031
2017-05-15,0.00038997718
2017-05-16,-9.147905e-05
2017-05-17,8.625542e-05
2017-05-18,0.0014520617
2017-05-19,0.0006113678
2017-05-22,-0.00010544991
2017-05-23,-0.00037659513
2017-05-24,-0.00030208973
2017-05-25,-0.00027466012
2017-05-26,-0.00044313422
2017-05-29,-0.00017975637
2017-05-30,-3.9883078e-05
2017-05-31,9.918873e-05
2017-06-01,0.0001259241
2017-06-02,-0.00046797673
2017-06-05,-0.0004334597
2017-06-06,-0.00010358598
2017-06-07,0.00027800348
2017-06-08,0.00013072278
2017-06-09,0.00014376437
2017-06-12,0.0003015356
2017-06-13,0.00031434192
2017-06-14,-7.435709e-05
2017-06-15,0.000105581414
2017-06-16,0.00028419492
2017-06-19,0.00023072222
2017-06-20,-0.00041319302
2017-06-21,0.0003475929
2017-06-22,0.0002974188
2017-06-23,0.00028851564
2017-06-26,0.00014507011
2017-06-27,9.820118e-05
2017-06-28,0.00072407024
2017-06-29,-0.00020504248
2017-06-30,0.00062084035
2017-07-03,0.00029626396
2017-07-04,0.00011207064
2017-07-05,0.00012206844
2017-07-06,-3.841191e-05
2017-07-07,0.0007310272
2017-07-10,-1.6789016e-05
2017-07-11,-4.6056786e-05
2017-07-12,9.0817244e-05
2017-07-13,-0.00046195323
2017-07-14,-0.0003409991
2017-07-17,-0.0004889729
2017-07-18,-0.00017917977
2017-07-19,-8.259202e-05
2017-07-20,-0.00038199493
2017-07-21,-0.00017381064
2017-07-24,5.6532703e-05
2017-07-25,0.00014830634
2017-07-26,-2.1028367e-05
2017-07-27,0.00010758105
2017-07-28,0.00021962731
2017-07-31,0.00032204532
2017-08-01,0.00033800805
2017-08-02,0.00013117054
2017-08-03,0.00014575863
2017-08-04,0.00029952254
2017-08-07,0.00012408453
2017-08-08,3.974821e-06
2017-08-09,0.00024702854
2017-08-10,0.00021931989
2017-08-11,0.0012569367
2017-08-14,0.00068264344
2017-08-15,-0.00031145365
2017-08-16,-0.0001234776
2017-08-17,-0.00013074768
2017-08-18,0.0011705348
2017-08-21,0.0008579558
2017-08-22,0.00048006853
2017-08-23,-0.00047270895
2017-08-24,4.099664e-05
2017-08-25,0.00024691044
2017-08-28,7.762394e-06
2017-08-29,3.8159134e-05
2017-08-30,-2.0087673e-05
2017-08-31,-0.0003227563
2017-09-01,-0.0005889679
2017-09-04,-0.00038048223
2017-09-05,-0.00014001038
2017-09-06,0.0005338302
2017-09-07,0.0001295316
2017-09-08,0.00012329631
2017-09-11,0.00022810316
2017-09-12,-0.00053788314
2017-09-13,-0.00044414517
2017-09-14,-0.00017176045
2017-09-15,1.1953763e-06
2017-09-18,-1.4568801e-05
2017-09-19,-8.558986e-05
2017-09-20,-1.3415212e-05
2017-09-21,4.93284e-05
2017-09-22,0.0003091647
2017-09-25,0.00024847532
2017-09-26,0.00037776027
2017-09-27,0.00025380036
2017-09-28,-5.3723463e-05
2017-09-29,-1.2890383e-05
2017-10-02,-0.00016590097
2017-10-03,-0.0003207667
2017-10-04,-0.00027493463
2017-10-05,-0.00016697432
2017-10-06,-0.0004760077
2017-10-09,-0.00013239234
2017-10-10,0.00013370048
2017-10-11,-3.814203e-05
2017-10-12,-5.5361106e-05
2017-10-13,0.000168328
2017-10-16,0.00010320066
2017-10-17,6.754902e-05
2017-10-18,9.8215554e-05
2017-10-19,9.622424e-05
2017-10-20,0.00013664541
2017-10-23,-0.00021025981
2017-10-24,0.0002568011
2017-10-25,9.5566495e-05
2017-10-26,0.0005084222
2017-10-27,0.00026415903
2017-10-30,-0.0003969
2017-10-31,0.00012761183
2017-11-01,3.3225482e-05
2017-11-02,-4.6039113e-06
2017-11-03,5.8337257e-05
2017-11-06,-0.00014098996
2017-11-07,-0.00012644351
2017-11-08,5.9743496e-05
2017-11-09,-1.3552757e-05
2017-11-10,0.0003371984
2017-11-13,0.00029230278
2017-11-14,0.00017399779
2017-11-15,0.00035201537
2017-11-16,0.0006610799
2017-11-17,-0.00018330518
2017-11-20,0.00020905353
2017-11-21,6.740662e-05
2017-11-22,-0.00037219957
2017-11-23,-8.9162066e-05
2017-11-24,1.1480204e-05
2017-11-27,-8.66339e-05
2017-11-28,4.067676e-05
2017-11-29,-0.0006712031
2017-11-30,-0.0002774516
2017-12-01,-0.00071430503
2017-12-04,-0.0001785878
2017-12-05,8.383154e-05
2017-12-06,0.00041538096
2017-12-07,0.00032974148
2017-12-08,4.720961e-05
2017-12-11,-0.0002791267
2017-12-12,-0.00027258304
2017-12-13,-0.00018058455
2017-12-14,-1.8800837e-06
2017-12-15,0.00042463368
2017-12-18,-0.00029447902
2017-12-19,-0.000549759
2017-12-20,7.209402e-05
2017-12-21,0.00016835427
2017-12-22,2.2562943e-05
2017-12-25,0.000113054724
2017-12-26,0.00013721194
2017-12-27,0.00027149922
2017-12-28,0.00020815707
2017-12-29,8.123667e-05
2018-01-01,0.00042917964
2018-01-02,0.00034084026
2018-01-03,-0.00026938913
2018-01-04,-0.0005599235
2018-01-05,-0.0005550214
2018-01-08,-0.00070691825
2018-01-09,-0.0004655189
2018-01-10,-0.00035709055
2018-01-11,-1.4244701e-05
2018-01-12,-0.00049712294
2018-01-15,-0.00063690025
2018-01-16,-0.00026195252
2018-01-17,0.0002125539
2018-01-18,-0.0004500086
2018-01-19,-9.169487e-06
2018-01-22,-0.00021293876
2018-01-23,-0.0005415732
2018-01-24,-0.00034797913
2018-01-25,-4.332545e-05
2018-01-26,7.516611e-05
2018-01-29,-0.0006798441
2018-01-30,0.00018569488
2018-01-31,0.0009891178
2018-02-01,0.0006427603
2018-02-02,0.0005575558
2018-02-05,0.0020803562
2018-02-06,0.0059453817
2018-02-07,0.0012606167
2018-02-08,0.0011480919
2018-02-09,0.0045055025
2018-02-12,0.0010835495
2018-02-13,-0.0006459689
2018-02-14,-0.0005731622
2018-02-15,-0.0013652858
2018-02-16,-0.0018198905
2018-02-19,-0.0012333192
2018-02-20,-0.00083968387
2018-02-21,-0.0001269672
2018-02-22,0.00020083234
2018-02-23,-2.633155e-05
2018-02-26,-0.0009906688
2018-02-27,-0.0011400474
2018-02-28,0.00031417178
2018-03-01,0.0011396861
2018-03-02,0.0019811823
2018-03-05,0.0009133999
2018-03-06,-0.00029932044
2018-03-07,-0.00019535783
2018-03-08,4.473462e-05
2018-03-09,-0.00032629253
2018-03-12,-0.0013454848
2018-03-13,-0.00065064867
2018-03-14,0.00014695653
2018-03-15,0.00053693564
2018-03-16,0.00047248197
2018-03-19,0.00025562473
2018-03-20,0.0012418926
2018-03-21,0.0006493559
2018-03-22,0.0005787552
2018-03-23,0.002326118
2018-03-26,0.003493243
2018-03-27,-0.00015939021
2018-03-28,0.0012451388
2018-03-29,0.0010231617
2018-03-30,-0.00038995786
2018-04-02,-0.0002618351
2018-04-03,0.0015235966
2018-04-04,-0.00016574748
2018-04-05,-0.0010175742
2018-04-06,-0.001236486
2018-04-09,0.00095685094
2018-04-10,0.00015954989
2018-04-11,-0.0010606962
2018-04-12,-0.00022261479
2018-04-13,-0.0006443469
2018-04-16,-5.8028007e-05
2018-04-17,-0.00052745146
2018-04-18,-0.0008488977
2018-04-19,-0.00040350622
2018-04-20,0.00022054532
2018-04-23,0.0008101051
2018-04-24,0.0006384594
2018-04-25,0.0014558355
2018-04-26,0.0007382103
2018-04-27,-0.00021893409
2018-04-30,-8.150694e-05
2018-05-01,0.0005915704
2018-05-02,0.00031917283
2018-05-03,0.000801812
2018-05-04,0.00073811004
2018-05-07,-0.0005557558
2018-05-08,-0.0005633056
2018-05-09,-0.00026968948
2018-05-10,-0.00085536664
2018-05-11,-0.0010876709
2018-05-14,-0.0008245188
2018-05-15,-0.0004502767
2018-05-16,0.00036398644
2018-05-17,2.8886952e-06
2018-05-18,0.00017209066
2018-05-21,0.00038220384
2018-05-22,-0.00022313208
2018-05-23,0.00016967884
2018-05-24,1.2357103e-05
2018-05-25,0.00031669028
2018-05-28,0.0005057743
2018-05-29,0.00040218365
2018-05-30,0.0012116332
2018-05-31,-0.00024002022
2018-06-01,0.0003651732
2018-06-04,-0.00045801798
2018-06-05,-0.0005649458
2018-06-06,-0.000333469
2018-06-07,-0.0007317557
2018-06-08,-0.0003362344
2018-06-11,-0.0003337388
2018-06-12,-0.00021088694
2018-06-13,-0.00016022305
2018-06-14,0.0002336559
2018-06-15,2.8879522e-05
2018-06-18,0.0002002322
2018-06-19,0.00039385015
2018-06-20,0.00062744797
2018-06-21,0.00036138293
2018-06-22,0.0007995177
2018-06-25,0.00043364475
2018-06-26,0.0013814897
2018-06-27,0.00069128897
2018-06-28,0.0011041652
2018-06-29,0.00023476419
2018-07-02,6.181298e-05
2018-07-03,-9.352275e-05
2018-07-04,0.00023290148
2018-07-05,0.00016925503
2018-07-06,-0.000509554
2018-07-09,-0.00089379825
2018-07-10,-0.0011053144
2018-07-11,-0.00085608783
2018-07-12,7.341339e-05
2018-07-13,-0.00056901126
2018-07-16,-0.00030963036
2018-07-17,-2.030991e-05
2018-07-18,-0.0002120824
2018-07-19,-0.00014038995
2018-07-20,0.0003292253
2018-07-23,0.00042816877
2018-07-24,0.0002159694
2018-07-25,-0.00011819753
2018-07-26,-0.00057445595
2018-07-27,-3.8806935e-05
2018-07-30,0.0006057745
2018-07-31,0.00085187884
2018-08-01,0.00018971587
2018-08-02,0.00028761252
2018-08-03,-0.00018033147
2018-08-06,-0.00034948328
2018-08-07,-0.00038087688
2018-08-08,-0.0003709502
2018-08-09,-0.00011844046
2018-08-10,0.00012814568
2018-08-13,0.0006568346
2018-08-14,0.0007289238
2018-08-15,1.2122264e-05
2018-08-16,0.00064774515
2018-08-17,-0.00017103215
2018-08-20,-0.00029308378
2018-08-21,-0.00024764444
2018-08-22,-0.00022091268
2018-08-23,3.570152e-05
2018-08-24,0.00021295004
2018-08-27,-0.0002681928
2018-08-28,-0.00069263304
2018-08-29,-0.0003716991
2018-08-30,-0.0005559174
2018-08-31,6.26725e-05
2018-09-03,0.00012159481
2018-09-04,0.0001724804
2018-09-05,0.00034419957
2018-09-06,0.00051541236
2018-09-07,0.0006393076
2018-09-10,0.0006116057
2018-09-11,0.00030912846
2018-09-12,3.2885637e-05
2018-09-13,6.805432e-05
2018-09-14,-0.00031565927
2018-09-17,-0.00011361062
2018-09-18,0.00040578653
2018-09-19,-0.00011497035
2018-09-20,-0.000106589
2018-09-21,-0.00064317003
2018-09-24,-0.00024858513
2018-09-25,0.0001809194
2018-09-26,0.00024454907
2018-09-27,0.000459841
2018-09-28,0.0001326736
2018-10-01,0.00016082868
2018-10-02,-6.968273e-05
2018-10-03,0.00010351027
2018-10-04,0.000112264
2018-10-05,0.0007381205
2018-10-08,0.0009240488
2018-10-09,0.000600785
2018-10-10,0.0005187582
2018-10-11,0.0031144465
2018-10-12,0.004210126
2018-10-15,0.0009664856
2018-10-16,0.000955942
2018-10-17,-0.0011614801
2018-10-18,-0.00065958995
2018-10-19,0.00075458625
2018-10-22,0.000492804
2018-10-23,0.0005797161
2018-10-24,0.00064997416
2018-10-25,0.0033074815
2018-10-26,5.536241e-05
2018-10-29,0.0012867517
2018-10-30,0.0011418033
2018-10-31,-0.00047743047
2018-11-01,-0.0009780743
2018-11-02,-0.0012272246
2018-11-05,-0.00027085055
2018-11-06,-0.00048405427
2018-11-07,-0.0006611887
2018-11-08,-0.0018678512
2018-11-09,-0.001057456
2018-11-12,0.00012470435
2018-11-13,0.0015598305
2018-11-14,0.0011222593
2018-11-15,0.0012990382
2018-11-16,7.031287e-05
2018-11-19,1.2611412e-05
2018-11-20,0.0014400962
2018-11-21,0.00242069
2018-11-22,0.0012410373
2018-11-23,0.00082995254
2018-11-26,0.0010128269
2018-11-27,-0.00065265485
2018-11-28,-0.00065333507
2018-11-29,-0.001977217
2018-11-30,-0.0010186462
2018-12-03,-0.0010788441
2018-12-04,-0.001549556
2018-12-05,0.0015465643
2018-12-06,0.00092730264
2018-12-07,0.00073682907
2018-12-10,0.002366071
2018-12-11,0.0012172323
2018-12-12,0.000780503
2018-12-13,0.00016398849
2018-12-14,0.0002816151
2018-12-17,0.0017320305
2018-12-18,0.0028316374
2018-12-19,0.0017169082
2018-12-20,0.002454271
2018-12-21,0.0031232366
2018-12-24,0.0040467395
2018-12-25,0.005361715
2018-12-26,0.0027287398
2018-12-27,-0.0029929727
2018-12-28,-0.0023664809
2018-12-31,-0.0012606403
2019-01-01,-0.0013188461
2019-01-02,-0.0010291447
2019-01-03,-0.0008240642
2019-01-04,0.0012975789
2019-01-07,-0.001981705
2019-01-08,-0.0015717931
2019-01-09,-0.0013733612
2019-01-10,-0.00083992054
2019-01-11,-0.00042438676
2019-01-14,-5.8511305e-05
2019-01-15,0.0005604486
2019-01-16,-0.00018442416
2019-01-17,-7.816818e-05
2019-01-18,-0.0003912839
2019-01-21,-0.0009801907
2019-01-22,-0.00053851795
2019-01-23,0.0007803328
2019-01-24,0.0004856292
2019-01-25,0.0003998469
2019-01-28,-0.0002715793
2019-01-29,0.00056992704
2019-01-30,0.0005672368
2019-01-31,-0.000706445
2019-02-01,-0.0009974802
2019-02-04,-0.00048534252
2019-02-05,-0.0006661795
2019-02-06,-0.00056765834
2019-02-07,-0.00013060385
2019-02-08,0.00074117497
2019-02-11,0.00041774646
2019-02-12,0.00025529705
2019-02-13,-0.000689401
2019-02-14,-0.0005302465
2019-02-15,-1.9585283e-05
2019-02-18,-0.0005839623
2019-02-19,-0.00021154224
2019-02-20,-0.00015054963
2019-02-21,-0.0001213883
2019-02-22,0.00029763824
2019-02-25,-0.0001846141
2019-02-26,-0.00013974385
2019-02-27,3.9588307e-05
2019-02-28,0.00016391436
2019-03-01,0.00035204086
2019-03-04,-0.00015969551
2019-03-05,0.00031048607
2019-03-06,0.00041270856
2019-03-07,0.00081049313
2019-03-08,0.0011794923
2019-03-11,0.0009071737
2019-03-12,-0.00053034176
2019-03-13,-0.00051966816
2019-03-14,-0.00070715364
2019-03-15,-0.0003127164
2019-03-18,-0.00046869688
2019-03-19,-0.00048358156
2019-03-20,-0.00024048361
2019-03-21,0.00014507852
2019-03-22,-0.000709791
2019-03-25,0.0011126488
2019-03-26,0.00077847164
2019-03-27,-2.2584549e-05
2019-03-28,0.0004797481
2019-03-29,9.751814e-05
2019-04-01,-0.00027844094
2019-04-02,-0.0008371198
2019-04-03,-0.00042874715
2019-04-04,-0.0002785644
2019-04-05,-0.00030296278
2019-04-08,-0.00049923506
2019-04-09,-0.00027040357
2019-04-10,0.00029437774
2019-04-11,-6.600667e-06
2019-04-12,9.9074234e-05
2019-04-15,-0.00034183107
2019-04-16,-1.7821125e-05
2019-04-17,7.3032184e-05
2019-04-18,0.00035401955
2019-04-19,0.00022219826
2019-04-22,0.00021085127
2019-04-23,0.00014863038
2019-04-24,-0.0004900152
2019-04-25,-4.90633e-05
2019-04-26,9.0766516e-05
2019-04-29,-0.00022413657
2019-04-30,-0.0001508437
2019-05-01,-4.5349534e-05
2019-05-02,0.0006215358
2019-05-03,0.00060465443
2019-05-06,-0.000300718
2019-05-07,0.00022449956
2019-05-08,0.001465617
2019-05-09,0.0010434637
2019-05-10,0.00090067013
2019-05-13,0.0002178166
2019-05-14,0.0021057439
2019-05-15,0.0006083367
2019-05-16,-7.2098635e-05
2019-05-17,-0.0007192416
2019-05-20,9.105144e-05
2019-05-21,0.0005697636
2019-05-22,-0.00033356948
2019-05-23,2.5770825e-05
2019-05-24,0.000927833
2019-05-27,0.0003687329
2019-05-28,0.00022473947
2019-05-29,0.0008639651
2019-05-30,0.0010321913
2019-05-31,0.00042812296
2019-06-03,0.0013589809
2019-06-04,0.0010617563
2019-06-05,-0.0009768929
2019-06-06,-0.0011190982
2019-06-07,-0.0010634621
2019-06-10,-0.0012226609
2019-06-11,-0.0010945979
2019-06-12,-0.00061363535
2019-06-13,-0.00019456603
2019-06-14,-0.00035219692
2019-06-17,-5.642363e-05
2019-06-18,1.4805142e-05
2019-06-19,-0.0005379701
2019-06-20,-0.00029729982
2019-06-21,-0.00064979895
2019-06-24,-0.00011121846
2019-06-25,0.0002039624
2019-06-26,0.0010091767
2019-06-27,0.00079293654
2019-06-28,0.00031804523
2019-07-01,-0.00013877894
2019-07-02,-0.0007009424
2019-07-03,-0.0004885949
2019-07-04,-0.00073807436
2019-07-05,-0.00033850863
2019-07-08,8.050609e-06
2019-07-09,0.0005249679
2019-07-10,0.0002953343
2019-07-11,-0.000118209464
2019-07-12,-0.00016025046
2019-07-15,-0.00034972117
2019-07-16,-0.00013998535
2019-07-17,0.00028038918
2019-07-18,0.00078660453
2019-07-19,0.0003120395
2019-07-22,0.00071108603
2019-07-23,0.00032915577
2019-07-24,-0.00028675166
2019-07-25,-0.000458433
2019-07-26,0.00016109734
2019-07-29,-0.00034637644
2019-07-30,1.4723593e-05
2019-07-31,0.00026015242
2019-08-01,0.0010605075
2019-08-02,0.0013436526
2019-08-05,0.0014101565
2019-08-06,0.0037943972
2019-08-07,0.00081969885
2019-08-08,0.0004453311
2019-08-09,-0.0011660678
2019-08-12,-0.000112170914
2019-08-13,0.0009307306
2019-08-14,-0.0006081324
2019-08-15,0.0019666133
2019-08-16,0.00086032774
2019-08-19,-0.0007202988
2019-08-20,-0.0013497898
2019-08-21,-0.00023541815
2019-08-22,-0.0007105971
2019-08-23,-0.00036095828
2019-08-26,0.001850451
2019-08-27,0.0002906225
2019-08-28,0.000565135
2019-08-29,-0.00012921082
2019-08-30,-0.00086470315
2019-09-02,-0.0004119189
2019-09-03,-0.00023543037
2019-09-04,0.0003901814
2019-09-05,-0.000567918
2019-09-06,-0.001027054
2019-09-09,-0.0005823364
2019-09-10,-0.00032606465
2019-09-11,-2.8964632e-05
2019-09-12,-0.0005304528
2019-09-13,-0.00048733252
2019-09-16,-0.000105859195
2019-09-17,0.0003294911
2019-09-18,0.00012338019
2019-09-19,0.00019448088
2019-09-20,0.00027219966
2019-09-23,0.00058938673
2019-09-24,0.00048593612
2019-09-25,0.0009658358
2019-09-26,0.00021073192
2019-09-27,0.00038976572
2019-09-30,0.0007210557
2019-10-01,0.00013841825
2019-10-02,0.0010129827
2019-10-03,0.002021573
2019-10-04,0.0005951115
2019-10-07,-0.00067286013
2019-10-08,-4.8487625e-05
2019-10-09,0.0011741163
2019-10-10,-3.938161e-06
2019-10-11,-0.00049597165
2019-10-14,-0.0010166322
2019-10-15,-0.0005052283
2019-10-16,-0.00095667975
2019-10-17,-0.0004066276
2019-10-18,-0.00040522782
2019-10-21,0.00014535367
2019-10-22,-0.0003548985
2019-10-23,0.000111778114
2019-10-24,-3.3308348e-05
2019-10-25,-1.2493116e-05
2019-10-28,-0.00018554373
2019-10-29,-0.00032788346
2019-10-30,-6.146613e-05
2019-10-31,-0.00018100592
2019-11-01,0.00021854886
2019-11-04,-0.00041925884
2019-11-05,-0.00043310178
2019-11-06,-0.00011310841
2019-11-07,7.955527e-06
2019-11-08,-0.00016931118
2019-11-11,-0.00017190387
2019-11-12,0.00013873854
2019-11-13,4.6316996e-05
2019-11-14,0.000110502
2019-11-15,7.074986e-05
2019-11-18,-0.00040685677
2019-11-19,-0.000169134
2019-11-20,2.0742586e-05
2019-11-21,0.0003925382
2019-11-22,0.0004380311
2019-11-25,0.00017298185
2019-11-26,-0.00039189338
2019-11-27,-0.0003122525
2019-11-28,-0.0004219943
2019-11-29,-0.00016507198
2019-12-02,0.0002864182
2019-12-03,0.0009025133
2019-12-04,0.0011092837
2019-12-05,0.0002433549
2019-12-06,7.837268e-05
2019-12-09,-0.0005581157
2019-12-10,-7.806351e-06
2019-12-11,0.00016647554
2019-12-12,-4.23732e-05
2019-12-13,-0.0006034543
2019-12-16,-0.0003081633
2019-12-17,-0.000605662
2019-12-18,-0.00029887067
2019-12-19,-0.00012006501
2019-12-20,-0.0003215609
2019-12-23,-0.00044295815
2019-12-24,-0.00026347826
2019-12-25,-3.8804665e-05
2019-12-26,0.000115257855
2019-12-27,-0.00019401714
2019-12-30,3.7387534e-05
2019-12-31,0.00054432603
2020-01-01,0.00022434967
2020-01-02,0.00023903852
2020-01-03,-0.00046602846
2020-01-06,0.00042278972
2020-01-07,5.1510022e-05
2020-01-08,0.00032369487
2020-01-09,-0.00013821351
2020-01-10,-0.0005008237
2020-01-13,4.088093e-06
2020-01-14,-0.00042437285
2020-01-15,-5.09118e-05
2020-01-16,-0.0001280338
2020-01-17,-0.0006052324
2020-01-20,-0.00048359827
2020-01-21,-0.00018645934
2020-01-22,0.00013640647
2020-01-23,0.00016580679
2020-01-24,0.00012349419
2020-01-27,0.00084913714
2020-01-28,0.001796839
2020-01-29,0.00034319775
2020-01-30,0.00034141392
2020-01-31,6.592596e-05
2020-02-03,0.0014915912
2020-02-04,0.00039645605
2020-02-05,-0.00087714434
2020-02-06,-0.0012466856
2020-02-07,-0.0009137564
2020-02-10,-0.00011651134
2020-02-11,-0.0005901043
2020-02-12,-0.00045204442
2020-02-13,-0.0007048109
2020-02-14,-0.00025768921
2020-02-17,-0.0001751493
2020-02-18,1.3723149e-05
2020-02-19,0.00032735892
2020-02-20,-2.3711624e-05
2020-02-21,0.00045861927
2020-02-24,0.0011740868
2020-02-25,0.0038521844
2020-02-26,0.0057254233
2020-02-27,0.0034327891
2020-02-28,0.0073385118
2020-03-02,0.004844188
2020-03-03,-0.001766321
2020-03-04,0.0013448899
2020-03-05,-0.002700761
2020-03-06,0.0011403277
2020-03-09,0.0025430073
2020-03-10,0.011240722
2020-03-11,-0.00014752778
2020-03-12,0.0049388525
2020-03-13,0.014096667
2020-03-16,-0.001677095
2020-03-17,0.010698958
2020-03-18,-0.00018498837
2020-03-19,0.004738154
2020-03-20,0.0023527574
2020-03-23,0.006519417
2020-03-24,0.007519287
2020-03-25,-0.0054160436
2020-03-26,-0.0048244237
2020-03-27,-0.0066674645
2020-03-30,-0.0033963763
2020-03-31,-0.0040495466
2020-04-01,-0.0020902224
2020-04-02,0.0032457064
2020-04-03,-0.00018439937
2020-04-06,0.0014743126
2020-04-07,-0.00284373
2020-04-08,-0.0008701812
2020-04-09,-0.0018583273
2020-04-10,-0.0018675644
2020-04-13,-0.00032632408
2020-04-14,0.00024222965
2020-04-15,-0.0011593811
2020-04-16,0.00081452366
2020-04-17,0.000304526
2020-04-20,-0.0015286907
2020-04-21,0.00039077038
2020-04-22,0.0028871214
2020-04-23,0.00012091398
2020-04-24,0.00044279912
2020-04-27,-0.0005061634
2020-04-28,-0.0009550093
2020-04-29,-5.2919644e-05
2020-04-30,-0.0017372614
2020-05-01,-0.00028231967
2020-05-04,0.0019772856
2020-05-05,0.0009614471
2020-05-06,-0.00013650174
2020-05-07,0.0005174045
2020-05-08,-0.00048927346
2020-05-11,-0.0012419451
2020-05-12,-0.00066542026
2020-05-13,0.0012823994
2020-05-14,0.0021820364
2020-05-15,0.00046309608
2020-05-18,7.602921e-05
2020-05-19,-0.0019951067
2020-05-20,-0.00048939616
2020-05-21,-0.001343181
2020-05-22,-0.00026998483
2020-05-25,-0.00022488384
2020-05-26,-2.7092907e-05
2020-05-27,-0.00080924534
2020-05-28,-0.0012001285
2020-05-29,-0.00046596327
2020-06-01,-0.0005377037
2020-06-02,-0.00047349598
2020-06-03,-0.0006598138
2020-06-04,-0.001107103
2020-06-05,-0.0002942917
2020-06-08,-0.0014997247
2020-06-09,-0.0013725377
2020-06-10,-0.0002376074
2020-06-11,0.00036845636
2020-06-12,0.0061216145
2020-06-15,0.001969107
2020-06-16,0.0005790795
2020-06-17,-0.0009838932
2020-06-18,-0.000114353206
2020-06-19,5.877594e-05
2020-06-22,0.0006070447
2020-06-23,-3.6253598e-05
2020-06-24,-0.0002991628
2020-06-25,0.0018585569
2020-06-26,0.00025882106
2020-06-29,0.0020310546
2020-06-30,-3.2929765e-05
2020-07-01,-0.0010216207
2020-07-02,-0.0010318779
2020-07-03,-0.0009454735
2020-07-06,-0.00039899716
2020-07-07,-0.001048319
2020-07-08,0.00020940758
2020-07-09,-0.00033255445
2020-07-10,0.00015973904
2020-07-13,-0.00064603594
2020-07-14,0.0003473248
2020-07-15,-0.0005808001
2020-07-16,-0.000800003
2020-07-17,-0.000115143695
2020-07-20,-0.00013993715
2020-07-21,-0.00043795165
2020-07-22,-0.00022930768
2020-07-23,-0.00046196522
2020-07-24,0.0007697596
2020-07-27,0.0009843841
2020-07-28,0.000109046196
2020-07-29,0.0006416333
2020-07-30,-0.0004531974
2020-07-31,0.00012196277
2020-08-03,-0.0004164194
2020-08-04,-0.0005742237
2020-08-05,-0.0005354443
2020-08-06,-0.00064087944
2020-08-07,-0.00077952974
2020-08-10,-0.00042127137
2020-08-11,-0.00042058167
2020-08-12,0.0004682182
2020-08-13,-0.00064033683
2020-08-14,-0.00015442714
2020-08-17,2.4340343e-05
2020-08-18,-7.208295e-05
2020-08-19,-4.7499405e-05
2020-08-20,0.00045749848
2020-08-21,0.00015445559
2020-08-24,-6.5932145e-05
2020-08-25,-0.00063518196
2020-08-26,-0.000543399
2020-08-27,-0.0008716252
2020-08-28,-0.0005961333
2020-08-31,-0.00070310984
2020-09-01,-4.719815e-05
2020-09-02,-0.0006141719
2020-09-03,-0.0011749489
2020-09-04,0.0019767613
2020-09-07,0.0018592032
2020-09-08,0.0011998548
2020-09-09,0.0030839168
2020-09-10,0.00029030826
2020-09-11,0.0015690221
2020-09-14,0.0009971474
2020-09-15,-0.00034908683
2020-09-16,-0.00050922274
2020-09-17,3.828821e-05
2020-09-18,0.00070245215
2020-09-21,0.0012727696
2020-09-22,0.0015960763
2020-09-23,1.9736903e-05
2020-09-24,0.0017172997
2020-09-25,0.00074450916
2020-09-28,-0.0008171567
2020-09-29,-0.0015497714
2020-09-30,-0.0004517829
2020-10-01,-0.0005992034
2020-10-02,-0.00081934145
2020-10-05,0.00025256642
2020-10-06,-0.001074235
2020-10-07,0.00036811703
2020-10-08,-0.0009556637
2020-10-09,-0.0011080013
2020-10-12,-0.0011194202
2020-10-13,-0.0014407547
2020-10-14,-0.0002194097
2020-10-15,0.0004870702
2020-10-16,0.0005454332
2020-10-19,0.0005086418
2020-10-20,0.0015620579
2020-10-21,0.0007670985
2020-10-22,0.00066384417
2020-10-23,6.846754e-05
2020-10-26,-8.7585104e-05
2020-10-27,0.0014982718
2020-10-28,0.0012517709
2020-10-29,0.004239262
2020-10-30,0.0013436308
2020-11-02,0.0015517942
2020-11-03,6.1628285e-05
2020-11-04,-0.0014052491
2020-11-05,-0.002366369
2020-11-06,-0.0025662398
2020-11-09,-0.0015043317
2020-11-10,-0.0016390241
2020-11-11,-0.0008603506
2020-11-12,-0.0010117184
2020-11-13,0.00016797
2020-11-16,-0.0007620628
2020-11-17,-0.0011010526
2020-11-18,-7.865721e-05
2020-11-19,0.0010278418
2020-11-20,0.00053740316
2020-11-23,0.0011023467
2020-11-24,0.00039709496
2020-11-25,-0.0006477212
2020-11-26,-0.00020388176
2020-11-27,4.6903846e-05
2020-11-30,-9.565583e-05
2020-12-01,0.00034965522
2020-12-02,-0.0005630188
2020-12-03,-0.0004056698
2020-12-04,-0.000111954
2020-12-07,-0.0006278714
2020-12-08,-0.00010248644
2020-12-09,-0.00019171613
2020-12-10,0.0006771999
2020-12-11,0.0004859298
2020-12-14,0.0004899575
2020-12-15,0.00076653156
2020-12-16,-0.00045629853
2020-12-17,-0.00030279858
2020-12-18,-0.0004812979
2020-12-21,9.278967e-05
2020-12-22,0.0004050538
2020-12-23,0.00046685783
2020-12-24,0.0002680247
2020-12-25,-8.25316e-05
2020-12-28,1.3764011e-05
2020-12-29,-0.00059564126
2020-12-30,-0.000112016955
2020-12-31,-8.9502406e-05
2021-01-01,-0.00035266473
2021-01-04,-9.0406254e-05
2021-01-05,0.001066472
2021-01-06,0.00019696729
2021-01-07,-0.00027286704
2021-01-08,-0.0010930032
2021-01-11,-0.00094134494
2021-01-12,-9.012152e-06
2021-01-13,9.5949006e-05
2021-01-14,-4.473687e-05
2021-01-15,0.00035308767
2021-01-18,0.0008460306
2021-01-19,0.0005732271
2021-01-20,-0.00018191186
2021-01-21,-0.0009669273
2021-01-22,-0.0005386053
2021-01-25,4.9382503e-05
2021-01-26,-0.00013983197
2021-01-27,0.00013693009
2021-01-28,0.0020180887
2021-01-29,0.00061133335
2021-02-01,0.0019398701
2021-02-02,-0.000118888165
2021-02-03,-0.0010475585
2021-02-04,-0.0006158442
2021-02-05,-0.0010009352
2021-02-08,-0.0007496472
2021-02-09,-0.0008703253
2021-02-10,-0.00040568766
2021-02-11,-0.00013221207
2021-02-12,-0.00015206571
2021-02-15,-0.0004298953
2021-02-16,-0.00019222422
2021-02-17,5.3027117e-05
2021-02-18,0.00017076594
2021-02-19,0.0005767286
2021-02-22,0.0006209431
2021-02-23,0.0011152065
2021-02-24,0.000719872
2021-02-25,-0.00033625524
2021-02-26,0.0017387021
2021-03-01,0.0014632174
2021-03-02,-0.00094828784
2021-03-03,8.009071e-05
2021-03-04,0.0010899267
2021-03-05,0.0016329389
2021-03-08,-0.00043526763
2021-03-09,0.00013672732
2021-03-10,-0.0009693441
2021-03-11,-0.0009848612
2021-03-12,-0.0012240927
2021-03-15,-0.00076115615
2021-03-16,-0.00080837455
2021-03-17,-0.00032874919
2021-03-18,-0.00036861154
2021-03-19,0.0009589273
2021-03-22,0.0007808968
2021-03-23,-6.1684645e-05
2021-03-24,0.00067972887
2021-03-25,0.0009489055
2021-03-26,0.00021395634
2021-03-29,-0.00089477276
2021-03-30,-0.0003117409
2021-03-31,0.00014368485
2021-04-01,-0.00013860804
2021-04-02,-0.0008543961
2021-04-05,-0.0004279198
2021-04-06,-0.001227284
2021-04-07,-0.0006185037
2021-04-08,-0.0003822476
2021-04-09,-0.0004537885
2021-04-12,-0.00063071895
2021-04-13,-0.00025249296
2021-04-14,-0.00020897284
2021-04-15,0.000303815
2021-04-16,-0.00045907928
2021-04-19,-0.00036556757
2021-04-20,0.00031249085
2021-04-21,0.00086090725
2021-04-22,-0.00010538396
2021-04-23,0.00074156234
2021-04-26,-0.00024656468
2021-04-27,-0.00018610433
2021-04-28,4.3805285e-06
2021-04-29,0.00011911042
2021-04-30,-0.0003089183
2021-05-03,0.00039064325
2021-05-04,0.00016503321
2021-05-05,0.0006322418
2021-05-06,0.00040516845
2021-05-07,-0.00030389294
2021-05-10,-0.0006277931
2021-05-11,0.00045598124
2021-05-12,0.0010254269
2021-05-13,0.0023328958
2021-05-14,0.0004930647
2021-05-17,-0.0007925011
2021-05-18,-0.00022681436
2021-05-19,0.0005685099
2021-05-20,0.0006068973
2021-05-21,-0.0004488342
2021-05-24,-0.00015131012
2021-05-25,-0.0007996768
2021-05-26,-0.00026217225
2021-05-27,-0.00026113197
2021-05-28,-0.00012293115
2021-05-31,-0.00016481662
2021-06-01,-2.6936415e-05
2021-06-02,0.00010722197
2021-06-03,2.4009956e-05
2021-06-04,0.0004161655
2021-06-07,-0.000287182
2021-06-08,1.6798027e-05
2021-06-09,9.697893e-05
2021-06-10,0.0002156108
2021-06-11,-0.00012965011
2021-06-14,-7.244733e-05
2021-06-15,-0.00011493354
2021-06-16,0.00013695324
2021-06-17,0.0005588359
2021-06-18,0.00043079603
2021-06-21,0.0013322181
2021-06-22,-0.00022844272
2021-06-23,-0.00046897942
2021-06-24,-9.583121e-05
2021-06-25,-0.0004137681
2021-06-28,-0.000417075
2021-06-29,-0.00031292503
2021-06-30,-0.00015319907
2021-07-01,-8.5987595e-05
2021-07-02,-0.00041944336
2021-07-05,-0.0006976773
2021-07-06,-0.00033663417
2021-07-07,3.2715583e-05
2021-07-08,-0.000154223
2021-07-09,0.0006413104
2021-07-12,-0.00031166768
2021-07-13,-0.00030437188
2021-07-14,0.0002092949
2021-07-15,0.00012562677
2021-07-16,0.00044592595
2021-07-19,0.0009161046
2021-07-20,0.0017575073
2021-07-21,1.8910994e-05
2021-07-22,-0.00054372346
2021-07-23,-0.00038920244
2021-07-26,-0.0008640197
2021-07-27,-0.0006095041
2021-07-28,4.984176e-05
2021-07-29,0.00011055753
2021-07-30,-0.0001965409
2021-08-02,0.00032000992
2021-08-03,0.00040138204
2021-08-04,-0.00032228022
2021-08-05,0.00027288415
2021-08-06,-0.0002525929
2021-08-09,-0.00014337804
2021-08-10,0.0001108137
2021-08-11,8.9640664e-05
2021-08-12,-9.248301e-06
2021-08-13,-0.00012552284
2021-08-16,-0.00013496465
2021-08-17,-0.0002273412
2021-08-18,0.0004374965
2021-08-19,0.0011562199
2021-08-20,0.0006171904
2021-08-23,-0.00015640049
2021-08-24,-0.00063071254
2021-08-25,-0.00040898222
2021-08-26,-0.0002981114
2021-08-27,0.00037696434
2021-08-30,-0.00038599328
2021-08-31,-0.00049321755
2021-09-01,-8.880217e-05
2021-09-02,-3.6492656e-05
2021-09-03,-0.00017177011
2021-09-06,1.2088805e-06
2021-09-07,8.213499e-05
2021-09-08,0.00040893402
2021-09-09,0.0004301738
2021-09-10,0.0006837974
2021-09-13,0.0011072597
2021-09-14,0.00056532654
2021-09-15,0.00082048896
2021-09-16,-0.000106351545
2021-09-17,0.00010729918
2021-09-20,0.0008648223
2021-09-21,0.0018441612
2021-09-22,0.0011940508
2021-09-23,-3.9314942e-05
2021-09-24,-0.00096446363
2021-09-27,-0.0006591074
2021-09-28,-0.00012805802
2021-09-29,0.0014728578
2021-09-30,0.00074011844
2021-10-01,0.0013694011
2021-10-04,-0.00010454868
2021-10-05,0.00093717425
2021-10-06,-0.00021827273
2021-10-07,-0.00039593648
2021-10-08,-0.0008018881
2021-10-11,-0.00030298135
2021-10-12,0.00043196016
2021-10-13,0.00046998076
2021-10-14,6.684279e-05
2021-10-15,-0.0010825958
2021-10-18,-0.0010989537
2021-10-19,-0.0008512688
2021-10-20,-0.00096501753
2021-10-21,-0.0007218193
2021-10-22,-0.00044259388
2021-10-25,-4.627521e-05
2021-10-26,-0.0002479473
2021-10-27,-0.00012343028
2021-10-28,0.00040203833
2021-10-29,-0.0003796788
2021-11-01,-0.00020575529
2021-11-02,-0.0001372557
2021-11-03,-0.00022298639
2021-11-04,-0.0004033338
2021-11-05,-0.00039762812
2021-11-08,-0.00034969876
2021-11-09,-0.00016201352
2021-11-10,0.00024538915
2021-11-11,0.0008298397
2021-11-12,0.0005594489
2021-11-15,-0.0001490626
2021-11-16,-1.47422015e-05
2021-11-17,-0.0001876551
2021-11-18,0.00019595501
2021-11-19,-2.4852203e-05
2021-11-22,0.00021969822
2021-11-23,0.00044180243
2021-11-24,0.00023804122
2021-11-25,-1.30009485e-05
2021-11-26,6.534834e-05
2021-11-29,0.0017876301
2021-11-30,0.00015963045
2021-12-01,0.0016140259
2021-12-02,0.0018562278
2021-12-03,-3.0032888e-05
2021-12-06,0.00069230533
2021-12-07,-0.00042937318
2021-12-08,-0.0016214468
2021-12-09,-0.0011353771
2021-12-10,-0.00015729433
2021-12-13,-0.00076663255
2021-12-14,0.00022864834
2021-12-15,0.0006627546
2021-12-16,-0.00077805977
2021-12-17,0.00027557486
2021-12-20,0.0010302243
2021-12-21,0.0014911529
2021-12-22,-0.0003491203
2021-12-23,-0.0007061045
2021-12-24,-0.0006609796
2021-12-27,-0.0003300205
2021-12-28,-0.00097081315
2021-12-29,-0.0004914312
2021-12-30,-0.0003521791
2021-12-31,7.4419186e-05
2022-01-03,0.00024307298
2022-01-04,-0.00024532957
2022-01-05,1.0127778e-05
2022-01-06,0.0015687322
2022-01-07,0.001084936
2022-01-10,0.0010754645
2022-01-11,0.0008272742
2022-01-12,-0.00010952156
2022-01-13,-0.00011572074
2022-01-14,0.0010750555
2022-01-17,0.00066063507
2022-01-18,0.00037592172
2022-01-19,0.0015880298
2022-01-20,0.0017473191
2022-01-21,0.0018874633
2022-01-24,0.0030133568
2022-01-25,0.0011804458
2022-01-26,0.0015931153
2022-01-27,0.0011226966
2022-01-28,0.0010133842
2022-01-31,-0.001366548
2022-02-01,-0.00203754
2022-02-02,-0.0016522296
2022-02-03,-0.001788232
2022-02-04,0.00062407827
2022-02-07,-0.00012447312
2022-02-08,8.654786e-05
2022-02-09,-0.00056125066
2022-02-10,-0.0011482558
2022-02-11,0.0006882818
2022-02-14,0.0021210783
2022-02-15,0.0016074362
2022-02-16,-0.00012093038
2022-02-17,-2.179697e-05
2022-02-18,0.0017395426
2022-02-21,0.0016196559
2022-02-22,0.0010469628
2022-02-23,0.0014513806
2022-02-24,0.0025375118
2022-02-25,8.9648376e-05
2022-02-28,-0.001636422
2022-03-01,-0.00077174377
2022-03-02,0.000729302
2022-03-03,-0.0009151471
2022-03-04,-0.0002371996
2022-03-07,0.0004508053
2022-03-08,0.0028957003
2022-03-09,0.0020871672
2022-03-10,-0.0007769657
2022-03-11,-0.0001231723
2022-03-14,0.00089928653
2022-03-15,0.0011288722
2022-03-16,-0.0008387275
2022-03-17,-0.0018238192
2022-03-18,-0.001826924
2022-03-21,-0.0017237682
2022-03-22,-0.0009553509
2022-03-23,-0.0013437665
2022-03-24,9.8006996e-05
2022-03-25,-0.00096645573
2022-03-28,-0.000674952
2022-03-29,-0.0006697771
2022-03-30,-0.0010016712
2022-03-31,0.000112840375
2022-04-01,0.0014124598
2022-04-04,0.0008263008
2022-04-05,-2.2675295e-05
2022-04-06,0.001082082
2022-04-07,0.0016035533
2022-04-08,0.0007114809
2022-04-11,0.000707499
2022-04-12,0.0017868894
2022-04-13,0.0014093774
2022-04-14,8.002238e-06
2022-04-15,0.0009905595
2022-04-18,0.00063880754
2022-04-19,0.00034655398
2022-04-20,-0.0010129558
2022-04-21,-0.000597886
2022-04-22,0.0007789146
2022-04-25,0.0030367163
2022-04-26,0.0010157899
2022-04-27,0.003278088
2022-04-28,0.0014295765
2022-04-29,-0.00114113
2022-05-02,0.0021447015
2022-05-03,0.00087128376
2022-05-04,0.00015434962
2022-05-05,-0.002124813
2022-05-06,0.0013859823
2022-05-09,0.0012770979
2022-05-10,0.0041883825
2022-05-11,0.001633466
2022-05-12,0.0022163258
2022-05-13,0.0011583713
2022-05-16,-0.001240517
2022-05-17,-0.00045966264
2022-05-18,-0.0015453696
2022-05-19,0.0021298297
2022-05-20,0.0017327626
2022-05-23,0.0008847643
2022-05-24,-0.000966869
2022-05-25,-0.00013422244
2022-05-26,-0.0008166789
2022-05-27,-0.0016894701
2022-05-30,-0.0025251845
2022-05-31,-0.0014206932
2022-06-01,-0.0003698744
2022-06-02,0.00063614105
2022-06-03,-0.0008725485
2022-06-06,0.0008016059
2022-06-07,0.00026774552
2022-06-08,-0.00039225444
2022-06-09,0.00067064044
2022-06-10,0.0023695459
2022-06-13,0.0043209353
2022-06-14,0.0068154996
2022-06-15,0.0040546088
2022-06-16,0.0008960827
2022-06-17,0.0040070317
2022-06-20,0.002192238
2022-06-21,0.0011719906
2022-06-22,-0.0016768947
2022-06-23,-0.0009783561
2022-06-24,-0.0015782018
2022-06-27,-0.0033310421
2022-06-28,-0.002022308
2022-06-29,9.9561956e-05
2022-06-30,-0.00014928391
2022-07-01,0.00065381423
2022-07-04,-0.0004835658
2022-07-05,-7.725435e-05
2022-07-06,0.00015998859
2022-07-07,0.00016227321
2022-07-08,-0.0006328773
2022-07-11,-0.00017322937
2022-07-12,0.00080721267
2022-07-13,0.0012773636
2022-07-14,0.0013064286
2022-07-15,0.0009632917
2022-07-18,-0.0008673544
2022-07-19,0.00012826757
2022-07-20,-0.0016920327
2022-07-21,-0.0013559647
2022-07-22,-0.0013614873
2022-07-25,1.7977809e-05
2022-07-26,3.607108e-05
2022-07-27,0.0009584127
2022-07-28,-0.0012207653
2022-07-29,-0.0014486635
2022-08-01,-0.0016034907
2022-08-02,-0.000616935
2022-08-03,0.000235167
2022-08-04,-0.00074493483
2022-08-05,-0.0001636289
2022-08-08,0.00020373211
2022-08-09,0.00036546888
2022-08-10,0.00065091014
2022-08-11,-0.00096136593
2022-08-12,-0.00047471718
2022-08-15,-0.0011998985
2022-08-16,-0.00087082904
2022-08-17,-0.00046070083
2022-08-18,0.0004042411
2022-08-19,0.00018027784
2022-08-22,0.0012221193
2022-08-23,0.0024643696
2022-08-24,0.0016339282
2022-08-25,0.0007921831
2022-08-26,-0.00051120186
2022-08-29,0.0023987426
2022-08-30,0.0020552818
2022-08-31,0.002198748
2022-09-01,0.0019449164
2022-09-02,0.0009101746
2022-09-05,0.0013305083
2022-09-06,0.000720733
2022-09-07,0.00058681937
2022-09-08,-0.001134916
2022-09-09,-0.0012908553
2022-09-12,-0.0018589532
2022-09-13,-0.0018204143
2022-09-14,0.0023409196
2022-09-15,0.000876121
2022-09-16,0.0014196896
2022-09-19,0.0013734889
2022-09-20,0.00017853055
2022-09-21,0.0010186746
2022-09-22,0.002018007
2022-09-23,0.002000447
2022-09-26,0.002540925
2022-09-27,0.0023871404
2022-09-28,0.0015865762
2022-09-29,-0.00069707975
2022-09-30,0.0011766222
2022-10-03,0.0022523466
2022-10-04,-0.001103353
2022-10-05,-0.0030815133
2022-10-06,-0.0017434494
2022-10-07,-0.00033021264
2022-10-10,0.0020627163
2022-10-11,0.0018065688
2022-10-12,0.0013768756
2022-10-13,0.0010274093
2022-10-14,-0.0012566504
2022-10-17,0.0009733587
2022-10-18,-0.0010408829
2022-10-19,-0.0012233278
2022-10-20,-0.00018131558
2022-10-21,0.00062072196
2022-10-24,-0.0013334872
2022-10-25,-0.0015734462
2022-10-26,-0.0019197403
2022-10-27,-0.00051434914
2022-10-28,8.881193e-05
2022-10-31,-0.0015363753
2022-11-01,-0.00024024828
2022-11-02,0.00043493195
2022-11-03,0.002456756
2022-11-04,0.0023797355
2022-11-07,0.0003934315
2022-11-08,-0.0003592008
2022-11-09,-0.00047736434
2022-11-10,0.001391498
2022-11-11,-0.0027688202
2022-11-14,-0.002179555
2022-11-15,-0.0006110975
2022-11-16,-0.00086307916
2022-11-17,7.788222e-05
2022-11-18,0.00025137636
2022-11-21,-0.00014545745
2022-11-22,0.00028101716
2022-11-23,-0.0006022564
2022-11-24,-0.00060208974
2022-11-25,-0.00020140072
2022-11-28,0.00015964027
2022-11-29,0.0014849566
2022-11-30,0.0011864151
2022-12-01,-0.0014483387
2022-12-02,-0.0007555193
2022-12-05,-0.00024883333
2022-12-06,0.0013164446
2022-12-07,0.0019530464
2022-12-08,0.0012526893
2022-12-09,0.00022954962
2022-12-12,0.00079016143
2022-12-13,-0.0005662151
2022-12-14,-0.0007542789
2022-12-15,9.30388e-05
2022-12-16,0.0020039342
2022-12-19,0.0021955073
2022-12-20,0.0019238231
2022-12-21,0.0009976923
2022-12-22,-0.00056441996
2022-12-23,0.0007568781
2022-12-26,3.061289e-05
2022-12-27,-2.3816077e-05
2022-12-28,0.00025030688
2022-12-29,0.0011625198
2022-12-30,-0.0006655753
2023-01-02,-0.00015776494
2023-01-03,-0.000121669094
2023-01-04,0.00020115895
2023-01-05,-0.00049737375
2023-01-06,0.0005966394
2023-01-09,-0.0012776657
2023-01-10,-0.0005833611
2023-01-11,-0.0006398289
2023-01-12,-0.0010458274
2023-01-13,-0.00080374436
2023-01-16,-0.0006725677
2023-01-17,-0.00033837638
2023-01-18,3.8044902e-05
2023-01-19,0.0013593942
2023-01-20,0.0014233866
2023-01-23,-0.00043020456
2023-01-24,-0.0008856613
2023-01-25,-0.00033369375
2023-01-26,-0.00011612112
2023-01-27,-0.0006418585
2023-01-30,-0.0004255657
2023-01-31,0.0008059496
2023-02-01,-0.0005624232
2023-02-02,-0.0009650089
2023-02-03,-0.0014848411
2023-02-06,-2.3662584e-05
2023-02-07,0.0005243703
2023-02-08,-0.0005568594
2023-02-09,0.0006334615
2023-02-10,0.0011548877
2023-02-13,0.0006434893
2023-02-14,-0.00035328662
2023-02-15,-3.7680587e-05
2023-02-16,-0.00016992085
2023-02-17,0.0010205922
2023-02-20,0.00089847523
2023-02-21,0.00062266254
2023-02-22,0.0019508575
2023-02-23,0.001300635
2023-02-24,0.00039551733
2023-02-27,0.0010690143
2023-02-28,0.00035333345
2023-03-01,0.00050287694
2023-03-02,0.0006156849
2023-03-03,-0.0001739675
2023-03-06,-0.0012630053
2023-03-07,-0.0008181489
2023-03-08,0.00072189415
2023-03-09,0.00026840784
2023-03-10,0.0015112018
2023-03-13,0.0020164233
2023-03-14,0.0012676673
2023-03-15,-0.0004967746
2023-03-16,0.000259469
2023-03-17,-0.0010175969
2023-03-20,0.0003278521
2023-03-21,-0.00043364905
2023-03-22,-0.0011537365
2023-03-23,0.000607638
2023-03-24,0.00018408577
2023-03-27,-0.00040622527
2023-03-28,-0.00036011124
2023-03-29,-2.415339e-05
2023-03-30,-0.0010022386
2023-03-31,-0.0008529267
2023-04-03,-0.0011877129
2023-04-04,-0.00073825434
2023-04-05,3.840224e-05
2023-04-06,0.00038667727
2023-04-07,2.865126e-05
2023-04-10,9.333563e-05
2023-04-11,6.393802e-05
2023-04-12,0.00015835941
2023-04-13,0.000503469
2023-04-14,-0.00049576256
2023-04-17,-1.5488162e-05
2023-04-18,-0.00012737775
2023-04-19,5.138412e-05
2023-04-20,0.0001309442
2023-04-21,0.00058219087
2023-04-24,0.0003654356
2023-04-25,0.0001951122
2023-04-26,0.0013551916
2023-04-27,0.001181437
2023-04-28,-0.0007670103
2023-05-01,-0.0009155388
2023-05-02,-0.00038008176
2023-05-03,0.00070865825
2023-05-04,0.0010009904
2023-05-05,0.001180121
2023-05-08,-0.00068965467
2023-05-09,-0.0003868753
2023-05-10,0.00014887899
2023-05-11,-0.00023551699
2023-05-12,7.608125e-05
2023-05-15,0.00020071641
2023-05-16,-6.761141e-05
2023-05-17,0.0005446508
2023-05-18,-0.00052074145
2023-05-19,-0.00088345626
2023-05-22,-0.0003450351
2023-05-23,-0.00013306999
2023-05-24,0.00080912915
2023-05-25,0.001055705
2023-05-26,5.194748e-05
2023-05-29,-0.0007587438
2023-05-30,-0.0003498635
2023-05-31,-0.00014490163
2023-06-01,0.00041742998
2023-06-02,-0.00041665736
2023-06-05,-0.0010871846
2023-06-06,-0.00042934046
2023-06-07,-0.00033299468
2023-06-08,0.00017189892
2023-06-09,-0.0002716374
2023-06-12,-0.00020662142
2023-06-13,-0.000657296
2023-06-14,-0.0007464608
2023-06-15,-0.0003879742
2023-06-16,-0.0008594362
2023-06-19,-0.00014946953
2023-06-20,6.1774736e-05
2023-06-21,0.0005371406
2023-06-22,0.000789033
2023-06-23,0.00029578788
2023-06-26,0.0008758817
2023-06-27,0.0009345673
2023-06-28,-0.00017761468
2023-06-29,-5.789151e-05
2023-06-30,-0.00021972635
2023-07-03,-0.0008226401
2023-07-04,-0.0004921474
2023-07-05,-0.00020143471
2023-07-06,4.3388685e-05
2023-07-07,0.000662421
2023-07-10,0.0006014888
2023-07-11,0.0002005862
2023-07-12,-0.0003020533
2023-07-13,-0.0006642342
2023-07-14,-0.00076081086
2023-07-17,-0.00030087266
2023-07-18,-0.00029711402
2023-07-19,-0.0005810994
2023-07-20,-0.00041386683
2023-07-21,0.00036494728
2023-07-24,0.00027989096
2023-07-25,-0.0001156657
2023-07-26,-0.00017521373
2023-07-27,-2.006407e-05
2023-07-28,0.0005968808
2023-07-31,-0.00024764647
2023-08-01,-0.00014678726
2023-08-02,0.00026693672
2023-08-03,0.0013295966
2023-08-04,0.0010806276
2023-08-07,0.0010341443
2023-08-08,-1.5257921e-05
2023-08-09,0.0003670964
2023-08-10,0.0007845952
2023-08-11,0.00049747154
2023-08-14,0.0003731772
2023-08-15,-0.00016370177
2023-08-16,0.000836942
2023-08-17,0.0010901092
2023-08-18,0.0012199301
2023-08-21,0.00066680176
2023-08-22,-0.00011205124
2023-08-23,0.00014879092
2023-08-24,-0.00073709985
2023-08-25,0.00062544126
2023-08-28,-0.00011948392
2023-08-29,-0.00049725204
2023-08-30,-0.001216706
2023-08-31,-0.0009938421
2023-09-01,-0.00045802625
2023-09-04,-0.00037181558
2023-09-05,-0.00012784993
2023-09-06,0.00032473172
2023-09-07,0.0007661484
2023-09-08,0.0007760036
2023-09-11,0.00045165492
2023-09-12,-8.063435e-05
2023-09-13,0.00048254317
2023-09-14,0.00031000044
2023-09-15,-0.00037447177
2023-09-18,0.0007836574
2023-09-19,0.0005092047
2023-09-20,0.00050651876
2023-09-21,0.0010610777
2023-09-22,0.0019068451
2023-09-25,0.0012850071
2023-09-26,0.00042105035
2023-09-27,0.0013955069
2023-09-28,0.00083030463
2023-09-29,6.571461e-05
2023-10-02,0.00025240667
2023-10-03,0.00020792086
2023-10-04,0.0011435181
2023-10-05,8.015712e-05
2023-10-06,1.3234961e-05
2023-10-09,-0.0009447843
2023-10-10,-0.0010090997
2023-10-11,-0.00096922
2023-10-12,-0.000827738
2023-10-13,4.1873453e-05
2023-10-16,0.00043250332
2023-10-17,-0.00044668786
2023-10-18,-0.00014353904
2023-10-19,0.0010138305
2023-10-20,0.0013197064
2023-10-23,0.0017953573
2023-10-24,0.001292314
2023-10-25,0.00024054806
2023-10-26,0.0013110554
2023-10-27,0.0017957614
2023-10-30,0.0014842295
2023-10-31,-3.3790475e-06
2023-11-01,-0.0005210862
2023-11-02,-0.0011147704
2023-11-03,-0.002007287
2023-11-06,-0.0017915138
2023-11-07,-0.0012135154
2023-11-08,-0.00090690475
2023-11-09,-0.0005617705
2023-11-10,0.00028313595
2023-11-13,-0.00086474937
2023-11-14,-0.00024889346
2023-11-15,-0.0011485453
2023-11-16,-0.000599284
2023-11-17,-0.00023890083
2023-11-20,-6.243765e-05
2023-11-21,-0.00034771796
2023-11-22,0.00014959362
2023-11-23,-4.6702426e-05
2023-11-24,0.00010258011
2023-11-27,0.0001227512
2023-11-28,0.00032984323
2023-11-29,0.00022573349
2023-11-30,0.00029870766
2023-12-01,2.0871661e-05
2023-12-04,-0.00028886303
2023-12-05,0.0003585402
2023-12-06,0.0003448848
2023-12-07,0.0006026618
2023-12-08,-0.00017788005
2023-12-11,-0.00034881989
2023-12-12,-0.00044402602
2023-12-13,-0.00049329834
2023-12-14,-0.0011251791
2023-12-15,-0.000802176
2023-12-18,-0.00028210983
2023-12-19,-0.00046479428
2023-12-20,-0.00060265244
2023-12-21,0.0007860324
2023-12-22,-0.00015471358
2023-12-25,-0.00011546806
2023-12-26,5.3308726e-05
2023-12-27,-0.00015252142
2023-12-28,-8.871518e-05
2023-12-29,6.790092e-05
2024-01-01,0.0004120953
2024-01-02,0.000358774
2024-01-03,0.0007389296
2024-01-04,0.0011270302
2024-01-05,0.00098191
2024-01-08,0.0005285242
2024-01-09,-0.00072463014
2024-01-10,-0.0002497633
2024-01-11,-0.00047620403
2024-01-12,-0.00016199134
2024-01-15,-8.9421526e-05
2024-01-16,1.0428654e-05
2024-01-17,0.00034787063
2024-01-18,0.00062636705
2024-01-19,-0.0002646041
2024-01-22,-0.0009662152
2024-01-23,-0.00064660684
2024-01-24,-0.000481117
2024-01-25,-0.00025185605
2024-01-26,-0.0004138933
2024-01-29,-3.512341e-05
2024-01-30,-0.0004722327
2024-01-31,-0.000119540266
2024-02-01,0.0012411384
2024-02-02,-0.00019720756
2024-02-05,-0.00076901464
2024-02-06,-6.1080245e-05
2024-02-07,-0.00013383082
2024-02-08,-0.0005224211
2024-02-09,-0.00022301398
2024-02-12,-0.0004239375
2024-02-13,-0.000100191544
2024-02-14,0.0010699589
2024-02-15,-6.5223194e-06
2024-02-16,-0.00044320466
2024-02-19,0.00022729709
2024-02-20,0.00023315234
2024-02-21,0.00065715984
2024-02-22,0.00041240657
2024-02-23,-0.0010969659
2024-02-26,-0.0006172283
2024-02-27,2.9564713e-05
2024-02-28,-1.878193e-05
2024-02-29,0.00012511048
2024-03-01,-0.00012360245
2024-03-04,-0.00066938874
2024-03-05,-0.00024634978
2024-03-06,0.0006923112
2024-03-07,0.00012099579
2024-03-08,-0.0005538436
2024-03-11,0.00024577728
2024-03-12,0.00032594817
2024-03-13,-0.00054092484
2024-03-14,-7.797033e-05
2024-03-15,0.00022834285
2024-03-18,0.0007428083
2024-03-19,6.5322114e-05
2024-03-20,-0.0003266653
2024-03-21,-0.000799157
2024-03-22,-0.00057041016
2024-03-25,-9.5225296e-05
2024-03-26,0.00023880099
2024-03-27,0.0003641591
2024-03-28,-0.00035078684
2024-03-29,-0.00010046876
2024-04-01,5.727453e-05
2024-04-02,0.0002675405
2024-04-03,0.0007067199
2024-04-04,0.00041898643
2024-04-05,0.0012787203
2024-04-08,2.822684e-05
2024-04-09,4.6314843e-05
2024-04-10,4.7317353e-05
2024-04-11,0.00086992653
2024-04-12,1.4287017e-06
2024-04-15,0.0010717202
2024-04-16,0.0016195755
2024-04-17,0.001111686
2024-04-18,0.0011274132
2024-04-19,0.0008408662
2024-04-22,0.0011716016
2024-04-23,-1.3270741e-05
2024-04-24,-0.0009158579
2024-04-25,-0.0004648578
2024-04-26,4.2754018e-05
2024-04-29,-0.0006765107
2024-04-30,-0.0006544032
2024-05-01,0.0007987913
2024-05-02,0.00070190465
2024-05-03,-0.00034352363
2024-05-06,-0.0010010983
2024-05-07,-0.001153239
2024-05-08,-0.0006192526
2024-05-09,-0.0002837961
2024-05-10,-0.0003795328
2024-05-13,-0.00021969457
2024-05-14,-4.237224e-05
2024-05-15,-0.00025397737
2024-05-16,-0.0008745235
2024-05-17,-0.0002852172
2024-05-20,-0.00018554332
2024-05-21,-6.2932064e-05
2024-05-22,-6.0969385e-05
2024-05-23,0.00032220196
2024-05-24,0.00086270156
2024-05-27,0.00015315533
2024-05-28,0.0002342858
2024-05-29,0.00016899647
2024-05-30,0.00070854044
2024-05-31,0.0010062464
2024-06-03,-1.34208585e-05
2024-06-04,2.2391958e-05
2024-06-05,6.74504e-06
2024-06-06,-0.0008087174
2024-06-07,-0.0004042891
2024-06-10,-8.4670675e-05
2024-06-11,-0.00024011632
2024-06-12,-0.0002736809
2024-06-13,-0.0006740494
2024-06-14,-0.00047273585
2024-06-17,-0.0002337987
2024-06-18,-0.0005916517
2024-06-19,-0.00040700496
2024-06-20,-0.00012705795
2024-06-21,0.00023392067
2024-06-24,0.00037385672
2024-06-25,0.0005897734
2024-06-26,0.00018063889
2024-06-27,0.000116636125
2024-06-28,4.0117648e-05
2024-07-01,0.00043820532
2024-07-02,0.00019882563
2024-07-03,-0.0003053294
2024-07-04,-0.00040133228
2024-07-05,-0.00014364463
2024-07-08,-0.00044533348
2024-07-09,-0.00027401047
2024-07-10,-0.0001692907
2024-07-11,-0.0007355698
2024-07-12,0.0002880078
2024-07-15,-0.00023507013
2024-07-16,-0.0002306939
2024-07-17,-0.00044305023
2024-07-18,0.00090734416
2024-07-19,0.0012155185
2024-07-22,0.0013143768
2024-07-23,6.6328495e-05
2024-07-24,0.00025137645
2024-07-25,0.001962633
2024-07-26,0.0016503888
2024-07-29,0.00015626807
2024-07-30,7.073391e-05
2024-07-31,0.0004696749
2024-08-01,-0.0009189046
2024-08-02,0.00053929345
2024-08-05,0.0017794169
2024-08-06,0.004248748
2024-08-07,0.0011699054
2024-08-08,0.0011463732
2024-08-09,-0.0011542357
2024-08-12,-0.0009803232
2024-08-13,-0.0005769575
2024-08-14,-0.0013632519
2024-08-15,-0.0010296924
2024-08-16,-0.0017308393
2024-08-19,-0.0011769587
2024-08-20,-0.0012414682
2024-08-21,-0.0005595002
2024-08-22,-0.0005691467
2024-08-23,0.00032266023
2024-08-26,-0.00039730442
2024-08-27,0.000121358775
2024-08-28,0.00016915429
2024-08-29,0.00081516994
2024-08-30,0.00067898893
2024-09-02,-0.00013870327
2024-09-03,2.0879927e-05
2024-09-04,0.0017113853
2024-09-05,0.001255703
2024-09-06,0.0010198414
2024-09-09,0.0019557974
2024-09-10,0.00031671108
2024-09-11,-0.00012278144
2024-09-12,-0.0008312745
2024-09-13,-0.001017608
2024-09-16,-0.0009267553
2024-09-17,-0.0006008903
2024-09-18,-0.000356058
2024-09-19,4.5032877e-05
2024-09-20,-0.001192683
2024-09-23,-0.00051344716
2024-09-24,-0.00041609525
2024-09-25,-0.0003386889
2024-09-26,7.5049895e-05
2024-09-27,-0.00011435545
2024-09-30,0.0002390495
2024-10-01,2.9142358e-05
2024-10-02,0.0008105839
2024-10-03,0.00058076077
2024-10-04,0.0006008536
2024-10-07,-0.00027349632
2024-10-08,0.00061799015
2024-10-09,-0.00027297635
2024-10-10,-0.00058788405
2024-10-11,-0.00011539291
2024-10-14,-0.00042843434
2024-10-15,-0.0007619933
2024-10-16,0.00019405164
2024-10-17,-0.00017495785
2024-10-18,-1.1268921e-05
2024-10-21,-0.00022530789
2024-10-22,8.396437e-05
2024-10-23,0.00019112184
2024-10-24,0.00089832663
2024-10-25,0.0004716634
2024-10-28,0.00040626223
2024-10-29,0.0001235537
2024-10-30,3.677551e-05
2024-10-31,0.00034269242
2024-11-01,0.0017608614
2024-11-04,0.00079232175
2024-11-05,0.0006382196
2024-11-06,-0.0005118617
2024-11-07,-0.0019186055
2024-11-08,-0.0015764921
2024-11-11,-0.0011494717
2024-11-12,-0.0006647254
2024-11-13,-0.00013288826
2024-11-14,-5.660032e-05
2024-11-15,0.0005144866
2024-11-18,0.0013513532
2024-11-19,0.0005670658
2024-11-20,0.00017262789
2024-11-21,0.00018392589
2024-11-22,-0.00015055726
2024-11-25,-0.00016466819
2024-11-26,-0.00018415606
2024-11-27,-0.00033843576
2024-11-28,0.00015040877
2024-11-29,0.00012151739
2024-12-02,-0.00036704633
2024-12-03,-0.00035111327
2024-12-04,-0.00021652214
2024-12-05,-0.00050358067
2024-12-06,-6.451773e-05
2024-12-09,-6.0640978e-05
2024-12-10,0.0004797796
2024-12-11,0.00063074287
2024-12-12,-8.8892535e-05
2024-12-13,0.00044428138
2024-12-16,0.00034654437
2024-12-17,-2.9665976e-05
2024-12-18,0.00038260443
2024-12-19,0.0027393599
2024-12-20,0.0016082523
2024-12-23,5.9991693e-05
2024-12-24,-0.0003857648
2024-12-25,-0.0009603479
2024-12-26,-0.00053139706
2024-12-27,-0.0002701917
2024-12-30,0.00068081886
2024-12-31,0.001281805
2025-01-01,0.0010232837
2025-01-02,0.00060580845
2025-01-03,0.0005463732
2025-01-06,-0.0005960067
2025-01-07,-0.0007157127
2025-01-08,0.00048563318
2025-01-09,0.00026795876
2025-01-10,0.00022332965
2025-01-13,0.0013559364
2025-01-14,0.0007532323
2025-01-15,0.0003828678
2025-01-16,-0.0011711331
2025-01-17,-0.00055461336
2025-01-20,-0.0009823383
2025-01-21,-0.0005176656
2025-01-22,-0.0008164732
2025-01-23,-0.0007537555
2025-01-24,-0.00069639675
2025-01-27,-0.00013717153
2025-01-28,0.001044458
2025-01-29,2.3205468e-05
2025-01-30,0.00044236207
2025-01-31,-5.609007e-05
2025-02-03,0.000523359
2025-02-04,0.0009756168
2025-02-05,0.00018531791
2025-02-06,-5.8695154e-05
2025-02-07,-0.00016456714
2025-02-10,0.0006653303
2025-02-11,-5.9920105e-05
2025-02-12,-5.86726e-05
2025-02-13,0.0002753387
2025-02-14,-0.0006129274
2025-02-17,-0.00029644725
2025-02-18,-0.00012996799
2025-02-19,-0.00022243179
2025-02-20,-0.00021686789
2025-02-21,0.0002954003
2025-02-24,0.0015552596
2025-02-25,0.0013021211
2025-02-26,0.001222068
2025-02-27,0.0007337044
2025-02-28,0.0017258218
2025-03-03,-0.00011559562
2025-03-04,0.0012911536
2025-03-05,0.0017330653
2025-03-06,0.00023432296
2025-03-07,0.001498597
2025-03-10,0.0004272282
2025-03-11,0.0025914458
2025-03-12,0.0021602728
2025-03-13,0.0006302042
2025-03-14,0.0013125648
2025-03-17,-0.0008877966
2025-03-18,-0.0011427965
2025-03-19,0.0001274883
2025-03-20,-0.0007459706
2025-03-21,-0.00022158725
2025-03-24,-0.00022168818
2025-03-25,-0.0014205546
2025-03-26,-0.0010012339
2025-03-27,0.00032342257
2025-03-28,0.00038441736
2025-03-31,0.0019495338
2025-04-01,0.0006300449
2025-04-02,0.00022975361
2025-04-03,-0.00016442046
2025-04-04,0.0043749204
2025-04-07,0.009077599
2025-04-08,0.0059945723
2025-04-09,0.0051024165
2025-04-10,-0.0055549648
2025-04-11,-0.00049335434
2025-04-14,-0.0014993798
2025-04-15,-0.0016195099
2025-04-16,-0.0009906909
2025-04-17,0.0010821868
2025-04-18,0.00015536533
2025-04-21,-0.00013831939
2025-04-22,0.0018569438
2025-04-23,-0.0009525314
2025-04-24,-0.0014137406
2025-04-25,-0.0017739132
2025-04-28,-0.0013141175
2025-04-29,-0.0005167078
2025-04-30,-0.00040898076
2025-05-01,4.3066477e-05
2025-05-02,-0.00043872587
2025-05-05,-0.0013041516
2025-05-06,-0.0003408644
2025-05-07,0.0004287949
2025-05-08,0.00026608518
2025-05-09,-0.00025117793
2025-05-12,0.00016552245
2025-05-13,-0.0016492
2025-05-14,-0.0011387692
2025-05-15,-0.00063207693
2025-05-16,-0.0005366574
2025-05-19,-0.00061059505
2025-05-20,-0.0004007896
2025-05-21,0.0001383447
2025-05-22,0.0014616865
2025-05-23,0.0009620898
2025-05-26,0.0012131212
2025-05-27,0.0008326747
2025-05-28,-0.000845374
2025-05-29,3.304533e-05
2025-05-30,-0.00011108415
2025-06-02,0.0002012668
2025-06-03,-0.00019219232
2025-06-04,-0.0004865534
2025-06-05,-0.00022411457
2025-06-06,0.00025634837
2025-06-09,-0.0006442408
2025-06-10,-0.00036031305
2025-06-11,-0.0005488087
2025-06-12,-1.9193749e-05
2025-06-13,-0.00019301748
2025-06-16,0.0008728532
2025-06-17,-6.820207e-05
2025-06-18,0.000738511
2025-06-19,0.00052438607
2025-06-20,0.00040470736
2025-06-23,0.00048278098
2025-06-24,-0.00040100556
2025-06-25,-0.00087360566
2025-06-26,-0.00049835205
2025-06-27,-0.00075549615
2025-06-30,-0.00072771526
2025-07-01,-0.00068776385
2025-07-02,-0.00030063046
2025-07-03,-0.00044153252
2025-07-04,-0.0007396943
2025-07-07,-0.00032216392
2025-07-08,0.0004861644
2025-07-09,0.00046476535
2025-07-10,-4.3999262e-05
2025-07-11,-7.302449e-05
2025-07-14,0.00034653462
2025-07-15,0.00022632736
2025-07-16,0.0005767989
2025-07-17,0.00019971738
2025-07-18,-0.0002492874
2025-07-21,-1.7651566e-05
2025-07-22,-6.8601694e-05
2025-07-23,3.8450726e-05
2025-07-24,-0.00055633544
2025-07-25,-0.00026911136
2025-07-28,-0.00039636053
2025-07-29,-0.00012567482
2025-07-30,0.00019906652
2025-07-31,0.00029543167
2025-08-01,0.0005596802
2025-08-04,0.0016614231
2025-08-05,-0.00011844637
2025-08-06,0.00038885424
2025-08-07,-0.00025205896
2025-08-08,2.3222377e-05
2025-08-11,-0.00048609218
2025-08-12,-4.4429882e-05
2025-08-13,-0.00075565494
2025-08-14,-0.0006338276
2025-08-15,-0.00031055073
2025-08-18,4.504705e-05
2025-08-19,9.2461436e-05
2025-08-20,0.00051330903
2025-08-21,0.0005815791
2025-08-22,0.0007269122
2025-08-25,-0.00058142387
2025-08-26,9.5531075e-05
2025-08-27,-0.00013294385
2025-08-28,-0.00011877571
2025-08-29,-0.0002248903
2025-09-01,0.00036844626
2025-09-02,0.00030886361
2025-09-03,0.00078433886
2025-09-04,0.00010144966
2025-09-05,-0.00053325086
2025-09-08,-1.948796e-05
2025-09-09,-0.00013669924
2025-09-10,-0.00015257328
2025-09-11,-0.00020377862
2025-09-12,-0.00061286165
2025-09-15,-0.00024760386
2025-09-16,-0.00044162554
2025-09-17,-7.636709e-05
2025-09-18,0.00011890061
2025-09-19,-0.00022555492
2025-09-22,-0.00038563542
2025-09-23,-0.00047221163
2025-09-24,0.00024971628
2025-09-25,0.0005060506
2025-09-26,0.0007717606
2025-09-29,0.00011708345
2025-09-30,-3.7604423e-05
2025-10-01,-0.00022356841
2025-10-02,-0.00028291054
2025-10-03,-0.00013464497
2025-10-06,8.778612e-06
2025-10-07,-0.00018293451
2025-10-08,0.00024720904
2025-10-09,-0.00023867353
2025-10-10,0.00016726175
2025-10-13,0.0022617895
2025-10-14,0.00019846433
2025-10-15,0.00026471063
2025-10-16,-0.000119139535
2025-10-17,0.00053189666
2025-10-20,-2.2840051e-05
2025-10-21,-0.0006767691
2025-10-22,-0.00033054285
2025-10-23,0.00025859088
2025-10-24,-0.0002688715
2025-10-27,-0.0007260736
2025-10-28,-0.001171049
2025-10-29,-0.00080955465
2025-10-30,-0.00043601182
2025-10-31,0.0006565411
2025-11-03,0.00022409999
2025-11-04,0.00011206813
2025-11-05,0.001069564
2025-11-06,0.0005054604
2025-11-07,0.001236044
