Date,VNQ_xgb_proba
2015-01-01,0.4809676
2015-01-02,0.44364095
2015-01-05,0.4326172
2015-01-06,0.53965557
2015-01-07,0.36245894
2015-01-08,0.4031002
2015-01-09,0.41490608
2015-01-12,0.49540842
2015-01-13,0.48423386
2015-01-14,0.63741857
2015-01-15,0.5186263
2015-01-16,0.5577339
2015-01-19,0.5909001
2015-01-20,0.5208242
2015-01-21,0.5137538
2015-01-22,0.5297468
2015-01-23,0.43259972
2015-01-26,0.5932521
2015-01-27,0.53654426
2015-01-28,0.54456735
2015-01-29,0.4977283
2015-01-30,0.6451427
2015-02-02,0.45595038
2015-02-03,0.4812878
2015-02-04,0.62542844
2015-02-05,0.589907
2015-02-06,0.5520951
2015-02-09,0.65812445
2015-02-10,0.50571454
2015-02-11,0.29600984
2015-02-12,0.38131094
2015-02-13,0.5261368
2015-02-16,0.6325799
2015-02-17,0.37342495
2015-02-18,0.5727233
2015-02-19,0.5105462
2015-02-20,0.40666628
2015-02-23,0.41854694
2015-02-24,0.55133927
2015-02-25,0.5102388
2015-02-26,0.4560508
2015-02-27,0.4695138
2015-03-02,0.66181487
2015-03-03,0.52732474
2015-03-04,0.47018147
2015-03-05,0.46861428
2015-03-06,0.60304
2015-03-09,0.5056813
2015-03-10,0.4718487
2015-03-11,0.51195335
2015-03-12,0.5625582
2015-03-13,0.45458058
2015-03-16,0.39570943
2015-03-17,0.40463325
2015-03-18,0.41177404
2015-03-19,0.37608796
2015-03-20,0.42860538
2015-03-23,0.43820494
2015-03-24,0.47019574
2015-03-25,0.49795538
2015-03-26,0.5473369
2015-03-27,0.47090012
2015-03-30,0.5584482
2015-03-31,0.53671896
2015-04-01,0.48396724
2015-04-02,0.61047006
2015-04-03,0.5438399
2015-04-06,0.45673606
2015-04-07,0.48185557
2015-04-08,0.4431663
2015-04-09,0.24364272
2015-04-10,0.36577022
2015-04-13,0.35201752
2015-04-14,0.621942
2015-04-15,0.41352853
2015-04-16,0.46858218
2015-04-17,0.5578077
2015-04-20,0.5969671
2015-04-21,0.55169934
2015-04-22,0.56687826
2015-04-23,0.5986652
2015-04-24,0.59337044
2015-04-27,0.5393426
2015-04-28,0.6291172
2015-04-29,0.60334915
2015-04-30,0.4725594
2015-05-01,0.4327552
2015-05-04,0.44153458
2015-05-05,0.4009909
2015-05-06,0.53328
2015-05-07,0.42385092
2015-05-08,0.3173521
2015-05-11,0.4481366
2015-05-12,0.3470964
2015-05-13,0.38141492
2015-05-14,0.43197557
2015-05-15,0.5214798
2015-05-18,0.49380016
2015-05-19,0.41577935
2015-05-20,0.4615051
2015-05-21,0.48873302
2015-05-22,0.5889239
2015-05-25,0.5940722
2015-05-26,0.61506206
2015-05-27,0.47952917
2015-05-28,0.51754445
2015-05-29,0.63368386
2015-06-01,0.4151328
2015-06-02,0.41025466
2015-06-03,0.38594496
2015-06-04,0.44479972
2015-06-05,0.3495364
2015-06-08,0.47039402
2015-06-09,0.5132277
2015-06-10,0.4962546
2015-06-11,0.57583
2015-06-12,0.60906875
2015-06-15,0.446383
2015-06-16,0.63531196
2015-06-17,0.5554727
2015-06-18,0.6309726
2015-06-19,0.44670504
2015-06-22,0.36673224
2015-06-23,0.5044659
2015-06-24,0.5865009
2015-06-25,0.48368242
2015-06-26,0.6174347
2015-06-29,0.52765507
2015-06-30,0.44291443
2015-07-01,0.45342377
2015-07-02,0.37778533
2015-07-03,0.68415534
2015-07-06,0.63705444
2015-07-07,0.3749596
2015-07-08,0.56727564
2015-07-09,0.43740705
2015-07-10,0.35264856
2015-07-13,0.47110936
2015-07-14,0.5612115
2015-07-15,0.40363976
2015-07-16,0.56649816
2015-07-17,0.46209168
2015-07-20,0.6819283
2015-07-21,0.5763053
2015-07-22,0.6379096
2015-07-23,0.57022583
2015-07-24,0.5869579
2015-07-27,0.6708443
2015-07-28,0.62284267
2015-07-29,0.6529985
2015-07-30,0.5915592
2015-07-31,0.6085709
2015-08-03,0.49259874
2015-08-04,0.5025752
2015-08-05,0.3662334
2015-08-06,0.68635356
2015-08-07,0.41707617
2015-08-10,0.3061976
2015-08-11,0.5136095
2015-08-12,0.46541807
2015-08-13,0.46806747
2015-08-14,0.43848747
2015-08-17,0.47423884
2015-08-18,0.5469982
2015-08-19,0.54964626
2015-08-20,0.50555754
2015-08-21,0.48687336
2015-08-24,0.62185204
2015-08-25,0.4575745
2015-08-26,0.5844516
2015-08-27,0.4890249
2015-08-28,0.60671526
2015-08-31,0.53772813
2015-09-01,0.5842213
2015-09-02,0.4967291
2015-09-03,0.5531801
2015-09-04,0.647056
2015-09-07,0.5857906
2015-09-08,0.5413263
2015-09-09,0.64327866
2015-09-10,0.66782266
2015-09-11,0.4297308
2015-09-14,0.59526116
2015-09-15,0.49629575
2015-09-16,0.4797733
2015-09-17,0.5201613
2015-09-18,0.43250102
2015-09-21,0.53611237
2015-09-22,0.4889925
2015-09-23,0.4865395
2015-09-24,0.6244948
2015-09-25,0.5445203
2015-09-28,0.41996172
2015-09-29,0.4420147
2015-09-30,0.4121197
2015-10-01,0.47584534
2015-10-02,0.47193262
2015-10-05,0.3411565
2015-10-06,0.5775875
2015-10-07,0.34510517
2015-10-08,0.40233696
2015-10-09,0.4800292
2015-10-12,0.45280278
2015-10-13,0.60045445
2015-10-14,0.42019612
2015-10-15,0.45896134
2015-10-16,0.59653103
2015-10-19,0.5164359
2015-10-20,0.5240426
2015-10-21,0.46407866
2015-10-22,0.43699935
2015-10-23,0.45309797
2015-10-26,0.5118266
2015-10-27,0.63735527
2015-10-28,0.543484
2015-10-29,0.58212066
2015-10-30,0.47549152
2015-11-02,0.5247089
2015-11-03,0.3344628
2015-11-04,0.5150143
2015-11-05,0.7077667
2015-11-06,0.6005089
2015-11-09,0.5835748
2015-11-10,0.313312
2015-11-11,0.4211212
2015-11-12,0.4769373
2015-11-13,0.5310598
2015-11-16,0.45023435
2015-11-17,0.53530616
2015-11-18,0.62066483
2015-11-19,0.45991495
2015-11-20,0.47095183
2015-11-23,0.41640252
2015-11-24,0.39377537
2015-11-25,0.36339256
2015-11-26,0.49498093
2015-11-27,0.6899363
2015-11-30,0.5983991
2015-12-01,0.39388064
2015-12-02,0.49537307
2015-12-03,0.5549257
2015-12-04,0.22652261
2015-12-07,0.3318085
2015-12-08,0.2865544
2015-12-09,0.51008034
2015-12-10,0.4876052
2015-12-11,0.41534334
2015-12-14,0.58174735
2015-12-15,0.60213745
2015-12-16,0.38615653
2015-12-17,0.48565534
2015-12-18,0.4476271
2015-12-21,0.46151564
2015-12-22,0.6123227
2015-12-23,0.6188229
2015-12-24,0.5618768
2015-12-25,0.5640518
2015-12-28,0.6064056
2015-12-29,0.5390564
2015-12-30,0.525421
2015-12-31,0.5030039
2016-01-01,0.57867473
2016-01-04,0.43061897
2016-01-05,0.55518067
2016-01-06,0.4396335
2016-01-07,0.47532082
2016-01-08,0.48712993
2016-01-11,0.37568802
2016-01-12,0.49341896
2016-01-13,0.4924441
2016-01-14,0.48376834
2016-01-15,0.29017356
2016-01-18,0.4317544
2016-01-19,0.52828616
2016-01-20,0.30433643
2016-01-21,0.65285885
2016-01-22,0.49619994
2016-01-25,0.5808977
2016-01-26,0.46207595
2016-01-27,0.3420561
2016-01-28,0.45874584
2016-01-29,0.38112766
2016-02-01,0.43486708
2016-02-02,0.5360293
2016-02-03,0.4691037
2016-02-04,0.50791955
2016-02-05,0.5951674
2016-02-08,0.6006584
2016-02-09,0.60879916
2016-02-10,0.5767194
2016-02-11,0.62418133
2016-02-12,0.3499944
2016-02-15,0.58393955
2016-02-16,0.41615444
2016-02-17,0.52596116
2016-02-18,0.52038056
2016-02-19,0.5179309
2016-02-22,0.45222327
2016-02-23,0.37353525
2016-02-24,0.5824539
2016-02-25,0.49042135
2016-02-26,0.4383329
2016-02-29,0.56574
2016-03-01,0.49457225
2016-03-02,0.5328993
2016-03-03,0.5676798
2016-03-04,0.5229762
2016-03-07,0.41860366
2016-03-08,0.3608556
2016-03-09,0.251862
2016-03-10,0.45319828
2016-03-11,0.6366771
2016-03-14,0.43986422
2016-03-15,0.42098084
2016-03-16,0.32456753
2016-03-17,0.47010025
2016-03-18,0.44349366
2016-03-21,0.45171672
2016-03-22,0.33348355
2016-03-23,0.40351355
2016-03-24,0.6830948
2016-03-25,0.59973204
2016-03-28,0.40657774
2016-03-29,0.43750852
2016-03-30,0.4761959
2016-03-31,0.53587955
2016-04-01,0.49901357
2016-04-04,0.53776467
2016-04-05,0.52483004
2016-04-06,0.5820984
2016-04-07,0.5195086
2016-04-08,0.7178457
2016-04-11,0.58875203
2016-04-12,0.5999504
2016-04-13,0.5581371
2016-04-14,0.44391474
2016-04-15,0.73357874
2016-04-18,0.55190086
2016-04-19,0.6932084
2016-04-20,0.50862557
2016-04-21,0.4658764
2016-04-22,0.32174295
2016-04-25,0.26332378
2016-04-26,0.7383597
2016-04-27,0.69613314
2016-04-28,0.6135191
2016-04-29,0.4678363
2016-05-02,0.51720756
2016-05-03,0.48074841
2016-05-04,0.39566398
2016-05-05,0.43433845
2016-05-06,0.52746236
2016-05-09,0.3757628
2016-05-10,0.5491809
2016-05-11,0.5556954
2016-05-12,0.49851087
2016-05-13,0.41396827
2016-05-16,0.43265492
2016-05-17,0.51508564
2016-05-18,0.49685642
2016-05-19,0.26633516
2016-05-20,0.21158455
2016-05-23,0.39203477
2016-05-24,0.5875862
2016-05-25,0.5151768
2016-05-26,0.50325793
2016-05-27,0.43944824
2016-05-30,0.44535112
2016-05-31,0.48150608
2016-06-01,0.58300877
2016-06-02,0.607915
2016-06-03,0.5222256
2016-06-06,0.52521455
2016-06-07,0.4756076
2016-06-08,0.7312689
2016-06-09,0.67719007
2016-06-10,0.4803872
2016-06-13,0.7168615
2016-06-14,0.47511598
2016-06-15,0.5041897
2016-06-16,0.50175804
2016-06-17,0.5153212
2016-06-20,0.3607613
2016-06-21,0.44769156
2016-06-22,0.733704
2016-06-23,0.6384168
2016-06-24,0.46983075
2016-06-27,0.50864637
2016-06-28,0.39116716
2016-06-29,0.54791605
2016-06-30,0.6171288
2016-07-01,0.52671903
2016-07-04,0.4348661
2016-07-05,0.4256902
2016-07-06,0.5293392
2016-07-07,0.5111378
2016-07-08,0.39499447
2016-07-11,0.53544354
2016-07-12,0.6726946
2016-07-13,0.537563
2016-07-14,0.46832055
2016-07-15,0.47508973
2016-07-18,0.6904266
2016-07-19,0.71735746
2016-07-20,0.6717592
2016-07-21,0.64755327
2016-07-22,0.5854887
2016-07-25,0.6298188
2016-07-26,0.53758174
2016-07-27,0.5109675
2016-07-28,0.45817325
2016-07-29,0.69735336
2016-08-01,0.63415056
2016-08-02,0.52205503
2016-08-03,0.41702747
2016-08-04,0.6389737
2016-08-05,0.45011744
2016-08-08,0.51810527
2016-08-09,0.46221313
2016-08-10,0.5479118
2016-08-11,0.4697578
2016-08-12,0.58815914
2016-08-15,0.6077113
2016-08-16,0.3747638
2016-08-17,0.7042498
2016-08-18,0.5518476
2016-08-19,0.5708098
2016-08-22,0.8145064
2016-08-23,0.521959
2016-08-24,0.4568364
2016-08-25,0.59275323
2016-08-26,0.46106574
2016-08-29,0.3891009
2016-08-30,0.66319484
2016-08-31,0.5561166
2016-09-01,0.39544454
2016-09-02,0.60712045
2016-09-05,0.683274
2016-09-06,0.6199259
2016-09-07,0.43579906
2016-09-08,0.49699762
2016-09-09,0.48081046
2016-09-12,0.54710495
2016-09-13,0.5718186
2016-09-14,0.5303534
2016-09-15,0.3893649
2016-09-16,0.60019046
2016-09-19,0.56814325
2016-09-20,0.5040913
2016-09-21,0.49475753
2016-09-22,0.40198973
2016-09-23,0.4395756
2016-09-26,0.455997
2016-09-27,0.60751605
2016-09-28,0.43245882
2016-09-29,0.64422435
2016-09-30,0.56987333
2016-10-03,0.6851248
2016-10-04,0.58899033
2016-10-05,0.44139147
2016-10-06,0.6922126
2016-10-07,0.4380043
2016-10-10,0.52585906
2016-10-11,0.4642794
2016-10-12,0.292416
2016-10-13,0.4493435
2016-10-14,0.40012968
2016-10-17,0.36371866
2016-10-18,0.4324922
2016-10-19,0.42339072
2016-10-20,0.48538932
2016-10-21,0.42205715
2016-10-24,0.49239686
2016-10-25,0.43279654
2016-10-26,0.47677904
2016-10-27,0.4611531
2016-10-28,0.51302755
2016-10-31,0.48510414
2016-11-01,0.4481856
2016-11-02,0.44272947
2016-11-03,0.33388183
2016-11-04,0.43415484
2016-11-07,0.4554306
2016-11-08,0.5217148
2016-11-09,0.41037494
2016-11-10,0.5038314
2016-11-11,0.5551525
2016-11-14,0.5066443
2016-11-15,0.54728884
2016-11-16,0.4196912
2016-11-17,0.49623004
2016-11-18,0.6264213
2016-11-21,0.4960697
2016-11-22,0.71998245
2016-11-23,0.630777
2016-11-24,0.60547274
2016-11-25,0.56795025
2016-11-28,0.4212046
2016-11-29,0.6081442
2016-11-30,0.51339746
2016-12-01,0.48600796
2016-12-02,0.4687955
2016-12-05,0.39924338
2016-12-06,0.35152093
2016-12-07,0.41529942
2016-12-08,0.3186638
2016-12-09,0.4558155
2016-12-12,0.5797573
2016-12-13,0.5516801
2016-12-14,0.46857187
2016-12-15,0.44423383
2016-12-16,0.5166658
2016-12-19,0.35708824
2016-12-20,0.50370306
2016-12-21,0.4796558
2016-12-22,0.4877045
2016-12-23,0.46455902
2016-12-26,0.51060784
2016-12-27,0.56853455
2016-12-28,0.50110674
2016-12-29,0.639197
2016-12-30,0.51604855
2017-01-02,0.5609919
2017-01-03,0.4591717
2017-01-04,0.43342948
2017-01-05,0.52014697
2017-01-06,0.59460455
2017-01-09,0.53485185
2017-01-10,0.33314264
2017-01-11,0.6922893
2017-01-12,0.81402254
2017-01-13,0.512565
2017-01-16,0.5360238
2017-01-17,0.60419637
2017-01-18,0.5417407
2017-01-19,0.479101
2017-01-20,0.59964454
2017-01-23,0.7523836
2017-01-24,0.6525145
2017-01-25,0.53815925
2017-01-26,0.73450315
2017-01-27,0.5536543
2017-01-30,0.41093302
2017-01-31,0.7774719
2017-02-01,0.35810858
2017-02-02,0.49538168
2017-02-03,0.682325
2017-02-06,0.6346454
2017-02-07,0.47497675
2017-02-08,0.51916635
2017-02-09,0.45746604
2017-02-10,0.4717286
2017-02-13,0.5345629
2017-02-14,0.55718964
2017-02-15,0.5585322
2017-02-16,0.5994444
2017-02-17,0.516325
2017-02-20,0.59230536
2017-02-21,0.40111095
2017-02-22,0.53892976
2017-02-23,0.63786113
2017-02-24,0.42841792
2017-02-27,0.58103514
2017-02-28,0.49221283
2017-03-01,0.724248
2017-03-02,0.5248896
2017-03-03,0.5256302
2017-03-06,0.3661892
2017-03-07,0.33104083
2017-03-08,0.3332078
2017-03-09,0.4358279
2017-03-10,0.46493673
2017-03-13,0.4894456
2017-03-14,0.5765948
2017-03-15,0.6299542
2017-03-16,0.4615369
2017-03-17,0.6046436
2017-03-20,0.5438607
2017-03-21,0.529816
2017-03-22,0.7449131
2017-03-23,0.6199555
2017-03-24,0.53831095
2017-03-27,0.4307335
2017-03-28,0.51575047
2017-03-29,0.59921306
2017-03-30,0.6359889
2017-03-31,0.7413652
2017-04-03,0.6496993
2017-04-04,0.65777725
2017-04-05,0.60039335
2017-04-06,0.47314855
2017-04-07,0.55845475
2017-04-10,0.5905683
2017-04-11,0.4772783
2017-04-12,0.6370328
2017-04-13,0.5333293
2017-04-14,0.58986324
2017-04-17,0.5311974
2017-04-18,0.52344215
2017-04-19,0.6458653
2017-04-20,0.42963958
2017-04-21,0.5622653
2017-04-24,0.53591704
2017-04-25,0.63069606
2017-04-26,0.5828457
2017-04-27,0.58616585
2017-04-28,0.47153375
2017-05-01,0.48236573
2017-05-02,0.54075086
2017-05-03,0.32263005
2017-05-04,0.3836804
2017-05-05,0.57812864
2017-05-08,0.56778187
2017-05-09,0.63744986
2017-05-10,0.52777165
2017-05-11,0.46846667
2017-05-12,0.67074895
2017-05-15,0.48494968
2017-05-16,0.60227233
2017-05-17,0.7510763
2017-05-18,0.57587457
2017-05-19,0.44818562
2017-05-22,0.52079105
2017-05-23,0.4244666
2017-05-24,0.43804353
2017-05-25,0.60948634
2017-05-26,0.5007119
2017-05-29,0.49059826
2017-05-30,0.58505595
2017-05-31,0.6360524
2017-06-01,0.52611303
2017-06-02,0.25559896
2017-06-05,0.55842173
2017-06-06,0.6167837
2017-06-07,0.4585159
2017-06-08,0.57424927
2017-06-09,0.4451776
2017-06-12,0.42209032
2017-06-13,0.44414982
2017-06-14,0.39586976
2017-06-15,0.35379398
2017-06-16,0.4901214
2017-06-19,0.6827524
2017-06-20,0.5608511
2017-06-21,0.61632687
2017-06-22,0.7247274
2017-06-23,0.51895106
2017-06-26,0.49782333
2017-06-27,0.46816644
2017-06-28,0.4258458
2017-06-29,0.58833313
2017-06-30,0.5273976
2017-07-03,0.56769997
2017-07-04,0.5643907
2017-07-05,0.41550964
2017-07-06,0.6020118
2017-07-07,0.79529715
2017-07-10,0.5225563
2017-07-11,0.49643007
2017-07-12,0.7090755
2017-07-13,0.6266838
2017-07-14,0.60292864
2017-07-17,0.5711317
2017-07-18,0.62907
2017-07-19,0.5589877
2017-07-20,0.5040918
2017-07-21,0.5551949
2017-07-24,0.6255271
2017-07-25,0.6311515
2017-07-26,0.5490573
2017-07-27,0.46056393
2017-07-28,0.44644344
2017-07-31,0.61739004
2017-08-01,0.62238616
2017-08-02,0.37364006
2017-08-03,0.5937476
2017-08-04,0.70676494
2017-08-07,0.5605029
2017-08-08,0.56491065
2017-08-09,0.4967717
2017-08-10,0.4435596
2017-08-11,0.27747744
2017-08-14,0.57356197
2017-08-15,0.36266318
2017-08-16,0.45498848
2017-08-17,0.5214201
2017-08-18,0.5269988
2017-08-21,0.49513447
2017-08-22,0.47842297
2017-08-23,0.6891895
2017-08-24,0.53259224
2017-08-25,0.6422941
2017-08-28,0.5549071
2017-08-29,0.49995005
2017-08-30,0.75852996
2017-08-31,0.66164345
2017-09-01,0.48305067
2017-09-04,0.51771516
2017-09-05,0.478915
2017-09-06,0.51924795
2017-09-07,0.6916536
2017-09-08,0.52772915
2017-09-11,0.47175157
2017-09-12,0.49057454
2017-09-13,0.41921684
2017-09-14,0.45410073
2017-09-15,0.5719137
2017-09-18,0.5618592
2017-09-19,0.6668981
2017-09-20,0.59757876
2017-09-21,0.48349148
2017-09-22,0.2181285
2017-09-25,0.606593
2017-09-26,0.4399635
2017-09-27,0.3351939
2017-09-28,0.32259288
2017-09-29,0.63882494
2017-10-02,0.53640294
2017-10-03,0.5467224
2017-10-04,0.5584561
2017-10-05,0.50880796
2017-10-06,0.58955115
2017-10-09,0.5208378
2017-10-10,0.554987
2017-10-11,0.52557826
2017-10-12,0.5378233
2017-10-13,0.47081465
2017-10-16,0.519477
2017-10-17,0.39624828
2017-10-18,0.49460706
2017-10-19,0.5199876
2017-10-20,0.5850232
2017-10-23,0.6138994
2017-10-24,0.54526174
2017-10-25,0.47971755
2017-10-26,0.43465587
2017-10-27,0.5942107
2017-10-30,0.71955645
2017-10-31,0.7595584
2017-11-01,0.6438733
2017-11-02,0.5347881
2017-11-03,0.5720861
2017-11-06,0.4914376
2017-11-07,0.4083448
2017-11-08,0.39905694
2017-11-09,0.3796953
2017-11-10,0.44484812
2017-11-13,0.43936694
2017-11-14,0.48461622
2017-11-15,0.44144937
2017-11-16,0.3323981
2017-11-17,0.39839128
2017-11-20,0.44273877
2017-11-21,0.46133235
2017-11-22,0.4934149
2017-11-23,0.67511666
2017-11-24,0.44631997
2017-11-27,0.5357583
2017-11-28,0.65014195
2017-11-29,0.6424532
2017-11-30,0.5412563
2017-12-01,0.6459835
2017-12-04,0.4262906
2017-12-05,0.5562062
2017-12-06,0.55871594
2017-12-07,0.6255103
2017-12-08,0.7081761
2017-12-11,0.5451944
2017-12-12,0.62708795
2017-12-13,0.5343923
2017-12-14,0.776219
2017-12-15,0.58537203
2017-12-18,0.45845562
2017-12-19,0.5140077
2017-12-20,0.5203651
2017-12-21,0.38939172
2017-12-22,0.49564797
2017-12-25,0.5022209
2017-12-26,0.6789581
2017-12-27,0.5922609
2017-12-28,0.6803249
2017-12-29,0.60208327
2018-01-01,0.668735
2018-01-02,0.49835557
2018-01-03,0.5057047
2018-01-04,0.4156255
2018-01-05,0.48396602
2018-01-08,0.5843429
2018-01-09,0.44384488
2018-01-10,0.47502074
2018-01-11,0.62439203
2018-01-12,0.44787222
2018-01-15,0.46623477
2018-01-16,0.5753519
2018-01-17,0.6339181
2018-01-18,0.5851694
2018-01-19,0.5480724
2018-01-22,0.64078575
2018-01-23,0.47107947
2018-01-24,0.48952055
2018-01-25,0.6097919
2018-01-26,0.47799665
2018-01-29,0.528499
2018-01-30,0.39629927
2018-01-31,0.4549943
2018-02-01,0.47074974
2018-02-02,0.42352578
2018-02-05,0.45580816
2018-02-06,0.5318921
2018-02-07,0.4982207
2018-02-08,0.5349803
2018-02-09,0.6140332
2018-02-12,0.46598688
2018-02-13,0.5686995
2018-02-14,0.5284366
2018-02-15,0.49687555
2018-02-16,0.58237755
2018-02-19,0.6293072
2018-02-20,0.55354714
2018-02-21,0.55956197
2018-02-22,0.62528527
2018-02-23,0.5566735
2018-02-26,0.5565057
2018-02-27,0.63169163
2018-02-28,0.4812229
2018-03-01,0.58530486
2018-03-02,0.6522069
2018-03-05,0.60301304
2018-03-06,0.56019396
2018-03-07,0.4910754
2018-03-08,0.419039
2018-03-09,0.5866463
2018-03-12,0.45750755
2018-03-13,0.5736063
2018-03-14,0.49069193
2018-03-15,0.69198865
2018-03-16,0.5593043
2018-03-19,0.40230146
2018-03-20,0.5026746
2018-03-21,0.6665165
2018-03-22,0.44940794
2018-03-23,0.5026625
2018-03-26,0.43740594
2018-03-27,0.41600907
2018-03-28,0.4918229
2018-03-29,0.5387823
2018-03-30,0.6139948
2018-04-02,0.46678275
2018-04-03,0.436794
2018-04-04,0.62326735
2018-04-05,0.6530173
2018-04-06,0.3972401
2018-04-09,0.47627544
2018-04-10,0.6250735
2018-04-11,0.62726194
2018-04-12,0.38788947
2018-04-13,0.49424496
2018-04-16,0.6458152
2018-04-17,0.583282
2018-04-18,0.52192694
2018-04-19,0.39828253
2018-04-20,0.4659435
2018-04-23,0.2897473
2018-04-24,0.3491366
2018-04-25,0.5014154
2018-04-26,0.60085535
2018-04-27,0.33485478
2018-04-30,0.4731154
2018-05-01,0.4642245
2018-05-02,0.55675006
2018-05-03,0.54090554
2018-05-04,0.63208944
2018-05-07,0.6217042
2018-05-08,0.53071487
2018-05-09,0.6440778
2018-05-10,0.5609587
2018-05-11,0.6306141
2018-05-14,0.53298575
2018-05-15,0.40604535
2018-05-16,0.35226095
2018-05-17,0.4119282
2018-05-18,0.58029336
2018-05-21,0.6665176
2018-05-22,0.7057877
2018-05-23,0.5600532
2018-05-24,0.5612286
2018-05-25,0.658189
2018-05-28,0.6597687
2018-05-29,0.6424543
2018-05-30,0.47078505
2018-05-31,0.60068816
2018-06-01,0.69415236
2018-06-04,0.54707867
2018-06-05,0.5078617
2018-06-06,0.68644994
2018-06-07,0.7074037
2018-06-08,0.5948594
2018-06-11,0.601763
2018-06-12,0.623053
2018-06-13,0.6529363
2018-06-14,0.48225042
2018-06-15,0.47156683
2018-06-18,0.7741562
2018-06-19,0.5366145
2018-06-20,0.59363544
2018-06-21,0.5246374
2018-06-22,0.56729317
2018-06-25,0.4766844
2018-06-26,0.69791734
2018-06-27,0.48329583
2018-06-28,0.5525701
2018-06-29,0.6246648
2018-07-02,0.5644173
2018-07-03,0.7137557
2018-07-04,0.6325926
2018-07-05,0.6634744
2018-07-06,0.52802527
2018-07-09,0.55357015
2018-07-10,0.48202312
2018-07-11,0.5778066
2018-07-12,0.50315315
2018-07-13,0.50299585
2018-07-16,0.6742183
2018-07-17,0.5885838
2018-07-18,0.5902564
2018-07-19,0.6271508
2018-07-20,0.30291352
2018-07-23,0.5510297
2018-07-24,0.46302697
2018-07-25,0.5418451
2018-07-26,0.5392233
2018-07-27,0.67140514
2018-07-30,0.5784906
2018-07-31,0.5089087
2018-08-01,0.508875
2018-08-02,0.563018
2018-08-03,0.5201683
2018-08-06,0.52382797
2018-08-07,0.5671261
2018-08-08,0.5992468
2018-08-09,0.69887924
2018-08-10,0.5153226
2018-08-13,0.65971136
2018-08-14,0.68870735
2018-08-15,0.7311366
2018-08-16,0.6529736
2018-08-17,0.6483718
2018-08-20,0.51768184
2018-08-21,0.5535899
2018-08-22,0.681095
2018-08-23,0.76286495
2018-08-24,0.6281489
2018-08-27,0.5653899
2018-08-28,0.47941422
2018-08-29,0.47484833
2018-08-30,0.6747913
2018-08-31,0.47411287
2018-09-03,0.5707529
2018-09-04,0.31626204
2018-09-05,0.51128894
2018-09-06,0.73403764
2018-09-07,0.4557945
2018-09-10,0.66434944
2018-09-11,0.69490004
2018-09-12,0.5869719
2018-09-13,0.544291
2018-09-14,0.5869038
2018-09-17,0.7410467
2018-09-18,0.6097311
2018-09-19,0.3692281
2018-09-20,0.5622385
2018-09-21,0.7611336
2018-09-24,0.38148624
2018-09-25,0.64462703
2018-09-26,0.49498034
2018-09-27,0.5806256
2018-09-28,0.6918078
2018-10-01,0.5997622
2018-10-02,0.7006058
2018-10-03,0.52445024
2018-10-04,0.43210134
2018-10-05,0.53168494
2018-10-08,0.6132747
2018-10-09,0.6369572
2018-10-10,0.35476914
2018-10-11,0.43100035
2018-10-12,0.46770182
2018-10-15,0.32199186
2018-10-16,0.48606703
2018-10-17,0.41558442
2018-10-18,0.5182318
2018-10-19,0.43380272
2018-10-22,0.502292
2018-10-23,0.5221484
2018-10-24,0.4511212
2018-10-25,0.5579686
2018-10-26,0.70007473
2018-10-29,0.30193803
2018-10-30,0.36588764
2018-10-31,0.69257724
2018-11-01,0.41885045
2018-11-02,0.5892132
2018-11-05,0.60182405
2018-11-06,0.55632424
2018-11-07,0.6887152
2018-11-08,0.4532991
2018-11-09,0.6354457
2018-11-12,0.40711457
2018-11-13,0.523138
2018-11-14,0.61737984
2018-11-15,0.5252321
2018-11-16,0.5332434
2018-11-19,0.44519642
2018-11-20,0.41721365
2018-11-21,0.47434622
2018-11-22,0.57799494
2018-11-23,0.6794696
2018-11-26,0.6578095
2018-11-27,0.64449155
2018-11-28,0.5469555
2018-11-29,0.5954113
2018-11-30,0.568372
2018-12-03,0.3872373
2018-12-04,0.46636125
2018-12-05,0.3882266
2018-12-06,0.47661716
2018-12-07,0.57648146
2018-12-10,0.39206335
2018-12-11,0.6306587
2018-12-12,0.55858356
2018-12-13,0.29268214
2018-12-14,0.38701802
2018-12-17,0.46337658
2018-12-18,0.37958217
2018-12-19,0.56293535
2018-12-20,0.46985778
2018-12-21,0.5971921
2018-12-24,0.662342
2018-12-25,0.6717024
2018-12-26,0.52525586
2018-12-27,0.62821203
2018-12-28,0.62560046
2018-12-31,0.44800016
2019-01-01,0.6391819
2019-01-02,0.6214823
2019-01-03,0.5783271
2019-01-04,0.64581335
2019-01-07,0.58383626
2019-01-08,0.32460964
2019-01-09,0.375813
2019-01-10,0.3506304
2019-01-11,0.3913287
2019-01-14,0.44988173
2019-01-15,0.44351786
2019-01-16,0.55045843
2019-01-17,0.51972705
2019-01-18,0.4612026
2019-01-21,0.4907081
2019-01-22,0.5295711
2019-01-23,0.501306
2019-01-24,0.44343665
2019-01-25,0.5995519
2019-01-28,0.64038867
2019-01-29,0.5075351
2019-01-30,0.32940665
2019-01-31,0.4084041
2019-02-01,0.3873413
2019-02-04,0.5480918
2019-02-05,0.46135503
2019-02-06,0.4270568
2019-02-07,0.42186132
2019-02-08,0.5807123
2019-02-11,0.40003058
2019-02-12,0.3847929
2019-02-13,0.6121747
2019-02-14,0.34941667
2019-02-15,0.51373774
2019-02-18,0.5913541
2019-02-19,0.6594448
2019-02-20,0.29475093
2019-02-21,0.6691222
2019-02-22,0.56878865
2019-02-25,0.28947133
2019-02-26,0.5341511
2019-02-27,0.4823768
2019-02-28,0.4992974
2019-03-01,0.43238133
2019-03-04,0.4966997
2019-03-05,0.51406306
2019-03-06,0.50264215
2019-03-07,0.71694255
2019-03-08,0.6123804
2019-03-11,0.41541833
2019-03-12,0.47267827
2019-03-13,0.5603439
2019-03-14,0.4759294
2019-03-15,0.56242764
2019-03-18,0.5290203
2019-03-19,0.57229525
2019-03-20,0.5376586
2019-03-21,0.6559
2019-03-22,0.41233876
2019-03-25,0.52027225
2019-03-26,0.46544814
2019-03-27,0.48487282
2019-03-28,0.53415906
2019-03-29,0.4129233
2019-04-01,0.6451711
2019-04-02,0.32778734
2019-04-03,0.5303209
2019-04-04,0.6009907
2019-04-05,0.4146566
2019-04-08,0.6094764
2019-04-09,0.68491554
2019-04-10,0.39299655
2019-04-11,0.59584814
2019-04-12,0.6357702
2019-04-15,0.47796598
2019-04-16,0.38046014
2019-04-17,0.6164516
2019-04-18,0.6027892
2019-04-19,0.6071436
2019-04-22,0.4614286
2019-04-23,0.5187333
2019-04-24,0.7410509
2019-04-25,0.68913865
2019-04-26,0.5286142
2019-04-29,0.6537827
2019-04-30,0.46470854
2019-05-01,0.63608444
2019-05-02,0.65002877
2019-05-03,0.5019617
2019-05-06,0.46955323
2019-05-07,0.48766416
2019-05-08,0.49963418
2019-05-09,0.49157193
2019-05-10,0.51080596
2019-05-13,0.5642262
2019-05-14,0.66831434
2019-05-15,0.6364186
2019-05-16,0.6010144
2019-05-17,0.5766769
2019-05-20,0.47001332
2019-05-21,0.5392845
2019-05-22,0.4735652
2019-05-23,0.6193953
2019-05-24,0.6073659
2019-05-27,0.6325248
2019-05-28,0.44331136
2019-05-29,0.5784793
2019-05-30,0.825763
2019-05-31,0.76333547
2019-06-03,0.682441
2019-06-04,0.5988048
2019-06-05,0.46712655
2019-06-06,0.4614066
2019-06-07,0.5171833
2019-06-10,0.5444034
2019-06-11,0.66084254
2019-06-12,0.6892577
2019-06-13,0.6766155
2019-06-14,0.5938054
2019-06-17,0.5466835
2019-06-18,0.6907871
2019-06-19,0.61633956
2019-06-20,0.51135725
2019-06-21,0.44771534
2019-06-24,0.54038423
2019-06-25,0.5832608
2019-06-26,0.37662542
2019-06-27,0.28970575
2019-06-28,0.27233616
2019-07-01,0.41093257
2019-07-02,0.46687996
2019-07-03,0.44874072
2019-07-04,0.45178255
2019-07-05,0.53152025
2019-07-08,0.44386125
2019-07-09,0.6012183
2019-07-10,0.5310373
2019-07-11,0.35130498
2019-07-12,0.3673437
2019-07-15,0.6932738
2019-07-16,0.63561136
2019-07-17,0.4145613
2019-07-18,0.46876752
2019-07-19,0.33354688
2019-07-22,0.37870106
2019-07-23,0.45235145
2019-07-24,0.65894705
2019-07-25,0.36533266
2019-07-26,0.59095496
2019-07-29,0.5686654
2019-07-30,0.61660075
2019-07-31,0.63551146
2019-08-01,0.6602934
2019-08-02,0.46117687
2019-08-05,0.5839231
2019-08-06,0.5621329
2019-08-07,0.5913914
2019-08-08,0.34382927
2019-08-09,0.62693316
2019-08-12,0.47258678
2019-08-13,0.57100683
2019-08-14,0.35647994
2019-08-15,0.39104882
2019-08-16,0.43346262
2019-08-19,0.506157
2019-08-20,0.5092036
2019-08-21,0.4643338
2019-08-22,0.54399085
2019-08-23,0.5849287
2019-08-26,0.5382235
2019-08-27,0.5368056
2019-08-28,0.5208037
2019-08-29,0.5093119
2019-08-30,0.48404878
2019-09-02,0.6476141
2019-09-03,0.5217122
2019-09-04,0.6319328
2019-09-05,0.5413167
2019-09-06,0.5436436
2019-09-09,0.63387686
2019-09-10,0.45091695
2019-09-11,0.6539779
2019-09-12,0.75244755
2019-09-13,0.42109567
2019-09-16,0.50314885
2019-09-17,0.67124027
2019-09-18,0.6644398
2019-09-19,0.64733726
2019-09-20,0.5517077
2019-09-23,0.6177598
2019-09-24,0.5611144
2019-09-25,0.6481567
2019-09-26,0.5760488
2019-09-27,0.6273719
2019-09-30,0.6818111
2019-10-01,0.36109102
2019-10-02,0.564371
2019-10-03,0.5771876
2019-10-04,0.5042373
2019-10-07,0.4365876
2019-10-08,0.39583892
2019-10-09,0.54771626
2019-10-10,0.43481395
2019-10-11,0.66481155
2019-10-14,0.5166482
2019-10-15,0.49863675
2019-10-16,0.5467567
2019-10-17,0.4875846
2019-10-18,0.6006435
2019-10-21,0.5906148
2019-10-22,0.40753648
2019-10-23,0.4053283
2019-10-24,0.4083039
2019-10-25,0.40239847
2019-10-28,0.5005417
2019-10-29,0.748039
2019-10-30,0.5353021
2019-10-31,0.59710586
2019-11-01,0.45100862
2019-11-04,0.42777947
2019-11-05,0.4665194
2019-11-06,0.5263815
2019-11-07,0.23613094
2019-11-08,0.3603622
2019-11-11,0.59184605
2019-11-12,0.46013
2019-11-13,0.47695044
2019-11-14,0.63705146
2019-11-15,0.5951287
2019-11-18,0.36504656
2019-11-19,0.40668193
2019-11-20,0.5128096
2019-11-21,0.5285166
2019-11-22,0.61225736
2019-11-25,0.63403696
2019-11-26,0.604919
2019-11-27,0.6725478
2019-11-28,0.7092513
2019-11-29,0.4792023
2019-12-02,0.58088535
2019-12-03,0.7285309
2019-12-04,0.4652374
2019-12-05,0.62088627
2019-12-06,0.6002291
2019-12-09,0.69929975
2019-12-10,0.54414266
2019-12-11,0.6388915
2019-12-12,0.434272
2019-12-13,0.6579342
2019-12-16,0.5924531
2019-12-17,0.46649432
2019-12-18,0.55328155
2019-12-19,0.69523305
2019-12-20,0.60205674
2019-12-23,0.4313592
2019-12-24,0.6840871
2019-12-25,0.6717847
2019-12-26,0.79678667
2019-12-27,0.645307
2019-12-30,0.71605617
2019-12-31,0.6905856
2020-01-01,0.5185091
2020-01-02,0.44680083
2020-01-03,0.5630427
2020-01-06,0.68789667
2020-01-07,0.48076716
2020-01-08,0.5567199
2020-01-09,0.6600348
2020-01-10,0.6913593
2020-01-13,0.6418006
2020-01-14,0.50663525
2020-01-15,0.39522702
2020-01-16,0.45406145
2020-01-17,0.54898244
2020-01-20,0.5437597
2020-01-21,0.41321254
2020-01-22,0.53545165
2020-01-23,0.6185211
2020-01-24,0.564863
2020-01-27,0.48191994
2020-01-28,0.6181478
2020-01-29,0.5296959
2020-01-30,0.69763803
2020-01-31,0.59571785
2020-02-03,0.59660715
2020-02-04,0.5538034
2020-02-05,0.5856206
2020-02-06,0.527902
2020-02-07,0.53441256
2020-02-10,0.5447009
2020-02-11,0.589557
2020-02-12,0.52598053
2020-02-13,0.42662436
2020-02-14,0.3350703
2020-02-17,0.51797116
2020-02-18,0.5164642
2020-02-19,0.432221
2020-02-20,0.53079087
2020-02-21,0.56015396
2020-02-24,0.60443276
2020-02-25,0.4590315
2020-02-26,0.6905586
2020-02-27,0.5980767
2020-02-28,0.7015027
2020-03-02,0.5547469
2020-03-03,0.60956985
2020-03-04,0.5935058
2020-03-05,0.3352509
2020-03-06,0.46122554
2020-03-09,0.6712934
2020-03-10,0.2578791
2020-03-11,0.7865936
2020-03-12,0.32077286
2020-03-13,0.16465418
2020-03-16,0.64292806
2020-03-17,0.33925247
2020-03-18,0.72741985
2020-03-19,0.4249455
2020-03-20,0.6113668
2020-03-23,0.3574093
2020-03-24,0.44895917
2020-03-25,0.2940875
2020-03-26,0.26085302
2020-03-27,0.2500182
2020-03-30,0.113756716
2020-03-31,0.20806813
2020-04-01,0.573964
2020-04-02,0.36710006
2020-04-03,0.6062852
2020-04-06,0.38170484
2020-04-07,0.5120933
2020-04-08,0.30099282
2020-04-09,0.07842507
2020-04-10,0.4015912
2020-04-13,0.59134096
2020-04-14,0.29708365
2020-04-15,0.4946108
2020-04-16,0.4864992
2020-04-17,0.20384361
2020-04-20,0.6144563
2020-04-21,0.6309664
2020-04-22,0.17596829
2020-04-23,0.41715124
2020-04-24,0.5226034
2020-04-27,0.39358616
2020-04-28,0.48582286
2020-04-29,0.31678125
2020-04-30,0.4840348
2020-05-01,0.7199845
2020-05-04,0.6588505
2020-05-05,0.50520337
2020-05-06,0.60709155
2020-05-07,0.45863858
2020-05-08,0.28474146
2020-05-11,0.44705135
2020-05-12,0.5874824
2020-05-13,0.539414
2020-05-14,0.65697855
2020-05-15,0.5981517
2020-05-18,0.52397907
2020-05-19,0.54292995
2020-05-20,0.42897308
2020-05-21,0.54256725
2020-05-22,0.563071
2020-05-25,0.44212353
2020-05-26,0.36278182
2020-05-27,0.4490479
2020-05-28,0.43857628
2020-05-29,0.54451185
2020-06-01,0.25974187
2020-06-02,0.39462343
2020-06-03,0.41490972
2020-06-04,0.38329718
2020-06-05,0.20219052
2020-06-08,0.32898593
2020-06-09,0.6521274
2020-06-10,0.5975119
2020-06-11,0.6406408
2020-06-12,0.20552091
2020-06-15,0.34408584
2020-06-16,0.34084386
2020-06-17,0.39839292
2020-06-18,0.39610684
2020-06-19,0.3433149
2020-06-22,0.361366
2020-06-23,0.44597217
2020-06-24,0.5731742
2020-06-25,0.5083213
2020-06-26,0.49240386
2020-06-29,0.48215613
2020-06-30,0.49061668
2020-07-01,0.47065735
2020-07-02,0.50943
2020-07-03,0.4967685
2020-07-06,0.47359937
2020-07-07,0.54343444
2020-07-08,0.56962603
2020-07-09,0.3596477
2020-07-10,0.601398
2020-07-13,0.58020794
2020-07-14,0.444784
2020-07-15,0.606981
2020-07-16,0.64753395
2020-07-17,0.49868786
2020-07-20,0.4726233
2020-07-21,0.5687512
2020-07-22,0.543212
2020-07-23,0.6188666
2020-07-24,0.53476036
2020-07-27,0.4070529
2020-07-28,0.40361127
2020-07-29,0.36624515
2020-07-30,0.460437
2020-07-31,0.68015385
2020-08-03,0.5787224
2020-08-04,0.30474117
2020-08-05,0.418904
2020-08-06,0.6138159
2020-08-07,0.48432606
2020-08-10,0.50657356
2020-08-11,0.4704905
2020-08-12,0.2160278
2020-08-13,0.39472967
2020-08-14,0.43808776
2020-08-17,0.58451885
2020-08-18,0.50593776
2020-08-19,0.32733697
2020-08-20,0.37721187
2020-08-21,0.52736413
2020-08-24,0.56617016
2020-08-25,0.41924116
2020-08-26,0.5018083
2020-08-27,0.29288608
2020-08-28,0.5251738
2020-08-31,0.6556701
2020-09-01,0.4131116
2020-09-02,0.48271486
2020-09-03,0.43330228
2020-09-04,0.50279653
2020-09-07,0.7032291
2020-09-08,0.5929977
2020-09-09,0.5642805
2020-09-10,0.6361841
2020-09-11,0.5964464
2020-09-14,0.6796999
2020-09-15,0.5425066
2020-09-16,0.57374346
2020-09-17,0.5560127
2020-09-18,0.5876983
2020-09-21,0.491058
2020-09-22,0.41995126
2020-09-23,0.6093003
2020-09-24,0.7288636
2020-09-25,0.43191338
2020-09-28,0.18662208
2020-09-29,0.43718255
2020-09-30,0.41035792
2020-10-01,0.3761541
2020-10-02,0.31312174
2020-10-05,0.5961395
2020-10-06,0.49704343
2020-10-07,0.5927058
2020-10-08,0.35472015
2020-10-09,0.54537785
2020-10-12,0.52688205
2020-10-13,0.6160209
2020-10-14,0.5220377
2020-10-15,0.41077897
2020-10-16,0.62988067
2020-10-19,0.4547652
2020-10-20,0.49738547
2020-10-21,0.33713025
2020-10-22,0.62524575
2020-10-23,0.6006475
2020-10-26,0.50108796
2020-10-27,0.47249234
2020-10-28,0.49978766
2020-10-29,0.28851458
2020-10-30,0.39338574
2020-11-02,0.66095257
2020-11-03,0.32678884
2020-11-04,0.50289315
2020-11-05,0.46022502
2020-11-06,0.4739799
2020-11-09,0.5582706
2020-11-10,0.4618261
2020-11-11,0.5010546
2020-11-12,0.520247
2020-11-13,0.2814012
2020-11-16,0.41758227
2020-11-17,0.6173558
2020-11-18,0.528152
2020-11-19,0.54373306
2020-11-20,0.4752336
2020-11-23,0.63055384
2020-11-24,0.3729754
2020-11-25,0.41252142
2020-11-26,0.42697585
2020-11-27,0.3154826
2020-11-30,0.48517916
2020-12-01,0.4470871
2020-12-02,0.5356502
2020-12-03,0.5810354
2020-12-04,0.3786241
2020-12-07,0.5605102
2020-12-08,0.48661172
2020-12-09,0.47231016
2020-12-10,0.6974438
2020-12-11,0.5453138
2020-12-14,0.47656858
2020-12-15,0.60215837
2020-12-16,0.3455381
2020-12-17,0.56059784
2020-12-18,0.6016606
2020-12-21,0.5411008
2020-12-22,0.48997858
2020-12-23,0.56330025
2020-12-24,0.6602799
2020-12-25,0.523914
2020-12-28,0.5263288
2020-12-29,0.5102032
2020-12-30,0.44660342
2020-12-31,0.48298684
2021-01-01,0.6090628
2021-01-04,0.53792423
2021-01-05,0.5695466
2021-01-06,0.5937347
2021-01-07,0.50420415
2021-01-08,0.43876436
2021-01-11,0.583192
2021-01-12,0.4099858
2021-01-13,0.530739
2021-01-14,0.5121181
2021-01-15,0.32671243
2021-01-18,0.53076017
2021-01-19,0.4797801
2021-01-20,0.3936306
2021-01-21,0.46152306
2021-01-22,0.46457165
2021-01-25,0.57870317
2021-01-26,0.4928846
2021-01-27,0.5501005
2021-01-28,0.38926098
2021-01-29,0.40117094
2021-02-01,0.4396933
2021-02-02,0.56290317
2021-02-03,0.55333924
2021-02-04,0.4060974
2021-02-05,0.51077616
2021-02-08,0.48071623
2021-02-09,0.41568047
2021-02-10,0.5024835
2021-02-11,0.41197723
2021-02-12,0.52457976
2021-02-15,0.59674186
2021-02-16,0.49558595
2021-02-17,0.6139353
2021-02-18,0.7140641
2021-02-19,0.79108524
2021-02-22,0.63367957
2021-02-23,0.55844504
2021-02-24,0.6658695
2021-02-25,0.56165785
2021-02-26,0.55849844
2021-03-01,0.5297544
2021-03-02,0.49255165
2021-03-03,0.49371815
2021-03-04,0.7020475
2021-03-05,0.5948581
2021-03-08,0.7625681
2021-03-09,0.6844567
2021-03-10,0.54628515
2021-03-11,0.38839003
2021-03-12,0.3698674
2021-03-15,0.43772623
2021-03-16,0.43001252
2021-03-17,0.5101753
2021-03-18,0.5275454
2021-03-19,0.50402844
2021-03-22,0.5817422
2021-03-23,0.41609573
2021-03-24,0.4388891
2021-03-25,0.55023545
2021-03-26,0.39841914
2021-03-29,0.5363894
2021-03-30,0.57913816
2021-03-31,0.5461996
2021-04-01,0.56837803
2021-04-02,0.49881116
2021-04-05,0.5589714
2021-04-06,0.38252318
2021-04-07,0.58583707
2021-04-08,0.44629955
2021-04-09,0.6089649
2021-04-12,0.7217914
2021-04-13,0.56063354
2021-04-14,0.5599804
2021-04-15,0.41020626
2021-04-16,0.56728834
2021-04-19,0.6293741
2021-04-20,0.44149917
2021-04-21,0.65299284
2021-04-22,0.61288387
2021-04-23,0.6936705
2021-04-26,0.4823477
2021-04-27,0.7208133
2021-04-28,0.51298994
2021-04-29,0.5426075
2021-04-30,0.5377677
2021-05-03,0.58253115
2021-05-04,0.41580632
2021-05-05,0.6319158
2021-05-06,0.5738029
2021-05-07,0.5541064
2021-05-10,0.61790025
2021-05-11,0.48328546
2021-05-12,0.4751469
2021-05-13,0.6123679
2021-05-14,0.30509102
2021-05-17,0.398015
2021-05-18,0.49537086
2021-05-19,0.50937593
2021-05-20,0.44432533
2021-05-21,0.54303634
2021-05-24,0.3921331
2021-05-25,0.45565268
2021-05-26,0.5459422
2021-05-27,0.38419667
2021-05-28,0.56591994
2021-05-31,0.5172016
2021-06-01,0.3957193
2021-06-02,0.47132465
2021-06-03,0.45459467
2021-06-04,0.5164293
2021-06-07,0.40908688
2021-06-08,0.47355327
2021-06-09,0.50964373
2021-06-10,0.35473981
2021-06-11,0.39830825
2021-06-14,0.54184586
2021-06-15,0.42672214
2021-06-16,0.48255783
2021-06-17,0.7430863
2021-06-18,0.4637837
2021-06-21,0.43778917
2021-06-22,0.31166503
2021-06-23,0.60447973
2021-06-24,0.6212479
2021-06-25,0.6677667
2021-06-28,0.43467596
2021-06-29,0.39589125
2021-06-30,0.61226505
2021-07-01,0.5841388
2021-07-02,0.52256304
2021-07-05,0.799805
2021-07-06,0.8195268
2021-07-07,0.63015884
2021-07-08,0.58609474
2021-07-09,0.35960254
2021-07-12,0.59862214
2021-07-13,0.3239377
2021-07-14,0.39131153
2021-07-15,0.56910264
2021-07-16,0.5986769
2021-07-19,0.35253748
2021-07-20,0.4439568
2021-07-21,0.37932277
2021-07-22,0.52246284
2021-07-23,0.37480918
2021-07-26,0.61732215
2021-07-27,0.6385631
2021-07-28,0.36028576
2021-07-29,0.6115516
2021-07-30,0.5309876
2021-08-02,0.51049
2021-08-03,0.5749644
2021-08-04,0.49810925
2021-08-05,0.5035263
2021-08-06,0.59579104
2021-08-09,0.41142392
2021-08-10,0.40687552
2021-08-11,0.4675123
2021-08-12,0.69231427
2021-08-13,0.5943367
2021-08-16,0.53072476
2021-08-17,0.5399896
2021-08-18,0.37527427
2021-08-19,0.40930548
2021-08-20,0.46888307
2021-08-23,0.5075087
2021-08-24,0.64735395
2021-08-25,0.6412688
2021-08-26,0.5702788
2021-08-27,0.3280645
2021-08-30,0.6018174
2021-08-31,0.47512493
2021-09-01,0.35926336
2021-09-02,0.3941943
2021-09-03,0.68714726
2021-09-06,0.4488796
2021-09-07,0.4125184
2021-09-08,0.43886822
2021-09-09,0.6500082
2021-09-10,0.552406
2021-09-13,0.30293638
2021-09-14,0.28097448
2021-09-15,0.53147745
2021-09-16,0.535367
2021-09-17,0.5098219
2021-09-20,0.52823406
2021-09-21,0.81351006
2021-09-22,0.50125563
2021-09-23,0.46261933
2021-09-24,0.46656877
2021-09-27,0.46435642
2021-09-28,0.39258298
2021-09-29,0.6398434
2021-09-30,0.5337343
2021-10-01,0.37716672
2021-10-04,0.42001474
2021-10-05,0.4554183
2021-10-06,0.38083526
2021-10-07,0.60863703
2021-10-08,0.5189647
2021-10-11,0.45423567
2021-10-12,0.48193234
2021-10-13,0.57255006
2021-10-14,0.46570086
2021-10-15,0.45258716
2021-10-18,0.5028417
2021-10-19,0.42195505
2021-10-20,0.36780003
2021-10-21,0.4288412
2021-10-22,0.5385071
2021-10-25,0.49186867
2021-10-26,0.6262717
2021-10-27,0.64839536
2021-10-28,0.42080402
2021-10-29,0.56977594
2021-11-01,0.6485433
2021-11-02,0.40554494
2021-11-03,0.7601842
2021-11-04,0.6019253
2021-11-05,0.55552715
2021-11-08,0.6981856
2021-11-09,0.6594927
2021-11-10,0.5161
2021-11-11,0.5884425
2021-11-12,0.6159375
2021-11-15,0.5259469
2021-11-16,0.55575544
2021-11-17,0.67020094
2021-11-18,0.42507213
2021-11-19,0.4151979
2021-11-22,0.6822903
2021-11-23,0.5536449
2021-11-24,0.6622654
2021-11-25,0.5815581
2021-11-26,0.6376959
2021-11-29,0.7244832
2021-11-30,0.43228537
2021-12-01,0.40593693
2021-12-02,0.42862898
2021-12-03,0.38946688
2021-12-06,0.6031995
2021-12-07,0.445975
2021-12-08,0.48923498
2021-12-09,0.478493
2021-12-10,0.47428507
2021-12-13,0.38609183
2021-12-14,0.52132916
2021-12-15,0.4174854
2021-12-16,0.63506645
2021-12-17,0.6572297
2021-12-20,0.5113053
2021-12-21,0.54072094
2021-12-22,0.5752838
2021-12-23,0.63554376
2021-12-24,0.5362725
2021-12-27,0.4504475
2021-12-28,0.50406784
2021-12-29,0.37926686
2021-12-30,0.4580783
2021-12-31,0.45837003
2022-01-03,0.56307256
2022-01-04,0.6222425
2022-01-05,0.40073016
2022-01-06,0.6263848
2022-01-07,0.2744028
2022-01-10,0.52223104
2022-01-11,0.50777614
2022-01-12,0.486745
2022-01-13,0.6347394
2022-01-14,0.53435063
2022-01-17,0.55916023
2022-01-18,0.45435828
2022-01-19,0.3898492
2022-01-20,0.5467766
2022-01-21,0.45435473
2022-01-24,0.5828697
2022-01-25,0.52631646
2022-01-26,0.34880397
2022-01-27,0.55108035
2022-01-28,0.4520026
2022-01-31,0.52916324
2022-02-01,0.5208059
2022-02-02,0.3831309
2022-02-03,0.41537106
2022-02-04,0.4232848
2022-02-07,0.5378817
2022-02-08,0.5087493
2022-02-09,0.71535206
2022-02-10,0.48832142
2022-02-11,0.52932703
2022-02-14,0.39101288
2022-02-15,0.5560243
2022-02-16,0.6184775
2022-02-17,0.6498938
2022-02-18,0.5331236
2022-02-21,0.8062054
2022-02-22,0.6394125
2022-02-23,0.5197723
2022-02-24,0.5299338
2022-02-25,0.33804008
2022-02-28,0.5263535
2022-03-01,0.47476044
2022-03-02,0.35093564
2022-03-03,0.46044114
2022-03-04,0.6131274
2022-03-07,0.5381471
2022-03-08,0.4270425
2022-03-09,0.53375065
2022-03-10,0.43873465
2022-03-11,0.57896453
2022-03-14,0.3705624
2022-03-15,0.4848598
2022-03-16,0.5549877
2022-03-17,0.6117592
2022-03-18,0.4601418
2022-03-21,0.56200874
2022-03-22,0.48990443
2022-03-23,0.5655519
2022-03-24,0.5966855
2022-03-25,0.5577882
2022-03-28,0.6050878
2022-03-29,0.3208463
2022-03-30,0.46196997
2022-03-31,0.4479079
2022-04-01,0.30638257
2022-04-04,0.5504085
2022-04-05,0.61136067
2022-04-06,0.37019962
2022-04-07,0.6230647
2022-04-08,0.63088053
2022-04-11,0.5076413
2022-04-12,0.56309247
2022-04-13,0.574708
2022-04-14,0.53351325
2022-04-15,0.5575392
2022-04-18,0.5078358
2022-04-19,0.46236748
2022-04-20,0.38946503
2022-04-21,0.6455114
2022-04-22,0.66783154
2022-04-25,0.48901224
2022-04-26,0.3043766
2022-04-27,0.34742767
2022-04-28,0.4372813
2022-04-29,0.6643653
2022-05-02,0.6792075
2022-05-03,0.4449311
2022-05-04,0.57900965
2022-05-05,0.7160141
2022-05-06,0.61564845
2022-05-09,0.5123299
2022-05-10,0.70467687
2022-05-11,0.7109166
2022-05-12,0.59144706
2022-05-13,0.4045742
2022-05-16,0.3601426
2022-05-17,0.4237598
2022-05-18,0.52384585
2022-05-19,0.5067249
2022-05-20,0.58616954
2022-05-23,0.6041034
2022-05-24,0.49934813
2022-05-25,0.4021735
2022-05-26,0.387908
2022-05-27,0.35707912
2022-05-30,0.54901093
2022-05-31,0.50919914
2022-06-01,0.36901885
2022-06-02,0.48680443
2022-06-03,0.5464833
2022-06-06,0.4914322
2022-06-07,0.4306639
2022-06-08,0.6784869
2022-06-09,0.42962202
2022-06-10,0.5366562
2022-06-13,0.6062789
2022-06-14,0.44059575
2022-06-15,0.598086
2022-06-16,0.51956767
2022-06-17,0.5521251
2022-06-20,0.44487825
2022-06-21,0.4946597
2022-06-22,0.44307762
2022-06-23,0.35814372
2022-06-24,0.22380574
2022-06-27,0.38988003
2022-06-28,0.45570725
2022-06-29,0.43939012
2022-06-30,0.62537056
2022-07-01,0.54921097
2022-07-04,0.5340985
2022-07-05,0.3995038
2022-07-06,0.54081315
2022-07-07,0.6058895
2022-07-08,0.56077355
2022-07-11,0.56795746
2022-07-12,0.5503062
2022-07-13,0.6179161
2022-07-14,0.33982694
2022-07-15,0.4109436
2022-07-18,0.58582443
2022-07-19,0.43948784
2022-07-20,0.43112236
2022-07-21,0.64831513
2022-07-22,0.45776865
2022-07-25,0.4724914
2022-07-26,0.50538814
2022-07-27,0.5414779
2022-07-28,0.42252848
2022-07-29,0.44988197
2022-08-01,0.44840455
2022-08-02,0.46068513
2022-08-03,0.53490984
2022-08-04,0.5768467
2022-08-05,0.64116263
2022-08-08,0.2724804
2022-08-09,0.45789474
2022-08-10,0.2896268
2022-08-11,0.3668735
2022-08-12,0.34854767
2022-08-15,0.40605804
2022-08-16,0.35397372
2022-08-17,0.4675622
2022-08-18,0.56231815
2022-08-19,0.5202607
2022-08-22,0.46139756
2022-08-23,0.37164712
2022-08-24,0.3928824
2022-08-25,0.3639788
2022-08-26,0.5507499
2022-08-29,0.57483786
2022-08-30,0.33329147
2022-08-31,0.5112956
2022-09-01,0.55136615
2022-09-02,0.44184408
2022-09-05,0.57207876
2022-09-06,0.6429906
2022-09-07,0.38696167
2022-09-08,0.49032435
2022-09-09,0.41169664
2022-09-12,0.45310184
2022-09-13,0.6742484
2022-09-14,0.6520369
2022-09-15,0.5397253
2022-09-16,0.70184875
2022-09-19,0.6563376
2022-09-20,0.6500796
2022-09-21,0.67215407
2022-09-22,0.55315095
2022-09-23,0.58131236
2022-09-26,0.6727929
2022-09-27,0.7809571
2022-09-28,0.5632651
2022-09-29,0.65433335
2022-09-30,0.52004844
2022-10-03,0.41368335
2022-10-04,0.29711825
2022-10-05,0.4534919
2022-10-06,0.5382162
2022-10-07,0.45807052
2022-10-10,0.5493898
2022-10-11,0.5164936
2022-10-12,0.70169455
2022-10-13,0.6438733
2022-10-14,0.6736827
2022-10-17,0.3586821
2022-10-18,0.5807584
2022-10-19,0.5992548
2022-10-20,0.44982508
2022-10-21,0.4086819
2022-10-24,0.5916923
2022-10-25,0.45166054
2022-10-26,0.5312837
2022-10-27,0.52504873
2022-10-28,0.34217134
2022-10-31,0.48604488
2022-11-01,0.5735487
2022-11-02,0.5960494
2022-11-03,0.6842373
2022-11-04,0.47931847
2022-11-07,0.6201155
2022-11-08,0.54707015
2022-11-09,0.49435425
2022-11-10,0.3452191
2022-11-11,0.614418
2022-11-14,0.701359
2022-11-15,0.29901478
2022-11-16,0.3807534
2022-11-17,0.512151
2022-11-18,0.42617393
2022-11-21,0.6318303
2022-11-22,0.58979785
2022-11-23,0.48594669
2022-11-24,0.6304514
2022-11-25,0.5929682
2022-11-28,0.5723376
2022-11-29,0.5945606
2022-11-30,0.18224838
2022-12-01,0.4368242
2022-12-02,0.3800578
2022-12-05,0.5032231
2022-12-06,0.3941391
2022-12-07,0.35160676
2022-12-08,0.43813142
2022-12-09,0.5521456
2022-12-12,0.55850613
2022-12-13,0.41680765
2022-12-14,0.51652086
2022-12-15,0.5277407
2022-12-16,0.55817395
2022-12-19,0.4617525
2022-12-20,0.493236
2022-12-21,0.5343255
2022-12-22,0.5782938
2022-12-23,0.56088614
2022-12-26,0.62566507
2022-12-27,0.56250834
2022-12-28,0.40720138
2022-12-29,0.5070227
2022-12-30,0.5134345
2023-01-02,0.43842122
2023-01-03,0.4227338
2023-01-04,0.5604275
2023-01-05,0.61095625
2023-01-06,0.45558053
2023-01-09,0.5272734
2023-01-10,0.6009063
2023-01-11,0.4641557
2023-01-12,0.54475385
2023-01-13,0.5059703
2023-01-16,0.5506438
2023-01-17,0.39882547
2023-01-18,0.5864772
2023-01-19,0.47783107
2023-01-20,0.51157665
2023-01-23,0.578768
2023-01-24,0.52946377
2023-01-25,0.44829807
2023-01-26,0.47760823
2023-01-27,0.4639768
2023-01-30,0.5376055
2023-01-31,0.18048552
2023-02-01,0.43226728
2023-02-02,0.57177025
2023-02-03,0.43046838
2023-02-06,0.3789584
2023-02-07,0.17158154
2023-02-08,0.5956755
2023-02-09,0.32410994
2023-02-10,0.39699736
2023-02-13,0.6789983
2023-02-14,0.6577178
2023-02-15,0.5527893
2023-02-16,0.5640368
2023-02-17,0.58146
2023-02-20,0.54615283
2023-02-21,0.51053625
2023-02-22,0.3729701
2023-02-23,0.5359222
2023-02-24,0.49146456
2023-02-27,0.53766525
2023-02-28,0.43835908
2023-03-01,0.38451695
2023-03-02,0.45702654
2023-03-03,0.40134552
2023-03-06,0.38644853
2023-03-07,0.4635932
2023-03-08,0.24375741
2023-03-09,0.42713287
2023-03-10,0.6271684
2023-03-13,0.32427838
2023-03-14,0.5091912
2023-03-15,0.62715894
2023-03-16,0.5846584
2023-03-17,0.5716233
2023-03-20,0.46371368
2023-03-21,0.4946184
2023-03-22,0.71627396
2023-03-23,0.676874
2023-03-24,0.66912425
2023-03-27,0.48402584
2023-03-28,0.4675728
2023-03-29,0.3687505
2023-03-30,0.4494926
2023-03-31,0.22666664
2023-04-03,0.38763523
2023-04-04,0.40864417
2023-04-05,0.57651657
2023-04-06,0.6719787
2023-04-07,0.57002825
2023-04-10,0.6861495
2023-04-11,0.5990528
2023-04-12,0.5051792
2023-04-13,0.5478416
2023-04-14,0.63704324
2023-04-17,0.455692
2023-04-18,0.34874758
2023-04-19,0.40390545
2023-04-20,0.35346493
2023-04-21,0.41256717
2023-04-24,0.5454514
2023-04-25,0.52163905
2023-04-26,0.42242345
2023-04-27,0.37960333
2023-04-28,0.5527297
2023-05-01,0.52981406
2023-05-02,0.39493978
2023-05-03,0.5441173
2023-05-04,0.6100695
2023-05-05,0.4197805
2023-05-08,0.48636627
2023-05-09,0.61761606
2023-05-10,0.4370478
2023-05-11,0.6044491
2023-05-12,0.42628393
2023-05-15,0.6355651
2023-05-16,0.48850274
2023-05-17,0.46727133
2023-05-18,0.36353022
2023-05-19,0.5897565
2023-05-22,0.48871005
2023-05-23,0.60226876
2023-05-24,0.41373396
2023-05-25,0.6019686
2023-05-26,0.5143854
2023-05-29,0.4832087
2023-05-30,0.5482757
2023-05-31,0.44188985
2023-06-01,0.5279159
2023-06-02,0.47481543
2023-06-05,0.46448195
2023-06-06,0.5769765
2023-06-07,0.40395123
2023-06-08,0.42235497
2023-06-09,0.52185166
2023-06-12,0.59929085
2023-06-13,0.5510793
2023-06-14,0.59303164
2023-06-15,0.5165549
2023-06-16,0.47405854
2023-06-19,0.6030939
2023-06-20,0.5047377
2023-06-21,0.49528873
2023-06-22,0.64940727
2023-06-23,0.35840204
2023-06-26,0.36130068
2023-06-27,0.34629846
2023-06-28,0.44949487
2023-06-29,0.3847702
2023-06-30,0.45514405
2023-07-03,0.43155396
2023-07-04,0.5494743
2023-07-05,0.48354766
2023-07-06,0.4772146
2023-07-07,0.52657086
2023-07-10,0.64885366
2023-07-11,0.61278814
2023-07-12,0.4727227
2023-07-13,0.6121932
2023-07-14,0.5455346
2023-07-17,0.53365314
2023-07-18,0.6580088
2023-07-19,0.51013714
2023-07-20,0.46001837
2023-07-21,0.5583926
2023-07-24,0.39309007
2023-07-25,0.56951404
2023-07-26,0.48493257
2023-07-27,0.6687403
2023-07-28,0.60233855
2023-07-31,0.5397721
2023-08-01,0.514833
2023-08-02,0.3777325
2023-08-03,0.659566
2023-08-04,0.5796429
2023-08-07,0.58335096
2023-08-08,0.53656805
2023-08-09,0.76797366
2023-08-10,0.49375483
2023-08-11,0.565225
2023-08-14,0.6286423
2023-08-15,0.631332
2023-08-16,0.47891685
2023-08-17,0.37246832
2023-08-18,0.4778383
2023-08-21,0.5837652
2023-08-22,0.53062695
2023-08-23,0.49901906
2023-08-24,0.5465213
2023-08-25,0.6294269
2023-08-28,0.48278624
2023-08-29,0.5571938
2023-08-30,0.6022277
2023-08-31,0.4640837
2023-09-01,0.57857865
2023-09-04,0.64211667
2023-09-05,0.48882416
2023-09-06,0.71681136
2023-09-07,0.7927905
2023-09-08,0.5848132
2023-09-11,0.62961686
2023-09-12,0.6641973
2023-09-13,0.47172418
2023-09-14,0.48276258
2023-09-15,0.57002294
2023-09-18,0.55923426
2023-09-19,0.46706375
2023-09-20,0.68966186
2023-09-21,0.47363767
2023-09-22,0.44823828
2023-09-25,0.41130152
2023-09-26,0.41536644
2023-09-27,0.45650062
2023-09-28,0.5040919
2023-09-29,0.43364215
2023-10-02,0.3668633
2023-10-03,0.5673749
2023-10-04,0.54205275
2023-10-05,0.48966032
2023-10-06,0.5052063
2023-10-09,0.42229924
2023-10-10,0.48726988
2023-10-11,0.35048327
2023-10-12,0.60393083
2023-10-13,0.60379124
2023-10-16,0.44412893
2023-10-17,0.52908206
2023-10-18,0.5370631
2023-10-19,0.5466721
2023-10-20,0.45928133
2023-10-23,0.5690228
2023-10-24,0.4656901
2023-10-25,0.46423817
2023-10-26,0.5139325
2023-10-27,0.44875818
2023-10-30,0.6099398
2023-10-31,0.42095742
2023-11-01,0.6044818
2023-11-02,0.34316102
2023-11-03,0.29066885
2023-11-06,0.55508554
2023-11-07,0.6087723
2023-11-08,0.5334976
2023-11-09,0.724431
2023-11-10,0.3970433
2023-11-13,0.48235363
2023-11-14,0.3012769
2023-11-15,0.5975206
2023-11-16,0.6209435
2023-11-17,0.5274091
2023-11-20,0.54770344
2023-11-21,0.28398228
2023-11-22,0.36914623
2023-11-23,0.36893636
2023-11-24,0.5711643
2023-11-27,0.2946061
2023-11-28,0.5983079
2023-11-29,0.5111009
2023-11-30,0.5607125
2023-12-01,0.3416679
2023-12-04,0.4166175
2023-12-05,0.40130708
2023-12-06,0.55867517
2023-12-07,0.5062184
2023-12-08,0.46381807
2023-12-11,0.43710336
2023-12-12,0.56627464
2023-12-13,0.4311211
2023-12-14,0.34303248
2023-12-15,0.3537315
2023-12-18,0.5252726
2023-12-19,0.5094679
2023-12-20,0.44301042
2023-12-21,0.19396433
2023-12-22,0.31357023
2023-12-25,0.6662256
2023-12-26,0.38973543
2023-12-27,0.4581283
2023-12-28,0.46935064
2023-12-29,0.3985271
2024-01-01,0.59442526
2024-01-02,0.39256752
2024-01-03,0.681863
2024-01-04,0.5435392
2024-01-05,0.44823098
2024-01-08,0.60991514
2024-01-09,0.57377917
2024-01-10,0.6375382
2024-01-11,0.40192133
2024-01-12,0.46047512
2024-01-15,0.6508393
2024-01-16,0.5330825
2024-01-17,0.32762957
2024-01-18,0.57644826
2024-01-19,0.5856787
2024-01-22,0.372189
2024-01-23,0.59542006
2024-01-24,0.51328355
2024-01-25,0.34155446
2024-01-26,0.34459317
2024-01-29,0.5080973
2024-01-30,0.40643403
2024-01-31,0.3525152
2024-02-01,0.4913554
2024-02-02,0.5395804
2024-02-05,0.42839858
2024-02-06,0.4390462
2024-02-07,0.461602
2024-02-08,0.5011075
2024-02-09,0.44358996
2024-02-12,0.4951173
2024-02-13,0.5126305
2024-02-14,0.3807664
2024-02-15,0.40593666
2024-02-16,0.54722214
2024-02-19,0.35715753
2024-02-20,0.5365065
2024-02-21,0.61004496
2024-02-22,0.5973136
2024-02-23,0.5205806
2024-02-26,0.42682704
2024-02-27,0.59340066
2024-02-28,0.42228684
2024-02-29,0.5709741
2024-03-01,0.4736595
2024-03-04,0.4771262
2024-03-05,0.495669
2024-03-06,0.48474762
2024-03-07,0.62989455
2024-03-08,0.6757578
2024-03-11,0.5192883
2024-03-12,0.6755254
2024-03-13,0.44995624
2024-03-14,0.6045709
2024-03-15,0.39823
2024-03-18,0.42934087
2024-03-19,0.42404237
2024-03-20,0.55960524
2024-03-21,0.7330885
2024-03-22,0.41371453
2024-03-25,0.4448402
2024-03-26,0.7325741
2024-03-27,0.6932186
2024-03-28,0.45372948
2024-03-29,0.38215154
2024-04-01,0.35970604
2024-04-02,0.33029088
2024-04-03,0.5047716
2024-04-04,0.5089493
2024-04-05,0.5851493
2024-04-08,0.39922133
2024-04-09,0.48377958
2024-04-10,0.68675214
2024-04-11,0.6416548
2024-04-12,0.5059392
2024-04-15,0.47368836
2024-04-16,0.66947037
2024-04-17,0.56109643
2024-04-18,0.51731175
2024-04-19,0.5917292
2024-04-22,0.6628837
2024-04-23,0.6170205
2024-04-24,0.6066048
2024-04-25,0.49103764
2024-04-26,0.65718764
2024-04-29,0.5107526
2024-04-30,0.5747007
2024-05-01,0.5917879
2024-05-02,0.4946675
2024-05-03,0.5397636
2024-05-06,0.5703341
2024-05-07,0.42865822
2024-05-08,0.48195377
2024-05-09,0.31821218
2024-05-10,0.3949073
2024-05-13,0.66998774
2024-05-14,0.52731884
2024-05-15,0.4361473
2024-05-16,0.53652596
2024-05-17,0.6182256
2024-05-20,0.49109805
2024-05-21,0.7089131
2024-05-22,0.60944575
2024-05-23,0.3935962
2024-05-24,0.5544737
2024-05-27,0.34530115
2024-05-28,0.4355011
2024-05-29,0.45347327
2024-05-30,0.38826045
2024-05-31,0.29417104
2024-06-03,0.49671438
2024-06-04,0.39981958
2024-06-05,0.5175415
2024-06-06,0.40757683
2024-06-07,0.481128
2024-06-10,0.45437798
2024-06-11,0.6824539
2024-06-12,0.60685956
2024-06-13,0.6108797
2024-06-14,0.6080008
2024-06-17,0.577108
2024-06-18,0.6296666
2024-06-19,0.53547144
2024-06-20,0.55526865
2024-06-21,0.5813658
2024-06-24,0.71524477
2024-06-25,0.5070076
2024-06-26,0.5639229
2024-06-27,0.660227
2024-06-28,0.6827248
2024-07-01,0.39524847
2024-07-02,0.32303107
2024-07-03,0.4668817
2024-07-04,0.58133984
2024-07-05,0.70150113
2024-07-08,0.6755198
2024-07-09,0.7045596
2024-07-10,0.64263666
2024-07-11,0.45126352
2024-07-12,0.57331395
2024-07-15,0.5868179
2024-07-16,0.49899256
2024-07-17,0.5243237
2024-07-18,0.4477257
2024-07-19,0.41052288
2024-07-22,0.4530025
2024-07-23,0.52793145
2024-07-24,0.367561
2024-07-25,0.4231507
2024-07-26,0.3661919
2024-07-29,0.3641296
2024-07-30,0.46963525
2024-07-31,0.45570964
2024-08-01,0.41698283
2024-08-02,0.45475203
2024-08-05,0.52572054
2024-08-06,0.4366573
2024-08-07,0.4231282
2024-08-08,0.60625064
2024-08-09,0.4755751
2024-08-12,0.44926414
2024-08-13,0.4569545
2024-08-14,0.6478811
2024-08-15,0.6277466
2024-08-16,0.5728354
2024-08-19,0.508293
2024-08-20,0.4489163
2024-08-21,0.52582604
2024-08-22,0.4495416
2024-08-23,0.46511853
2024-08-26,0.47883102
2024-08-27,0.4365817
2024-08-28,0.40376115
2024-08-29,0.5718182
2024-08-30,0.46120188
2024-09-02,0.45458126
2024-09-03,0.582508
2024-09-04,0.4794005
2024-09-05,0.58568066
2024-09-06,0.6807205
2024-09-09,0.52183014
2024-09-10,0.4125907
2024-09-11,0.49481216
2024-09-12,0.4374581
2024-09-13,0.43286648
2024-09-16,0.57364273
2024-09-17,0.6006174
2024-09-18,0.7177675
2024-09-19,0.6004813
2024-09-20,0.38756087
2024-09-23,0.5244739
2024-09-24,0.5097896
2024-09-25,0.536374
2024-09-26,0.56183445
2024-09-27,0.5554857
2024-09-30,0.51510787
2024-10-01,0.54471666
2024-10-02,0.69941217
2024-10-03,0.4582968
2024-10-04,0.3562487
2024-10-07,0.5085109
2024-10-08,0.4055356
2024-10-09,0.6295972
2024-10-10,0.37860623
2024-10-11,0.44897214
2024-10-14,0.58805066
2024-10-15,0.77560925
2024-10-16,0.5233955
2024-10-17,0.5752415
2024-10-18,0.5638261
2024-10-21,0.68266475
2024-10-22,0.69935167
2024-10-23,0.70122546
2024-10-24,0.66032076
2024-10-25,0.59464395
2024-10-28,0.5162769
2024-10-29,0.70771414
2024-10-30,0.6662604
2024-10-31,0.4029918
2024-11-01,0.36843318
2024-11-04,0.39405936
2024-11-05,0.3832481
2024-11-06,0.48910058
2024-11-07,0.25157577
2024-11-08,0.26694107
2024-11-11,0.5681062
2024-11-12,0.47689626
2024-11-13,0.4137925
2024-11-14,0.6630378
2024-11-15,0.32875523
2024-11-18,0.6444044
2024-11-19,0.6413808
2024-11-20,0.4817679
2024-11-21,0.60417384
2024-11-22,0.59438187
2024-11-25,0.38440123
2024-11-26,0.44413412
2024-11-27,0.54301333
2024-11-28,0.50375205
2024-11-29,0.48869455
2024-12-02,0.5114201
2024-12-03,0.499058
2024-12-04,0.41342533
2024-12-05,0.38172802
2024-12-06,0.5925177
2024-12-09,0.54290926
2024-12-10,0.45154715
2024-12-11,0.65218705
2024-12-12,0.5151984
2024-12-13,0.555205
2024-12-16,0.4738743
2024-12-17,0.48290858
2024-12-18,0.5676118
2024-12-19,0.5616765
2024-12-20,0.5798578
2024-12-23,0.53919286
2024-12-24,0.48968628
2024-12-25,0.53816676
2024-12-26,0.5163711
2024-12-27,0.5420111
2024-12-30,0.5684149
2024-12-31,0.6419789
2025-01-01,0.61995256
2025-01-02,0.6391501
2025-01-03,0.35730234
2025-01-06,0.61681944
2025-01-07,0.5478616
2025-01-08,0.5551978
2025-01-09,0.6850399
2025-01-10,0.57686555
2025-01-13,0.5824465
2025-01-14,0.60021883
2025-01-15,0.5402651
2025-01-16,0.3155065
2025-01-17,0.3342338
2025-01-20,0.51861656
2025-01-21,0.39926657
2025-01-22,0.35345155
2025-01-23,0.48549366
2025-01-24,0.3972135
2025-01-27,0.50869924
2025-01-28,0.53188956
2025-01-29,0.3533092
2025-01-30,0.39667255
2025-01-31,0.48995078
2025-02-03,0.5866975
2025-02-04,0.4529342
2025-02-05,0.38399258
2025-02-06,0.42611864
2025-02-07,0.5226296
2025-02-10,0.47518617
2025-02-11,0.56155276
2025-02-12,0.55211085
2025-02-13,0.3905499
2025-02-14,0.5914311
2025-02-17,0.649306
2025-02-18,0.49647546
2025-02-19,0.56732696
2025-02-20,0.6624951
2025-02-21,0.51003873
2025-02-24,0.60599935
2025-02-25,0.7306262
2025-02-26,0.6420199
2025-02-27,0.49967322
2025-02-28,0.4805586
2025-03-03,0.47170085
2025-03-04,0.49420944
2025-03-05,0.38901755
2025-03-06,0.6418399
2025-03-07,0.52652836
2025-03-10,0.27823365
2025-03-11,0.40612498
2025-03-12,0.53582436
2025-03-13,0.4417498
2025-03-14,0.40678892
2025-03-17,0.31777665
2025-03-18,0.61552
2025-03-19,0.5835982
2025-03-20,0.46404585
2025-03-21,0.59304386
2025-03-24,0.4663344
2025-03-25,0.46792042
2025-03-26,0.5391801
2025-03-27,0.5195164
2025-03-28,0.62205994
2025-03-31,0.5606496
2025-04-01,0.40391937
2025-04-02,0.5197574
2025-04-03,0.6772657
2025-04-04,0.798691
2025-04-07,0.48337954
2025-04-08,0.56168205
2025-04-09,0.43732047
2025-04-10,0.6362563
2025-04-11,0.48999324
2025-04-14,0.28025016
2025-04-15,0.47415504
2025-04-16,0.41490233
2025-04-17,0.3330576
2025-04-18,0.4351888
2025-04-21,0.50384897
2025-04-22,0.2784514
2025-04-23,0.4607745
2025-04-24,0.55202895
2025-04-25,0.54188645
2025-04-28,0.59882045
2025-04-29,0.5246537
2025-04-30,0.44081524
2025-05-01,0.43443662
2025-05-02,0.4640301
2025-05-05,0.5172179
2025-05-06,0.49659535
2025-05-07,0.33849356
2025-05-08,0.2949629
2025-05-09,0.6757916
2025-05-12,0.62677735
2025-05-13,0.49729708
2025-05-14,0.4804243
2025-05-15,0.571357
2025-05-16,0.59262985
2025-05-19,0.63669306
2025-05-20,0.57549196
2025-05-21,0.54663926
2025-05-22,0.6390003
2025-05-23,0.4011748
2025-05-26,0.4890424
2025-05-27,0.4066954
2025-05-28,0.4657419
2025-05-29,0.48164728
2025-05-30,0.59471744
2025-06-02,0.5036152
2025-06-03,0.4259378
2025-06-04,0.533493
2025-06-05,0.4565252
2025-06-06,0.4377373
2025-06-09,0.4704586
2025-06-10,0.468206
2025-06-11,0.6004817
2025-06-12,0.7151649
2025-06-13,0.63441515
2025-06-16,0.7230253
2025-06-17,0.7379139
2025-06-18,0.5763796
2025-06-19,0.6547997
2025-06-20,0.6600321
2025-06-23,0.5133064
2025-06-24,0.51473385
2025-06-25,0.3909841
2025-06-26,0.613276
2025-06-27,0.60639036
2025-06-30,0.67932236
2025-07-01,0.5721084
2025-07-02,0.49661183
2025-07-03,0.62396103
2025-07-04,0.5569327
2025-07-07,0.54612774
2025-07-08,0.64799225
2025-07-09,0.78589714
2025-07-10,0.7680811
2025-07-11,0.5210194
2025-07-14,0.6477312
2025-07-15,0.504663
2025-07-16,0.4249728
2025-07-17,0.43452272
2025-07-18,0.49786162
2025-07-21,0.64032716
2025-07-22,0.41030398
2025-07-23,0.52186126
2025-07-24,0.65001285
2025-07-25,0.5369358
2025-07-28,0.39108777
2025-07-29,0.32057416
2025-07-30,0.3680281
2025-07-31,0.50705653
2025-08-01,0.37585083
2025-08-04,0.4139653
2025-08-05,0.3396282
2025-08-06,0.430204
2025-08-07,0.52532727
2025-08-08,0.70735306
2025-08-11,0.47955367
2025-08-12,0.7415841
2025-08-13,0.54697686
2025-08-14,0.525996
2025-08-15,0.43571407
2025-08-18,0.4605402
2025-08-19,0.45983347
2025-08-20,0.60995734
2025-08-21,0.5163744
2025-08-22,0.43170312
2025-08-25,0.5200893
2025-08-26,0.54939276
2025-08-27,0.6130335
2025-08-28,0.59972066
2025-08-29,0.6275186
2025-09-01,0.6151283
2025-09-02,0.33162284
2025-09-03,0.5327779
2025-09-04,0.61535233
2025-09-05,0.5689027
2025-09-08,0.5562173
2025-09-09,0.6995912
2025-09-10,0.6053569
2025-09-11,0.49596575
2025-09-12,0.45266068
2025-09-15,0.5249285
2025-09-16,0.662211
2025-09-17,0.57437545
2025-09-18,0.6489468
2025-09-19,0.69524586
2025-09-22,0.74310035
2025-09-23,0.5706542
2025-09-24,0.47150427
2025-09-25,0.6393401
2025-09-26,0.6911755
2025-09-29,0.6849132
2025-09-30,0.60787296
2025-10-01,0.5908223
2025-10-02,0.44523284
2025-10-03,0.62720233
2025-10-06,0.5324282
2025-10-07,0.6732458
2025-10-08,0.6352251
2025-10-09,0.39825907
2025-10-10,0.45233274
2025-10-13,0.5308892
2025-10-14,0.65178645
2025-10-15,0.64893323
2025-10-16,0.56326926
2025-10-17,0.6699997
2025-10-20,0.5557486
2025-10-21,0.39390564
2025-10-22,0.6200685
2025-10-23,0.6191775
2025-10-24,0.6034886
2025-10-27,0.71129626
2025-10-28,0.61175543
2025-10-29,0.48019361
2025-10-30,0.4707802
2025-10-31,0.40676117
2025-11-03,0.4255381
2025-11-04,0.67783695
2025-11-05,0.5870698
2025-11-06,0.48743862
2025-11-07,0.5702048
