Date,VNQ_lstm_pred
2015-01-01,0.0038854019
2015-01-02,0.002103704
2015-01-05,-0.0005878868
2015-01-06,0.00026599856
2015-01-07,-0.00019130319
2015-01-08,-0.0011518578
2015-01-09,-7.828805e-06
2015-01-12,6.7506866e-05
2015-01-13,-0.002309979
2015-01-14,-0.0025203913
2015-01-15,-0.0020214128
2015-01-16,-0.00074729614
2015-01-19,-0.00137352
2015-01-20,0.0013766164
2015-01-21,0.0029947015
2015-01-22,0.0020154503
2015-01-23,-0.00094083895
2015-01-26,0.0012208659
2015-01-27,7.982768e-05
2015-01-28,0.00074534566
2015-01-29,0.0014389612
2015-01-30,6.328757e-05
2015-02-02,0.0033758462
2015-02-03,0.0017889269
2015-02-04,-6.9227004e-05
2015-02-05,0.0012439204
2015-02-06,-0.00053518906
2015-02-09,0.004327163
2015-02-10,0.0028142238
2015-02-11,0.0010175314
2015-02-12,0.001317833
2015-02-13,-0.00047389837
2015-02-16,0.0013047152
2015-02-17,0.00084204413
2015-02-18,0.00047497268
2015-02-19,-0.002023717
2015-02-20,0.0034430106
2015-02-23,-0.00022410111
2015-02-24,-0.00034219265
2015-02-25,0.0041249585
2015-02-26,0.0020766142
2015-02-27,0.0033623045
2015-03-02,0.0005149365
2015-03-03,0.0002506201
2015-03-04,0.0016141691
2015-03-05,0.0028504995
2015-03-06,0.0013962509
2015-03-09,0.006024079
2015-03-10,0.0010515915
2015-03-11,0.0011011013
2015-03-12,0.0008255769
2015-03-13,-0.0012266885
2015-03-16,0.00030556726
2015-03-17,-0.00092207314
2015-03-18,2.8797784e-05
2015-03-19,-0.0026288223
2015-03-20,-0.0026936757
2015-03-23,-0.005934874
2015-03-24,-0.0007974992
2015-03-25,0.000117194875
2015-03-26,0.0047432105
2015-03-27,0.003289059
2015-03-30,0.002497038
2015-03-31,7.542532e-05
2015-04-01,0.002157636
2015-04-02,0.0014339164
2015-04-03,1.1307546e-05
2015-04-06,0.00079354754
2015-04-07,-0.00024103704
2015-04-08,0.0024803912
2015-04-09,0.0007993988
2015-04-10,0.0032830494
2015-04-13,0.0011839571
2015-04-14,0.0010071639
2015-04-15,-8.7110086e-05
2015-04-16,0.002007396
2015-04-17,0.0010522787
2015-04-20,0.0020944953
2015-04-21,0.0012869862
2015-04-22,0.0009346711
2015-04-23,0.00033663056
2015-04-24,-0.00039067375
2015-04-27,-0.0009153399
2015-04-28,0.00033233644
2015-04-29,1.15917155e-05
2015-04-30,0.0036885373
2015-05-01,0.005026619
2015-05-04,0.0013402735
2015-05-05,0.0013535136
2015-05-06,0.004318629
2015-05-07,0.0020138058
2015-05-08,-0.00051169435
2015-05-11,-0.0010765835
2015-05-12,0.002289598
2015-05-13,0.00090522564
2015-05-14,0.0017154212
2015-05-15,-0.002416391
2015-05-18,-0.0039356113
2015-05-19,-0.0023680483
2015-05-20,-0.0006936764
2015-05-21,0.00049440353
2015-05-22,0.0025569093
2015-05-25,0.002888261
2015-05-26,0.0024344963
2015-05-27,0.002969371
2015-05-28,0.0004817118
2015-05-29,0.001359269
2015-06-01,0.002906429
2015-06-02,8.060315e-06
2015-06-03,0.001751496
2015-06-04,0.0029088147
2015-06-05,0.0017625554
2015-06-08,0.0026630745
2015-06-09,0.0014959371
2015-06-10,0.0019619488
2015-06-11,-6.8865476e-05
2015-06-12,2.7267912e-05
2015-06-15,0.0010555363
2015-06-16,0.001806016
2015-06-17,-0.00011263484
2015-06-18,-0.0009515842
2015-06-19,-0.0028498336
2015-06-22,-0.00026179128
2015-06-23,0.0015484021
2015-06-24,0.0018347916
2015-06-25,0.0030343116
2015-06-26,0.0039271745
2015-06-29,0.0012198938
2015-06-30,0.0035849516
2015-07-01,0.0016882648
2015-07-02,-0.00075141946
2015-07-03,0.0004258461
2015-07-06,0.00080001226
2015-07-07,-5.9189613e-05
2015-07-08,-0.0023966418
2015-07-09,-0.001071966
2015-07-10,-0.00034014467
2015-07-13,-0.002833175
2015-07-14,-0.0028905994
2015-07-15,-0.0007874309
2015-07-16,0.0011467509
2015-07-17,0.0014671768
2015-07-20,0.0027207767
2015-07-21,0.0019262359
2015-07-22,0.0020660225
2015-07-23,0.0008927518
2015-07-24,0.002708481
2015-07-27,0.00089144293
2015-07-28,0.0005250302
2015-07-29,0.00050016
2015-07-30,-1.1507878e-05
2015-07-31,0.0012693795
2015-08-03,-0.00035197532
2015-08-04,-0.00056515296
2015-08-05,0.0017193325
2015-08-06,0.00189726
2015-08-07,0.000587483
2015-08-10,0.00020974489
2015-08-11,0.0011429581
2015-08-12,3.6775786e-05
2015-08-13,0.0003562738
2015-08-14,0.0010632654
2015-08-17,0.00036618378
2015-08-18,-0.0002878842
2015-08-19,0.00014854087
2015-08-20,0.0017036545
2015-08-21,0.0018167834
2015-08-24,0.00402531
2015-08-25,0.013553732
2015-08-26,0.009052411
2015-08-27,-0.0017336839
2015-08-28,-0.0018184002
2015-08-31,0.0002969354
2015-09-01,0.0033943162
2015-09-02,0.004705636
2015-09-03,0.0014244253
2015-09-04,0.0011442323
2015-09-07,0.0023375496
2015-09-08,-0.0012122329
2015-09-09,-0.0056890156
2015-09-10,-0.0033722685
2015-09-11,-0.0037594785
2015-09-14,-0.0051612784
2015-09-15,0.0014709495
2015-09-16,0.0018740407
2015-09-17,0.0015014048
2015-09-18,0.0009787141
2015-09-21,0.0020600706
2015-09-22,-0.0027223832
2015-09-23,-0.0032801381
2015-09-24,0.00063714955
2015-09-25,0.0043789768
2015-09-28,0.0019268391
2015-09-29,0.0039041156
2015-09-30,0.00045657164
2015-10-01,-7.528485e-05
2015-10-02,0.00016742949
2015-10-05,-0.00015342188
2015-10-06,-0.0015459106
2015-10-07,0.0003669418
2015-10-08,-0.0021193293
2015-10-09,-0.004251988
2015-10-12,-0.0018663522
2015-10-13,-0.0035519514
2015-10-14,0.00014583136
2015-10-15,0.0023541972
2015-10-16,-4.2460673e-05
2015-10-19,0.00039809942
2015-10-20,-0.0003179009
2015-10-21,0.0011484645
2015-10-22,0.0018989755
2015-10-23,7.906499e-05
2015-10-26,0.0020226566
2015-10-27,0.0008054137
2015-10-28,0.0006711887
2015-10-29,0.00046546906
2015-10-30,0.0007156853
2015-11-02,0.0020761802
2015-11-03,-0.0014779662
2015-11-04,0.0016553877
2015-11-05,0.0018435799
2015-11-06,0.0007548517
2015-11-09,0.005540761
2015-11-10,0.0046121622
2015-11-11,0.0002656981
2015-11-12,0.00045792895
2015-11-13,0.001568619
2015-11-16,0.0026114932
2015-11-17,0.000112052694
2015-11-18,0.0007919016
2015-11-19,-0.00047575787
2015-11-20,-3.5541936e-05
2015-11-23,-0.0025568672
2015-11-24,-0.002833628
2015-11-25,-0.0017123186
2015-11-26,-0.0021690954
2015-11-27,-0.0006459564
2015-11-30,-0.0016882952
2015-12-01,0.004037527
2015-12-02,0.00088791054
2015-12-03,0.005392225
2015-12-04,0.004202762
2015-12-07,-0.00061163655
2015-12-08,0.0011116208
2015-12-09,0.001279073
2015-12-10,0.0018364835
2015-12-11,0.0020633186
2015-12-14,0.0012784598
2015-12-15,0.00034517908
2015-12-16,-0.0010241461
2015-12-17,-0.0027644688
2015-12-18,-0.0004750084
2015-12-21,0.0020242233
2015-12-22,0.00020032962
2015-12-23,-0.0007299228
2015-12-24,-0.0015650227
2015-12-25,0.00012409048
2015-12-28,0.0014747237
2015-12-29,0.0006015901
2015-12-30,0.0002752982
2015-12-31,0.0015440579
2016-01-01,0.0023509024
2016-01-04,0.0018481717
2016-01-05,0.0030988776
2016-01-06,-0.0010318889
2016-01-07,0.00086640567
2016-01-08,0.003450903
2016-01-11,0.0033540158
2016-01-12,0.0008199329
2016-01-13,0.0018289926
2016-01-14,0.0028658411
2016-01-15,0.0017119292
2016-01-18,0.0019330083
2016-01-19,0.0012169558
2016-01-20,0.0003798926
2016-01-21,0.0040632007
2016-01-22,0.0010386211
2016-01-25,-0.0029863308
2016-01-26,-0.00019000696
2016-01-27,-0.0031446023
2016-01-28,0.0018550674
2016-01-29,0.0011231825
2016-02-01,-0.0033910202
2016-02-02,-0.0020883684
2016-02-03,0.0037133503
2016-02-04,0.0018783021
2016-02-05,0.00195442
2016-02-08,0.005181808
2016-02-09,0.007938263
2016-02-10,0.0044009364
2016-02-11,0.00049016334
2016-02-12,0.002075941
2016-02-15,-0.000214177
2016-02-16,0.0007971566
2016-02-17,-0.0005029236
2016-02-18,-0.0009098069
2016-02-19,-0.003717271
2016-02-22,-0.0034484153
2016-02-23,-0.007956876
2016-02-24,-0.004314466
2016-02-25,-0.009694875
2016-02-26,-0.01689875
2016-02-29,-0.0007023787
2016-03-01,0.0053978087
2016-03-02,-0.0005331406
2016-03-03,0.0022902507
2016-03-04,0.0019476851
2016-03-07,0.001991005
2016-03-08,0.0012038673
2016-03-09,0.0024430351
2016-03-10,0.00054640713
2016-03-11,0.00097218395
2016-03-14,-0.0024140016
2016-03-15,-0.00046816235
2016-03-16,0.0005413742
2016-03-17,-0.0008673554
2016-03-18,-0.0015201824
2016-03-21,0.0007441525
2016-03-22,0.002115722
2016-03-23,0.00085020013
2016-03-24,0.0011560982
2016-03-25,0.0009876847
2016-03-28,0.00070151157
2016-03-29,-0.0008213818
2016-03-30,-0.0020941668
2016-03-31,0.0007575759
2016-04-01,0.00028274098
2016-04-04,0.000999239
2016-04-05,0.0010458813
2016-04-06,0.0012035905
2016-04-07,7.847959e-05
2016-04-08,0.0007193096
2016-04-11,0.00021956685
2016-04-12,0.0011422914
2016-04-13,9.229675e-05
2016-04-14,0.00184747
2016-04-15,0.002233598
2016-04-18,0.00046037848
2016-04-19,0.00018077732
2016-04-20,0.00053277606
2016-04-21,0.002735322
2016-04-22,0.0035720724
2016-04-25,-0.0003031579
2016-04-26,-0.0008676603
2016-04-27,0.0002919141
2016-04-28,0.0009988577
2016-04-29,0.0015543269
2016-05-02,0.002573171
2016-05-03,-0.00072092644
2016-05-04,-3.0441492e-05
2016-05-05,-0.0017878391
2016-05-06,-0.0013847238
2016-05-09,-0.002301327
2016-05-10,-0.003004867
2016-05-11,-0.00031262496
2016-05-12,0.004395572
2016-05-13,0.000980886
2016-05-16,0.0032757397
2016-05-17,0.00067277387
2016-05-18,0.0037361693
2016-05-19,0.0037289187
2016-05-20,0.0030861513
2016-05-23,0.0003596828
2016-05-24,0.0006421507
2016-05-25,-0.00029825815
2016-05-26,0.00083389686
2016-05-27,0.0007617729
2016-05-30,-0.0012797377
2016-05-31,-0.0018115042
2016-06-01,-0.0035200666
2016-06-02,-0.0028048316
2016-06-03,-0.0033100857
2016-06-06,-0.0010543263
2016-06-07,0.0031803492
2016-06-08,0.0017946988
2016-06-09,0.00074532756
2016-06-10,0.0017444927
2016-06-13,0.0026180178
2016-06-14,0.0017786801
2016-06-15,0.0017530503
2016-06-16,-0.00015625996
2016-06-17,-0.0005557458
2016-06-20,0.0006090741
2016-06-21,0.0003348731
2016-06-22,0.00031761706
2016-06-23,0.00092414924
2016-06-24,0.000115653245
2016-06-27,0.0021648137
2016-06-28,0.0012082245
2016-06-29,-0.002123337
2016-06-30,-0.001821027
2016-07-01,-0.0014839804
2016-07-04,0.00016469987
2016-07-05,-7.3990573e-06
2016-07-06,-0.0014481443
2016-07-07,0.0010563809
2016-07-08,0.002751647
2016-07-11,-0.0011927271
2016-07-12,-0.00052146486
2016-07-13,0.00067896413
2016-07-14,0.0005832896
2016-07-15,0.0025909774
2016-07-18,0.0015201321
2016-07-19,0.00085037085
2016-07-20,0.00030797548
2016-07-21,0.00064539426
2016-07-22,0.00045810197
2016-07-25,-0.0010530506
2016-07-26,-0.00030953495
2016-07-27,0.0011254478
2016-07-28,0.0021628488
2016-07-29,6.7721536e-05
2016-08-01,-0.0011540778
2016-08-02,-0.00015142081
2016-08-03,0.0031163062
2016-08-04,0.0023286785
2016-08-05,0.0016179165
2016-08-08,0.001210878
2016-08-09,0.00092430314
2016-08-10,0.00031644217
2016-08-11,0.0010745479
2016-08-12,0.0024336171
2016-08-15,0.0007420721
2016-08-16,0.0009693399
2016-08-17,0.002550654
2016-08-18,0.000743875
2016-08-19,0.0013283676
2016-08-22,0.0020479031
2016-08-23,0.00055541116
2016-08-24,0.00063227426
2016-08-25,0.0011106686
2016-08-26,0.00044878977
2016-08-29,0.0027352667
2016-08-30,0.00034837693
2016-08-31,0.00097590534
2016-09-01,0.0005491069
2016-09-02,0.0008928791
2016-09-05,-0.00065198727
2016-09-06,0.00054614816
2016-09-07,-1.479222e-06
2016-09-08,0.000103983744
2016-09-09,0.0026695326
2016-09-12,0.010811336
2016-09-13,0.0011222303
2016-09-14,0.00460803
2016-09-15,0.0013392147
2016-09-16,0.0006049451
2016-09-19,0.0009382406
2016-09-20,1.3542545e-05
2016-09-21,0.000984277
2016-09-22,-0.0006694755
2016-09-23,-0.0023145438
2016-09-26,-0.004142234
2016-09-27,-0.004266281
2016-09-28,-0.0030041062
2016-09-29,-0.005962304
2016-09-30,0.00042330814
2016-10-03,0.003788386
2016-10-04,0.007194295
2016-10-05,0.0042084143
2016-10-06,0.0020212885
2016-10-07,-0.00074416073
2016-10-10,0.0006178021
2016-10-11,-0.00016942852
2016-10-12,0.0023478454
2016-10-13,0.001179299
2016-10-14,0.0007284466
2016-10-17,-0.0003177022
2016-10-18,-0.0029839415
2016-10-19,-0.0075328723
2016-10-20,-0.0090406565
2016-10-21,-0.004465981
2016-10-24,0.00039173642
2016-10-25,0.0019744637
2016-10-26,0.0033227908
2016-10-27,0.0055123265
2016-10-28,0.006763671
2016-10-31,0.0013573065
2016-11-01,-0.0009842823
2016-11-02,0.003102053
2016-11-03,0.0033341376
2016-11-04,0.0025198276
2016-11-07,0.00068572885
2016-11-08,-0.0007985565
2016-11-09,-0.00076088076
2016-11-10,0.0016550001
2016-11-11,0.003021983
2016-11-14,-0.0005828913
2016-11-15,-0.0051032174
2016-11-16,-0.00026482664
2016-11-17,0.000949698
2016-11-18,0.0031794861
2016-11-21,0.0018851465
2016-11-22,0.0028544823
2016-11-23,-0.00014112772
2016-11-24,0.0020400519
2016-11-25,0.0012728452
2016-11-28,0.0005876991
2016-11-29,0.0009213016
2016-11-30,-0.000533298
2016-12-01,0.0017641078
2016-12-02,0.0029003152
2016-12-05,-5.356396e-05
2016-12-06,0.0002415774
2016-12-07,0.00035114505
2016-12-08,-0.002067608
2016-12-09,-0.0017935665
2016-12-12,2.9213968e-05
2016-12-13,0.00044017463
2016-12-14,0.0008626656
2016-12-15,0.0043360055
2016-12-16,0.0024999406
2016-12-19,-0.0009346794
2016-12-20,-0.0012048587
2016-12-21,0.00065577787
2016-12-22,0.0033513044
2016-12-23,0.0020435103
2016-12-26,0.00108536
2016-12-27,0.0010665278
2016-12-28,0.0007223592
2016-12-29,0.0014361431
2016-12-30,-0.0010967712
2017-01-02,-0.0023781748
2017-01-03,-0.0015955119
2017-01-04,-0.0017552915
2017-01-05,-0.0022952033
2017-01-06,-0.0005237791
2017-01-09,0.00035221424
2017-01-10,0.0027472174
2017-01-11,0.0031669359
2017-01-12,0.0023335712
2017-01-13,0.0005501162
2017-01-16,0.00162818
2017-01-17,0.0014417383
2017-01-18,0.00022187621
2017-01-19,0.00072066835
2017-01-20,0.0022200178
2017-01-23,0.0003371379
2017-01-24,-0.0004576859
2017-01-25,-8.7206594e-05
2017-01-26,0.0002748208
2017-01-27,0.00016891341
2017-01-30,0.001979961
2017-01-31,0.002072428
2017-02-01,0.00023736786
2017-02-02,0.003099086
2017-02-03,0.00023934354
2017-02-06,0.0004544649
2017-02-07,0.0012282549
2017-02-08,0.0014968575
2017-02-09,-0.00029083347
2017-02-10,-2.8008295e-05
2017-02-13,-0.0010309856
2017-02-14,-0.00062158797
2017-02-15,0.0010052734
2017-02-16,0.0014202306
2017-02-17,-0.00045681593
2017-02-20,0.0007542035
2017-02-21,0.0017544355
2017-02-22,-7.062678e-05
2017-02-23,0.0016846305
2017-02-24,0.0007617477
2017-02-27,0.00032282286
2017-02-28,-0.00022841063
2017-03-01,0.0017058101
2017-03-02,0.0011007654
2017-03-03,0.0019085769
2017-03-06,0.0018998781
2017-03-07,0.0019091363
2017-03-08,0.0019132586
2017-03-09,0.0038347181
2017-03-10,0.003579828
2017-03-13,0.0017604147
2017-03-14,0.00072399765
2017-03-15,0.0010882303
2017-03-16,-0.0007942136
2017-03-17,0.0005184965
2017-03-20,-0.0006033565
2017-03-21,-0.0019655519
2017-03-22,-0.00089566386
2017-03-23,-0.0023744362
2017-03-24,-0.0031381529
2017-03-27,-0.00044920854
2017-03-28,0.0031742295
2017-03-29,0.0018488345
2017-03-30,0.0016006911
2017-03-31,0.0020482114
2017-04-03,0.0013539536
2017-04-04,0.0013451749
2017-04-05,0.0014907205
2017-04-06,0.000956636
2017-04-07,-0.0002156532
2017-04-10,-0.00017781886
2017-04-11,-0.0009919329
2017-04-12,-0.0015996989
2017-04-13,0.0009808724
2017-04-14,0.0014380862
2017-04-17,0.0014780299
2017-04-18,-0.00045620103
2017-04-19,0.00032348573
2017-04-20,0.0011304001
2017-04-21,0.0012721602
2017-04-24,0.0016794925
2017-04-25,0.0026250042
2017-04-26,0.0008244621
2017-04-27,0.0019729196
2017-04-28,0.0015663302
2017-05-01,0.0025094792
2017-05-02,0.00061857724
2017-05-03,0.0010586954
2017-05-04,0.0026200537
2017-05-05,0.002000541
2017-05-08,-3.3424167e-05
2017-05-09,0.0014546711
2017-05-10,0.0017007082
2017-05-11,-0.00022644117
2017-05-12,0.0006928154
2017-05-15,0.00073313434
2017-05-16,0.00044138855
2017-05-17,0.0019605022
2017-05-18,0.00075769733
2017-05-19,0.00037613587
2017-05-22,0.0002508353
2017-05-23,3.2517197e-05
2017-05-24,0.0010198606
2017-05-25,-0.00023153964
2017-05-26,0.0008510076
2017-05-29,0.0019963637
2017-05-30,0.0017665944
2017-05-31,0.0026339535
2017-06-01,0.0015005487
2017-06-02,0.0005819129
2017-06-05,-6.5104854e-05
2017-06-06,0.0016433472
2017-06-07,0.0020177634
2017-06-08,0.0005375801
2017-06-09,0.0012389929
2017-06-12,-4.1108335e-05
2017-06-13,-0.00079997536
2017-06-14,-0.00060960674
2017-06-15,-0.00045348925
2017-06-16,-0.00081169524
2017-06-19,0.00067763694
2017-06-20,0.00095847895
2017-06-21,0.001528504
2017-06-22,0.0018954774
2017-06-23,0.0013922529
2017-06-26,0.0007743302
2017-06-27,0.00012289199
2017-06-28,0.0020287982
2017-06-29,0.00095580576
2017-06-30,0.0025845182
2017-07-03,0.0014591162
2017-07-04,-0.0006339591
2017-07-05,0.00023448169
2017-07-06,0.0025491638
2017-07-07,0.0038000934
2017-07-10,0.0009330395
2017-07-11,0.002246448
2017-07-12,0.0014930643
2017-07-13,-0.00043959043
2017-07-14,0.00049139495
2017-07-17,-0.0005420897
2017-07-18,-0.0009027148
2017-07-19,6.6619024e-05
2017-07-20,-0.0017030112
2017-07-21,-0.0003186016
2017-07-24,-3.8395392e-05
2017-07-25,0.0011783183
2017-07-26,0.000729038
2017-07-27,0.0005112008
2017-07-28,0.0011638796
2017-07-31,0.002373309
2017-08-01,0.0019369225
2017-08-02,0.0009600829
2017-08-03,0.0023970718
2017-08-04,0.0015394483
2017-08-07,0.0006537215
2017-08-08,0.0007736445
2017-08-09,0.0011617723
2017-08-10,0.0014329216
2017-08-11,0.0019778167
2017-08-14,0.0021312805
2017-08-15,-0.0008447665
2017-08-16,0.0008974683
2017-08-17,0.00050451583
2017-08-18,0.0016003376
2017-08-21,0.0024237623
2017-08-22,-0.0005222835
2017-08-23,0.0006371432
2017-08-24,-0.0007693651
2017-08-25,0.00089594
2017-08-28,6.7298424e-05
2017-08-29,0.0020622215
2017-08-30,0.0018654449
2017-08-31,0.00043470194
2017-09-01,0.00013876402
2017-09-04,0.00062017934
2017-09-05,0.0012281452
2017-09-06,0.001651303
2017-09-07,0.00087374036
2017-09-08,-0.00016730877
2017-09-11,0.00020627574
2017-09-12,-0.000232218
2017-09-13,0.0026148686
2017-09-14,0.0020157918
2017-09-15,0.000111273526
2017-09-18,0.0001930121
2017-09-19,0.0017843521
2017-09-20,0.0021948125
2017-09-21,0.0018744359
2017-09-22,0.0015347052
2017-09-25,0.0021386445
2017-09-26,0.00045971645
2017-09-27,0.00053130684
2017-09-28,0.0020003794
2017-09-29,0.0003435307
2017-10-02,0.0004927214
2017-10-03,0.00081750023
2017-10-04,0.0006672941
2017-10-05,-0.00031582295
2017-10-06,-0.00020434595
2017-10-09,0.00086965173
2017-10-10,0.00083280663
2017-10-11,0.00013939872
2017-10-12,4.256512e-05
2017-10-13,0.00021233283
2017-10-16,0.000927749
2017-10-17,0.002127413
2017-10-18,0.0013135739
2017-10-19,0.0014726717
2017-10-20,0.001753838
2017-10-23,0.0020901866
2017-10-24,0.002001074
2017-10-25,0.0022151915
2017-10-26,0.0016987274
2017-10-27,0.0023393205
2017-10-30,0.0008037334
2017-10-31,0.0010428386
2017-11-01,0.0009298945
2017-11-02,0.00026402113
2017-11-03,-0.00057002646
2017-11-06,0.00017498225
2017-11-07,-0.0012308176
2017-11-08,-0.002304752
2017-11-09,-0.0022146374
2017-11-10,-0.0007535977
2017-11-13,0.00015088175
2017-11-14,-0.00024475052
2017-11-15,0.0017467976
2017-11-16,0.0038083172
2017-11-17,0.0010854113
2017-11-20,0.002253895
2017-11-21,0.0020993531
2017-11-22,0.00048597413
2017-11-23,0.0013221817
2017-11-24,0.0010529989
2017-11-27,0.00082994933
2017-11-28,0.001429539
2017-11-29,0.0013935332
2017-11-30,0.00083868526
2017-12-01,0.0005683826
2017-12-04,5.390729e-05
2017-12-05,0.0011624632
2017-12-06,0.0022651386
2017-12-07,0.001564511
2017-12-08,0.0008845604
2017-12-11,0.00035403023
2017-12-12,0.0010086669
2017-12-13,0.00036563
2017-12-14,0.00015329021
2017-12-15,0.0007785994
2017-12-18,-0.00036316866
2017-12-19,-0.0010419755
2017-12-20,0.0039389194
2017-12-21,0.003749055
2017-12-22,0.0024926318
2017-12-25,0.0006455594
2017-12-26,0.0011588363
2017-12-27,0.00058051106
2017-12-28,0.00070195564
2017-12-29,0.00042266867
2018-01-01,0.00094814185
2018-01-02,0.00089816144
2018-01-03,0.0008993616
2018-01-04,0.00069031876
2018-01-05,0.0030150802
2018-01-08,0.0013219161
2018-01-09,0.00026515048
2018-01-10,0.003126299
2018-01-11,0.0035532708
2018-01-12,0.00237592
2018-01-15,0.0023901062
2018-01-16,0.0010741338
2018-01-17,0.00086934475
2018-01-18,0.00012875545
2018-01-19,0.0019224262
2018-01-22,5.0725426e-05
2018-01-23,-0.0017706206
2018-01-24,-0.0038022923
2018-01-25,-0.0014258873
2018-01-26,-0.00011056428
2018-01-29,0.001016518
2018-01-30,0.0039404104
2018-01-31,0.0037869522
2018-02-01,-0.00025590026
2018-02-02,0.004648947
2018-02-05,0.0037132544
2018-02-06,0.005780668
2018-02-07,0.0016320738
2018-02-08,0.0014780416
2018-02-09,0.005094568
2018-02-12,-0.00036299857
2018-02-13,0.0009107082
2018-02-14,0.0003794907
2018-02-15,0.0013466484
2018-02-16,-0.0031248194
2018-02-19,-0.005513053
2018-02-20,-0.005019875
2018-02-21,0.0002450146
2018-02-22,0.00398451
2018-02-23,0.00017056327
2018-02-26,-0.00070906023
2018-02-27,0.0014149767
2018-02-28,0.006865828
2018-03-01,0.0031041515
2018-03-02,0.0018170325
2018-03-05,0.0013431167
2018-03-06,-0.00028439512
2018-03-07,9.7886026e-05
2018-03-08,-0.00025795266
2018-03-09,-0.0022709202
2018-03-12,-0.0010325339
2018-03-13,-0.0012358729
2018-03-14,-0.00015348311
2018-03-15,-0.0003123075
2018-03-16,0.0010696677
2018-03-19,0.00054620224
2018-03-20,0.0029184096
2018-03-21,0.002336616
2018-03-22,0.002500798
2018-03-23,0.0025697148
2018-03-26,0.003627588
2018-03-27,-0.00015172576
2018-03-28,0.00029676518
2018-03-29,-0.0019382542
2018-03-30,-3.6043977e-05
2018-04-02,-0.00013195291
2018-04-03,0.0019745743
2018-04-04,-0.00080254674
2018-04-05,-0.0022229822
2018-04-06,-0.0012448488
2018-04-09,0.00087134214
2018-04-10,0.0014968019
2018-04-11,0.0017915372
2018-04-12,0.0015896374
2018-04-13,0.003474147
2018-04-16,0.0011659692
2018-04-17,0.0004674935
2018-04-18,-0.00045823422
2018-04-19,0.00088907965
2018-04-20,0.0027016245
2018-04-23,0.0020121273
2018-04-24,0.001031389
2018-04-25,1.5431151e-05
2018-04-26,0.0012804855
2018-04-27,-0.0006883788
2018-04-30,-0.0019190231
2018-05-01,-7.2533665e-05
2018-05-02,-0.0009722194
2018-05-03,0.0012741678
2018-05-04,0.0011788366
2018-05-07,-0.0011448591
2018-05-08,-0.0012474696
2018-05-09,0.0008711547
2018-05-10,-4.448269e-05
2018-05-11,-0.0009915684
2018-05-14,0.0016346715
2018-05-15,0.0032545184
2018-05-16,0.0042132693
2018-05-17,0.001977062
2018-05-18,0.0017334629
2018-05-21,0.0009310562
2018-05-22,-0.00047298695
2018-05-23,0.0002795303
2018-05-24,-0.0006804287
2018-05-25,0.00041603675
2018-05-28,0.00022584612
2018-05-29,-1.341773e-05
2018-05-30,-0.0007188191
2018-05-31,-0.0035142929
2018-06-01,-0.0021853144
2018-06-04,-0.001360377
2018-06-05,-0.0011874842
2018-06-06,0.000961781
2018-06-07,0.0016676065
2018-06-08,0.0022088601
2018-06-11,0.0013838183
2018-06-12,0.0016608577
2018-06-13,0.00039398402
2018-06-14,0.0035703545
2018-06-15,0.0002780011
2018-06-18,0.0008233856
2018-06-19,0.0009236212
2018-06-20,0.0010492523
2018-06-21,-0.00044443784
2018-06-22,-0.0002338662
2018-06-25,-0.00083978183
2018-06-26,0.00014472783
2018-06-27,-0.0005127074
2018-06-28,0.00093370065
2018-06-29,-0.0011695146
2018-07-02,-0.00041361968
2018-07-03,0.0017083548
2018-07-04,7.716311e-05
2018-07-05,0.0011187692
2018-07-06,-0.0004531484
2018-07-09,0.00031585046
2018-07-10,0.0022658007
2018-07-11,0.0012705453
2018-07-12,0.0012999801
2018-07-13,0.0006788538
2018-07-16,0.0012471759
2018-07-17,0.0016986158
2018-07-18,0.0019837697
2018-07-19,0.0019176312
2018-07-20,-0.00027354818
2018-07-23,0.0020315214
2018-07-24,0.0015136042
2018-07-25,0.0017635124
2018-07-26,2.1818452e-05
2018-07-27,0.0001814466
2018-07-30,0.0019758178
2018-07-31,0.00058579317
2018-08-01,-0.0020301088
2018-08-02,-0.0019885784
2018-08-03,0.00055602996
2018-08-06,-0.0009136974
2018-08-07,0.00010843599
2018-08-08,0.0010761867
2018-08-09,0.002161436
2018-08-10,0.0017470297
2018-08-13,0.0028520469
2018-08-14,0.0021002863
2018-08-15,0.00085792365
2018-08-16,0.00015669204
2018-08-17,9.494968e-05
2018-08-20,-0.00035636895
2018-08-21,0.0005358717
2018-08-22,0.001341495
2018-08-23,0.0017166876
2018-08-24,0.0012955328
2018-08-27,-0.0006247505
2018-08-28,0.0002896599
2018-08-29,-0.0011276815
2018-08-30,0.0007637462
2018-08-31,0.0021534064
2018-09-03,0.0012231766
2018-09-04,0.0013481262
2018-09-05,0.002852032
2018-09-06,0.0006530409
2018-09-07,0.00046094946
2018-09-10,0.0020668004
2018-09-11,0.00028941277
2018-09-12,0.0005780857
2018-09-13,0.0007864164
2018-09-14,0.00038719337
2018-09-17,0.0019561667
2018-09-18,0.0009113566
2018-09-19,0.001585323
2018-09-20,0.002619081
2018-09-21,-0.00021508073
2018-09-24,0.00062672707
2018-09-25,0.0033943006
2018-09-26,0.0018895263
2018-09-27,0.0030820973
2018-09-28,0.00096748996
2018-10-01,-0.0006356089
2018-10-02,0.0019165045
2018-10-03,0.0014211852
2018-10-04,0.0025909168
2018-10-05,0.0025843498
2018-10-08,0.0012289018
2018-10-09,-0.001183931
2018-10-10,-0.00010051554
2018-10-11,0.0028171856
2018-10-12,0.00626689
2018-10-15,0.002872962
2018-10-16,0.0007937652
2018-10-17,-0.0015841444
2018-10-18,0.0008361919
2018-10-19,0.0016318503
2018-10-22,0.00023401507
2018-10-23,0.0023210058
2018-10-24,0.00038194336
2018-10-25,-0.0020064465
2018-10-26,-0.0027974274
2018-10-29,0.004727878
2018-10-30,-1.5535325e-05
2018-10-31,-0.0010040611
2018-11-01,0.0027496757
2018-11-02,0.0009960688
2018-11-05,0.0030112572
2018-11-06,9.7104705e-05
2018-11-07,0.0006138746
2018-11-08,-0.0005356545
2018-11-09,-0.00032606628
2018-11-12,-0.00030536554
2018-11-13,-0.00023606744
2018-11-14,0.0012531815
2018-11-15,0.0014708238
2018-11-16,0.00223793
2018-11-19,-3.6554318e-06
2018-11-20,0.0004208945
2018-11-21,0.0024657513
2018-11-22,0.0014703557
2018-11-23,0.0012807631
2018-11-26,0.0011800994
2018-11-27,0.00080613786
2018-11-28,0.0004361995
2018-11-29,-0.000657939
2018-11-30,5.649037e-05
2018-12-03,-0.0019963728
2018-12-04,-0.0014933104
2018-12-05,0.0019071951
2018-12-06,0.0013172772
2018-12-07,-0.0029603608
2018-12-10,0.0021007606
2018-12-11,0.0026289925
2018-12-12,0.0017069571
2018-12-13,0.0037212926
2018-12-14,0.00100191
2018-12-17,0.0016316349
2018-12-18,0.0075999126
2018-12-19,0.000837357
2018-12-20,0.0021816948
2018-12-21,0.0029785428
2018-12-24,0.0033519196
2018-12-25,0.00851016
2018-12-26,0.002773468
2018-12-27,-0.0008623891
2018-12-28,0.0005786376
2018-12-31,3.346767e-05
2019-01-01,-0.0008784819
2019-01-02,-0.004916059
2019-01-03,-0.0021902348
2019-01-04,-0.0009777342
2019-01-07,-0.0041303844
2019-01-08,-0.0044057127
2019-01-09,-0.0039872983
2019-01-10,0.00020221189
2019-01-11,0.0016067952
2019-01-14,0.0034027824
2019-01-15,0.0029461114
2019-01-16,0.0016871078
2019-01-17,0.0011533689
2019-01-18,0.0009487465
2019-01-21,0.0007875034
2019-01-22,-0.0002748479
2019-01-23,0.0007649819
2019-01-24,0.0018353325
2019-01-25,0.0010688934
2019-01-28,-0.0004316345
2019-01-29,-0.00050170324
2019-01-30,-0.00043743104
2019-01-31,-0.001438606
2019-02-01,-0.0023108155
2019-02-04,-4.8019505e-05
2019-02-05,-0.0014997345
2019-02-06,-0.0007910902
2019-02-07,0.0009211176
2019-02-08,-0.00024849467
2019-02-11,0.00076911866
2019-02-12,0.00050288293
2019-02-13,0.0021140063
2019-02-14,0.000788083
2019-02-15,0.0006796161
2019-02-18,8.991967e-05
2019-02-19,0.0006862572
2019-02-20,0.00069773156
2019-02-21,0.0013570378
2019-02-22,0.00042376362
2019-02-25,-0.00037597434
2019-02-26,0.0014547338
2019-02-27,0.0014298325
2019-02-28,0.00180174
2019-03-01,0.0009360947
2019-03-04,0.0013321374
2019-03-05,0.00052184094
2019-03-06,0.0005664829
2019-03-07,0.0013575583
2019-03-08,0.0013760638
2019-03-11,0.0008259298
2019-03-12,-0.0013776027
2019-03-13,-0.0011714844
2019-03-14,-0.0011306463
2019-03-15,-0.0005267671
2019-03-18,0.001019354
2019-03-19,0.0019321884
2019-03-20,0.0019924163
2019-03-21,0.0009520707
2019-03-22,-0.0013927257
2019-03-25,0.002128324
2019-03-26,0.0014263653
2019-03-27,0.0002552513
2019-03-28,0.001351427
2019-03-29,-0.00019762739
2019-04-01,0.0006894051
2019-04-02,0.0009323663
2019-04-03,-0.00018162157
2019-04-04,0.00042920653
2019-04-05,0.000607178
2019-04-08,-0.0006263673
2019-04-09,0.0017093788
2019-04-10,0.002217368
2019-04-11,0.00024686256
2019-04-12,0.0010916612
2019-04-15,0.00041272942
2019-04-16,0.0014599804
2019-04-17,0.0040789875
2019-04-18,0.0029741453
2019-04-19,0.0005332908
2019-04-22,0.00078200706
2019-04-23,0.0022634026
2019-04-24,-0.00034834136
2019-04-25,-0.00047796452
2019-04-26,0.0008212919
2019-04-29,-0.0005779825
2019-04-30,0.0013164511
2019-05-01,-0.0008889317
2019-05-02,-0.0006208223
2019-05-03,-0.0006868364
2019-05-06,-0.0011842046
2019-05-07,0.0005626774
2019-05-08,0.004182207
2019-05-09,0.002902697
2019-05-10,0.0017192924
2019-05-13,0.00014270884
2019-05-14,0.0011903739
2019-05-15,0.00063200935
2019-05-16,-0.0001412996
2019-05-17,0.000118004165
2019-05-20,0.00075502595
2019-05-21,0.0022540751
2019-05-22,-0.00016555136
2019-05-23,0.00010101262
2019-05-24,0.00012329394
2019-05-27,0.00044153162
2019-05-28,0.0005937726
2019-05-29,0.002829537
2019-05-30,0.003691419
2019-05-31,0.0012755021
2019-06-03,0.00046266438
2019-06-04,0.0006253249
2019-06-05,0.0012817426
2019-06-06,-0.0021392773
2019-06-07,-0.0007433754
2019-06-10,-0.0003839236
2019-06-11,0.0003805654
2019-06-12,-0.00023200117
2019-06-13,-0.00014592869
2019-06-14,-2.9855573e-05
2019-06-17,0.0006290256
2019-06-18,-0.0016802865
2019-06-19,0.00090857677
2019-06-20,0.000682985
2019-06-21,0.00081847
2019-06-24,0.0035909784
2019-06-25,0.002343186
2019-06-26,0.0033553233
2019-06-27,0.004381053
2019-06-28,4.7813704e-05
2019-07-01,0.00028838465
2019-07-02,0.0008020672
2019-07-03,-0.0011193614
2019-07-04,-0.0010695724
2019-07-05,5.6975707e-05
2019-07-08,0.000631396
2019-07-09,-0.0010107232
2019-07-10,-0.0022530353
2019-07-11,-0.0032143947
2019-07-12,0.0008196554
2019-07-15,0.0007479932
2019-07-16,0.002180164
2019-07-17,0.0026930752
2019-07-18,0.0025991695
2019-07-19,0.0014049821
2019-07-22,0.0031186347
2019-07-23,0.0013509714
2019-07-24,-0.00021725187
2019-07-25,0.00047211695
2019-07-26,0.0012444506
2019-07-29,-3.274812e-06
2019-07-30,-0.000816921
2019-07-31,-0.001333002
2019-08-01,0.0005784528
2019-08-02,0.00027526525
2019-08-05,-0.0008186026
2019-08-06,0.0037596151
2019-08-07,0.00028173518
2019-08-08,3.3534492e-05
2019-08-09,-0.0017696911
2019-08-12,0.000903638
2019-08-13,0.0018636173
2019-08-14,0.0013728375
2019-08-15,0.003628716
2019-08-16,0.00036891666
2019-08-19,-0.0010109661
2019-08-20,-0.0009412657
2019-08-21,0.0017909536
2019-08-22,0.0007485581
2019-08-23,0.00018283263
2019-08-26,0.0030629423
2019-08-27,0.00056288525
2019-08-28,0.0014574642
2019-08-29,0.0006542222
2019-08-30,-0.00017303535
2019-09-02,0.00057219237
2019-09-03,-4.2196966e-06
2019-09-04,-0.0011433639
2019-09-05,-0.001101322
2019-09-06,0.0018314072
2019-09-09,0.00086662004
2019-09-10,0.0015790046
2019-09-11,0.0026832998
2019-09-12,0.0008249003
2019-09-13,0.000257616
2019-09-16,0.0026304848
2019-09-17,0.00047805914
2019-09-18,-0.00043318793
2019-09-19,0.0012299205
2019-09-20,0.00067610294
2019-09-23,0.00051864993
2019-09-24,0.00033157918
2019-09-25,0.00044665707
2019-09-26,-0.0001478978
2019-09-27,-0.0010867795
2019-09-30,0.0008578176
2019-10-01,0.00043123015
2019-10-02,0.0028680433
2019-10-03,0.002585307
2019-10-04,0.0002920587
2019-10-07,0.00029460606
2019-10-08,0.0012456365
2019-10-09,0.0017107287
2019-10-10,0.0008795035
2019-10-11,0.0007310051
2019-10-14,0.00044713635
2019-10-15,0.000574914
2019-10-16,0.0007554912
2019-10-17,0.00071704003
2019-10-18,-0.00010645651
2019-10-21,-0.00057829695
2019-10-22,-0.000691777
2019-10-23,0.0007757077
2019-10-24,0.00052767486
2019-10-25,0.0015906771
2019-10-28,0.0025593578
2019-10-29,0.002481479
2019-10-30,0.0005058347
2019-10-31,0.00034786787
2019-11-01,0.0013964745
2019-11-04,0.0014253735
2019-11-05,0.002218918
2019-11-06,0.0035929724
2019-11-07,0.0013760328
2019-11-08,0.0023041
2019-11-11,0.0015355932
2019-11-12,0.0007301507
2019-11-13,0.0017080093
2019-11-14,-0.00030543073
2019-11-15,-0.00078331435
2019-11-18,-0.00059820886
2019-11-19,-0.000389594
2019-11-20,-0.00039598718
2019-11-21,5.257288e-05
2019-11-22,0.0024863412
2019-11-25,0.0013391946
2019-11-26,0.00012843158
2019-11-27,-0.0007907307
2019-11-28,0.0008943252
2019-11-29,0.0020245055
2019-12-02,0.0027731739
2019-12-03,0.0039935345
2019-12-04,0.0009615065
2019-12-05,0.00054704054
2019-12-06,0.00068757473
2019-12-09,0.0004296024
2019-12-10,0.0003147598
2019-12-11,0.0010066126
2019-12-12,0.0023980818
2019-12-13,0.003441234
2019-12-16,0.0017089626
2019-12-17,0.00034377485
2019-12-18,0.0021892963
2019-12-19,-0.00021021177
2019-12-20,-0.0007944418
2019-12-23,-0.0009576555
2019-12-24,0.00045106272
2019-12-25,0.00032417985
2019-12-26,0.00067433843
2019-12-27,1.8350556e-05
2019-12-30,-0.00025251583
2019-12-31,-0.0008282566
2020-01-01,-0.00089581567
2020-01-02,0.0010481854
2020-01-03,0.0037888167
2020-01-06,0.0014270502
2020-01-07,0.0015026645
2020-01-08,0.002897808
2020-01-09,0.0011401679
2020-01-10,0.0010320902
2020-01-13,-9.108846e-05
2020-01-14,-0.0009290924
2020-01-15,0.0003507733
2020-01-16,-0.00074961304
2020-01-17,-0.00090328685
2020-01-20,2.9854951e-05
2020-01-21,-0.00010032392
2020-01-22,-0.0015973524
2020-01-23,0.00069432566
2020-01-24,-0.0006821201
2020-01-27,0.001440078
2020-01-28,0.0023550333
2020-01-29,0.0013015236
2020-01-30,0.001992199
2020-01-31,0.00128965
2020-02-03,0.002829313
2020-02-04,0.0010151943
2020-02-05,-0.00040124345
2020-02-06,0.0003763331
2020-02-07,1.6795713e-05
2020-02-10,0.00035626788
2020-02-11,-0.0010618978
2020-02-12,-0.0017179461
2020-02-13,-0.0016213212
2020-02-14,-0.0015023608
2020-02-17,-0.0024536685
2020-02-18,-0.0009219401
2020-02-19,0.0008172913
2020-02-20,0.0033738285
2020-02-21,0.00033727448
2020-02-24,0.0010130338
2020-02-25,0.0034592333
2020-02-26,0.0062545957
2020-02-27,0.0031207835
2020-02-28,0.0125677725
2020-03-02,0.007988814
2020-03-03,-0.001477034
2020-03-04,0.0009504378
2020-03-05,8.846826e-05
2020-03-06,0.0028041813
2020-03-09,0.002669403
2020-03-10,0.019420477
2020-03-11,-0.0009698495
2020-03-12,0.010924248
2020-03-13,0.034829237
2020-03-16,-0.0040897704
2020-03-17,0.043357503
2020-03-18,-0.00050431676
2020-03-19,0.019648632
2020-03-20,0.0045444
2020-03-23,0.011658998
2020-03-24,0.018548524
2020-03-25,0.007906983
2020-03-26,-0.0005964546
2020-03-27,-0.035407927
2020-03-30,-0.10473015
2020-03-31,-0.1558453
2020-04-01,0.012670938
2020-04-02,0.18970138
2020-04-03,-0.0075539714
2020-04-06,-0.013435176
2020-04-07,-0.00890547
2020-04-08,0.00885958
2020-04-09,0.0025769244
2020-04-10,0.0006045904
2020-04-13,0.012414145
2020-04-14,0.01705832
2020-04-15,0.0018196957
2020-04-16,0.010370037
2020-04-17,0.005405219
2020-04-20,-0.018263342
2020-04-21,-0.010860512
2020-04-22,0.008067995
2020-04-23,6.90372e-05
2020-04-24,-0.0014610064
2020-04-27,-0.00019100371
2020-04-28,0.0011389866
2020-04-29,0.0071757096
2020-04-30,-0.0004167247
2020-05-01,-0.00845934
2020-05-04,-0.025903355
2020-05-05,-0.00972503
2020-05-06,-0.015605897
2020-05-07,0.0025645685
2020-05-08,0.0013304077
2020-05-11,-0.0009876733
2020-05-12,0.0036284388
2020-05-13,0.009693306
2020-05-14,0.0071423613
2020-05-15,0.0013417571
2020-05-18,0.0003262825
2020-05-19,-0.0022920836
2020-05-20,-2.5042906e-05
2020-05-21,-0.0024666267
2020-05-22,-0.006636394
2020-05-25,-0.014065193
2020-05-26,-0.006623283
2020-05-27,-0.01413716
2020-05-28,-0.0089702625
2020-05-29,-0.0066283164
2020-06-01,-0.007095358
2020-06-02,-0.010212564
2020-06-03,-0.0004521507
2020-06-04,-0.0055627935
2020-06-05,0.0057429755
2020-06-08,-0.0015393341
2020-06-09,-0.0013549228
2020-06-10,0.002987303
2020-06-11,0.0072491714
2020-06-12,0.024614498
2020-06-15,-0.0018217455
2020-06-16,-0.0019481726
2020-06-17,-0.0017985218
2020-06-18,0.001790137
2020-06-19,0.0032708948
2020-06-22,0.0051033595
2020-06-23,0.0031960327
2020-06-24,0.003213256
2020-06-25,0.007963046
2020-06-26,0.0018032384
2020-06-29,0.0022614358
2020-06-30,-0.0022446476
2020-07-01,-0.0050069103
2020-07-02,-0.0053550936
2020-07-03,-0.005118427
2020-07-06,0.00084820314
2020-07-07,0.0024749825
2020-07-08,0.0048031043
2020-07-09,0.0018036428
2020-07-10,-0.004110759
2020-07-13,0.00022086348
2020-07-14,0.0045764633
2020-07-15,0.0013822096
2020-07-16,0.0004768305
2020-07-17,0.0026814884
2020-07-20,-4.8221544e-05
2020-07-21,0.0023257677
2020-07-22,0.0009908866
2020-07-23,-0.0015239684
2020-07-24,-0.00018832627
2020-07-27,-0.002640639
2020-07-28,-0.0033723854
2020-07-29,-0.004703746
2020-07-30,-0.002904006
2020-07-31,0.0016019406
2020-08-03,0.0023111731
2020-08-04,0.004284849
2020-08-05,-0.00055470574
2020-08-06,0.0017811627
2020-08-07,0.0011708689
2020-08-10,-0.00068099017
2020-08-11,0.0003766802
2020-08-12,0.0033339288
2020-08-13,0.00048467098
2020-08-14,0.0025710275
2020-08-17,0.0014028919
2020-08-18,-0.0001160248
2020-08-19,0.0010844914
2020-08-20,0.0032260618
2020-08-21,0.00016961947
2020-08-24,-3.186781e-05
2020-08-25,-0.0006519025
2020-08-26,0.00020780756
2020-08-27,0.0023214733
2020-08-28,-0.0007740252
2020-08-31,-0.0007645952
2020-09-01,0.0007761298
2020-09-02,0.00066616334
2020-09-03,-0.0029656007
2020-09-04,0.0013421327
2020-09-07,0.0025858004
2020-09-08,0.0019364316
2020-09-09,0.003297797
2020-09-10,0.0005356806
2020-09-11,0.0028016868
2020-09-14,0.0023687494
2020-09-15,-0.0016494304
2020-09-16,-0.001134275
2020-09-17,-0.0010294765
2020-09-18,0.0028927203
2020-09-21,0.004572828
2020-09-22,0.008057959
2020-09-23,0.00057309575
2020-09-24,0.005163758
2020-09-25,0.0012901701
2020-09-28,-0.0013684641
2020-09-29,-0.001899354
2020-09-30,0.0011495427
2020-10-01,0.0010307012
2020-10-02,-0.0021423649
2020-10-05,-0.0046949424
2020-10-06,-0.005958296
2020-10-07,-0.009386385
2020-10-08,-0.008684081
2020-10-09,-0.014846434
2020-10-12,-0.0073204767
2020-10-13,0.0039031908
2020-10-14,0.0076214997
2020-10-15,0.0029752473
2020-10-16,-3.8696966e-05
2020-10-19,0.0010690809
2020-10-20,0.0027058357
2020-10-21,0.00013941065
2020-10-22,0.0015770617
2020-10-23,0.001466373
2020-10-26,0.00073250796
2020-10-27,0.0024352828
2020-10-28,0.0031530214
2020-10-29,0.0051806853
2020-10-30,0.00013397871
2020-11-02,0.0014348482
2020-11-03,-0.0022469463
2020-11-04,-0.004045361
2020-11-05,-0.0029322852
2020-11-06,-0.000732893
2020-11-09,0.0011141442
2020-11-10,-0.0051578204
2020-11-11,-0.007580838
2020-11-12,-0.008697154
2020-11-13,0.0008192893
2020-11-16,-0.005965453
2020-11-17,-0.004912698
2020-11-18,0.0021629361
2020-11-19,0.008405168
2020-11-20,0.002650089
2020-11-23,0.0019936976
2020-11-24,0.0007313635
2020-11-25,0.00015495547
2020-11-26,0.0006177904
2020-11-27,0.00082174555
2020-11-30,0.0012814134
2020-12-01,0.002264127
2020-12-02,2.4934425e-05
2020-12-03,0.0014544935
2020-12-04,-6.981496e-05
2020-12-07,-0.0033881634
2020-12-08,0.0004470504
2020-12-09,0.0009500626
2020-12-10,0.001509063
2020-12-11,0.00060654193
2020-12-14,0.0015384599
2020-12-15,0.0021801435
2020-12-16,-0.0012386948
2020-12-17,0.00015388358
2020-12-18,-0.00054079713
2020-12-21,0.003490735
2020-12-22,0.0025957215
2020-12-23,0.00054836686
2020-12-24,0.0018390974
2020-12-25,2.1299997e-05
2020-12-28,0.0006144714
2020-12-29,-0.0005486886
2020-12-30,0.0020394903
2020-12-31,0.00018894051
2021-01-01,-0.00049833185
2021-01-04,0.0011449143
2021-01-05,0.006203698
2021-01-06,0.0020489316
2021-01-07,0.0009967365
2021-01-08,0.0011807457
2021-01-11,-0.0003565983
2021-01-12,0.0023634436
2021-01-13,0.0014021419
2021-01-14,-0.00030344306
2021-01-15,0.00014429096
2021-01-18,-0.0013739594
2021-01-19,-0.0008457063
2021-01-20,-6.474944e-05
2021-01-21,-0.0048321025
2021-01-22,-0.00084854476
2021-01-25,-0.0006588802
2021-01-26,-0.00049620913
2021-01-27,-0.00055397523
2021-01-28,0.0049212435
2021-01-29,0.0019616564
2021-02-01,0.003136975
2021-02-02,-0.0015048139
2021-02-03,-0.00019093107
2021-02-04,0.0011499991
2021-02-05,0.000111425565
2021-02-08,0.0003416108
2021-02-09,-0.00060530344
2021-02-10,-0.00076384563
2021-02-11,-0.0009318143
2021-02-12,-0.0006080852
2021-02-15,0.00033087237
2021-02-16,0.0005097969
2021-02-17,0.0018481497
2021-02-18,0.0018950298
2021-02-19,0.0020371736
2021-02-22,0.00064378505
2021-02-23,1.718064e-05
2021-02-24,0.00010194549
2021-02-25,-0.00042284315
2021-02-26,0.00299146
2021-03-01,0.0030704248
2021-03-02,0.0009192107
2021-03-03,0.002112648
2021-03-04,0.001849315
2021-03-05,0.0026567625
2021-03-08,-9.724163e-06
2021-03-09,-0.00033524528
2021-03-10,-0.00018277425
2021-03-11,-0.0006680181
2021-03-12,-0.0013739256
2021-03-15,-0.0029794623
2021-03-16,-0.0046280553
2021-03-17,-0.004499146
2021-03-18,-0.005885006
2021-03-19,-0.0025681166
2021-03-22,0.0038930404
2021-03-23,0.0019616242
2021-03-24,0.0028217463
2021-03-25,0.0022655097
2021-03-26,0.00012392057
2021-03-29,-0.0016224025
2021-03-30,0.0011698463
2021-03-31,0.0009531607
2021-04-01,0.0015775935
2021-04-02,-0.0015300658
2021-04-05,-0.0010230233
2021-04-06,-0.0023670632
2021-04-07,-0.0030074862
2021-04-08,-0.002085917
2021-04-09,0.0002374096
2021-04-12,0.0017615911
2021-04-13,0.0011392788
2021-04-14,0.00084326544
2021-04-15,0.0020556895
2021-04-16,-0.00097345584
2021-04-19,1.0892118e-05
2021-04-20,0.00038686782
2021-04-21,-0.0007472547
2021-04-22,-0.0014844869
2021-04-23,0.000541383
2021-04-26,0.00015074467
2021-04-27,-2.1020698e-05
2021-04-28,0.0005230434
2021-04-29,0.0008019416
2021-04-30,7.807953e-05
2021-05-03,0.00045530548
2021-05-04,0.0014200057
2021-05-05,0.0022023038
2021-05-06,0.0036123341
2021-05-07,0.00085814163
2021-05-10,-0.00084236346
2021-05-11,0.00041281924
2021-05-12,0.002343483
2021-05-13,0.0049360413
2021-05-14,0.0002449095
2021-05-17,-0.0007936008
2021-05-18,0.00016448642
2021-05-19,0.0005732082
2021-05-20,0.0011805198
2021-05-21,-0.0012104344
2021-05-24,-3.4430635e-05
2021-05-25,-0.0020061356
2021-05-26,-0.00074841606
2021-05-27,-0.0012816986
2021-05-28,0.00080699194
2021-05-31,0.00044491616
2021-06-01,0.0014534093
2021-06-02,-0.0013886195
2021-06-03,-0.0019057143
2021-06-04,0.0014513688
2021-06-07,0.0019717554
2021-06-08,3.2010907e-05
2021-06-09,-0.00036575372
2021-06-10,-0.00065180426
2021-06-11,-0.0006853385
2021-06-14,0.0013972309
2021-06-15,0.0005835127
2021-06-16,0.0025937601
2021-06-17,0.0023334185
2021-06-18,0.0015938911
2021-06-21,0.0033697872
2021-06-22,-0.0010988112
2021-06-23,0.0010930083
2021-06-24,0.0011612391
2021-06-25,0.0011692707
2021-06-28,0.00020011138
2021-06-29,0.00061200076
2021-06-30,0.0008987323
2021-07-01,0.001367106
2021-07-02,-0.00030659162
2021-07-05,-0.0010186171
2021-07-06,-0.00011763698
2021-07-07,-0.00055379793
2021-07-08,6.3760795e-05
2021-07-09,0.001759341
2021-07-12,-0.0010880749
2021-07-13,-0.00033475476
2021-07-14,0.0028910257
2021-07-15,0.0003076233
2021-07-16,0.0005804837
2021-07-19,0.00018720956
2021-07-20,0.004324517
2021-07-21,-0.0014548291
2021-07-22,0.0008066456
2021-07-23,0.0023407773
2021-07-26,0.00048751888
2021-07-27,0.0009605571
2021-07-28,0.00022338201
2021-07-29,0.001061372
2021-07-30,0.00076257065
2021-08-02,0.0004322278
2021-08-03,0.0007028049
2021-08-04,0.0005104362
2021-08-05,0.0011797656
2021-08-06,-0.0010140516
2021-08-09,0.0011114457
2021-08-10,0.002112683
2021-08-11,0.0026163568
2021-08-12,0.0007164838
2021-08-13,0.00069655385
2021-08-16,0.00016645381
2021-08-17,0.00022440635
2021-08-18,0.0012164562
2021-08-19,0.0023633887
2021-08-20,0.0004018036
2021-08-23,0.00015136438
2021-08-24,0.000986479
2021-08-25,0.001772953
2021-08-26,0.0012958872
2021-08-27,0.0010523781
2021-08-30,-0.00049223704
2021-08-31,-0.0010258808
2021-09-01,-0.0004287333
2021-09-02,-0.0025005254
2021-09-03,-0.0006882816
2021-09-06,0.00020225403
2021-09-07,0.00017558354
2021-09-08,0.0018506214
2021-09-09,0.0004464303
2021-09-10,0.0046481355
2021-09-13,0.0044159605
2021-09-14,0.0008584447
2021-09-15,0.0011350935
2021-09-16,0.00062216667
2021-09-17,0.00078575854
2021-09-20,0.0019454631
2021-09-21,0.0019921637
2021-09-22,0.0013899289
2021-09-23,-8.532477e-06
2021-09-24,-0.00054533733
2021-09-27,0.00017305759
2021-09-28,0.0017478943
2021-09-29,0.001488122
2021-09-30,0.00031029148
2021-10-01,0.0038847968
2021-10-04,0.00021370618
2021-10-05,0.0013796835
2021-10-06,0.002394524
2021-10-07,0.00044789896
2021-10-08,0.00032269693
2021-10-11,0.0014392548
2021-10-12,0.00046778325
2021-10-13,-0.001850759
2021-10-14,-0.0013442714
2021-10-15,-0.0019376714
2021-10-18,-0.00040363858
2021-10-19,-0.0004165317
2021-10-20,0.00073835574
2021-10-21,-0.0005467797
2021-10-22,0.00137112
2021-10-25,0.000893791
2021-10-26,0.0006735924
2021-10-27,0.00064702815
2021-10-28,0.0027737932
2021-10-29,-0.00076068495
2021-11-01,0.002651884
2021-11-02,0.0008689907
2021-11-03,0.00035016338
2021-11-04,0.00046500805
2021-11-05,0.0020981722
2021-11-08,0.00039104023
2021-11-09,0.0006757344
2021-11-10,0.000543201
2021-11-11,0.0013273587
2021-11-12,0.0007927253
2021-11-15,0.00083909923
2021-11-16,-0.00035784347
2021-11-17,0.0010960528
2021-11-18,0.0006197643
2021-11-19,0.00075176335
2021-11-22,0.0018075028
2021-11-23,0.0019472463
2021-11-24,0.00018511225
2021-11-25,-0.0013046102
2021-11-26,0.00058322796
2021-11-29,0.0047890907
2021-11-30,0.0010073031
2021-12-01,0.0038209439
2021-12-02,0.0040389113
2021-12-03,-0.0021858113
2021-12-06,0.0007280789
2021-12-07,-0.0013902417
2021-12-08,-0.0017742974
2021-12-09,-0.0015949715
2021-12-10,0.0016246734
2021-12-13,-0.00044940482
2021-12-14,-0.0017099235
2021-12-15,0.0013593662
2021-12-16,-0.0016761989
2021-12-17,0.0006247987
2021-12-20,0.0016297024
2021-12-21,0.0032447698
2021-12-22,0.0007440099
2021-12-23,0.00021282783
2021-12-24,0.0011434254
2021-12-27,0.0010820507
2021-12-28,-0.0011663137
2021-12-29,-0.0009120668
2021-12-30,-0.003737408
2021-12-31,-0.00149847
2022-01-03,-0.0019587907
2022-01-04,0.0013163296
2022-01-05,0.0017582687
2022-01-06,0.0067891576
2022-01-07,0.0020924904
2022-01-10,0.002167087
2022-01-11,0.0017423285
2022-01-12,0.0009300608
2022-01-13,0.0006712513
2022-01-14,0.0011193941
2022-01-17,0.0021746634
2022-01-18,0.0015478797
2022-01-19,0.0022229813
2022-01-20,0.0026823846
2022-01-21,0.002637064
2022-01-24,0.0009468271
2022-01-25,0.0004571321
2022-01-26,0.0012491507
2022-01-27,0.003753206
2022-01-28,0.0045909905
2022-01-31,-0.0020084432
2022-02-01,-0.00102025
2022-02-02,0.001258212
2022-02-03,-0.0028732778
2022-02-04,-3.9199298e-05
2022-02-07,0.00051315146
2022-02-08,-0.00022051837
2022-02-09,0.0016286352
2022-02-10,-0.0018758666
2022-02-11,0.0060263504
2022-02-14,0.004863473
2022-02-15,0.0036607806
2022-02-16,0.0006298318
2022-02-17,0.0005082209
2022-02-18,0.002395233
2022-02-21,0.0021975697
2022-02-22,0.0013301277
2022-02-23,0.0014350672
2022-02-24,0.002824778
2022-02-25,-0.0027240242
2022-02-28,-0.0038031584
2022-03-01,0.001706401
2022-03-02,0.0015989316
2022-03-03,-0.0013636132
2022-03-04,-0.0014413617
2022-03-07,-0.0015004148
2022-03-08,0.0033973216
2022-03-09,0.002478064
2022-03-10,0.00017129329
2022-03-11,0.00077198446
2022-03-14,0.0026872233
2022-03-15,0.0030531958
2022-03-16,0.001072576
2022-03-17,-0.00018653068
2022-03-18,-0.001145419
2022-03-21,0.00047067238
2022-03-22,0.0016213636
2022-03-23,0.00036407725
2022-03-24,0.0011119769
2022-03-25,-0.0003074761
2022-03-28,-0.00086771266
2022-03-29,-0.0017023472
2022-03-30,-0.005553514
2022-03-31,0.0008623387
2022-04-01,0.0036003361
2022-04-04,-0.00090016425
2022-04-05,0.0009384826
2022-04-06,0.0014230168
2022-04-07,-0.00047825812
2022-04-08,0.0023496784
2022-04-11,0.0011360265
2022-04-12,0.002563222
2022-04-13,0.001723253
2022-04-14,0.00040815567
2022-04-15,0.0013995076
2022-04-18,0.0010422105
2022-04-19,0.0014266201
2022-04-20,-0.0013021162
2022-04-21,-0.0025110112
2022-04-22,-0.001592947
2022-04-25,0.0015051927
2022-04-26,0.00065020856
2022-04-27,0.0038825236
2022-04-28,0.0027138423
2022-04-29,-0.0014358176
2022-05-02,0.009169257
2022-05-03,0.0067461836
2022-05-04,0.00035633225
2022-05-05,-0.0008163408
2022-05-06,0.0035112235
2022-05-09,0.0030535355
2022-05-10,0.010856048
2022-05-11,0.007994381
2022-05-12,0.0039047184
2022-05-13,0.0019845343
2022-05-16,-0.0016346449
2022-05-17,-0.003852384
2022-05-18,-0.0060033556
2022-05-19,0.0034152803
2022-05-20,0.00150057
2022-05-23,-0.0028479719
2022-05-24,-0.0036312363
2022-05-25,-0.0057986313
2022-05-26,-0.0031871952
2022-05-27,0.005048904
2022-05-30,-0.004863734
2022-05-31,-0.0026357202
2022-06-01,0.007847876
2022-06-02,0.005293979
2022-06-03,0.0009009633
2022-06-06,0.0033223021
2022-06-07,0.0021697998
2022-06-08,-0.0008459368
2022-06-09,0.0040349215
2022-06-10,0.0057251914
2022-06-13,0.004664115
2022-06-14,0.01175645
2022-06-15,0.002897036
2022-06-16,0.0005968937
2022-06-17,0.007188447
2022-06-20,0.004526554
2022-06-21,0.0031590222
2022-06-22,0.0008071176
2022-06-23,-0.002660431
2022-06-24,-0.009370758
2022-06-27,-0.016586976
2022-06-28,-0.021907609
2022-06-29,-0.023878517
2022-06-30,-0.01656948
2022-07-01,0.00884388
2022-07-04,0.0047059217
2022-07-05,0.007182176
2022-07-06,0.0029879534
2022-07-07,0.0013087026
2022-07-08,0.00032735366
2022-07-11,0.0011030498
2022-07-12,0.0014956654
2022-07-13,0.0015461929
2022-07-14,0.0015046021
2022-07-15,0.0020072956
2022-07-18,-0.0006330116
2022-07-19,0.0005794636
2022-07-20,-0.0032320938
2022-07-21,-0.001130989
2022-07-22,-0.0012407763
2022-07-25,-0.0001656087
2022-07-26,0.00015269559
2022-07-27,-0.00062802865
2022-07-28,-0.002011561
2022-07-29,-0.008095998
2022-08-01,-0.0019310158
2022-08-02,0.0021279235
2022-08-03,0.004428715
2022-08-04,0.0020427261
2022-08-05,0.0020706223
2022-08-08,0.0011595358
2022-08-09,2.4378774e-05
2022-08-10,0.00015679149
2022-08-11,-0.0012065304
2022-08-12,0.00035200053
2022-08-15,-0.0016268328
2022-08-16,-0.0012402391
2022-08-17,0.00055163
2022-08-18,0.0009881897
2022-08-19,0.0014590428
2022-08-22,0.0023666734
2022-08-23,0.0046201576
2022-08-24,0.0036458636
2022-08-25,0.0009307386
2022-08-26,-0.0011419151
2022-08-29,0.0029159125
2022-08-30,0.0022795696
2022-08-31,0.003748927
2022-09-01,0.0028976453
2022-09-02,0.0020297922
2022-09-05,0.0028865864
2022-09-06,0.0011306552
2022-09-07,-0.0019063634
2022-09-08,-0.0049945773
2022-09-09,-0.0060739014
2022-09-12,-0.0047829137
2022-09-13,-0.004251581
2022-09-14,0.009134772
2022-09-15,0.005865335
2022-09-16,0.006534368
2022-09-19,0.0028604087
2022-09-20,0.002349411
2022-09-21,0.0054531954
2022-09-22,0.0038166314
2022-09-23,0.0012053056
2022-09-26,0.0019190185
2022-09-27,0.0053915614
2022-09-28,0.00548547
2022-09-29,0.0017829154
2022-09-30,0.006765277
2022-10-03,0.0012406617
2022-10-04,-0.004308064
2022-10-05,-0.0109694665
2022-10-06,-0.008329555
2022-10-07,-0.0018340478
2022-10-10,0.008759556
2022-10-11,0.006571143
2022-10-12,0.0015499579
2022-10-13,0.0050265663
2022-10-14,0.0010040797
2022-10-17,0.006803667
2022-10-18,-0.0014155115
2022-10-19,0.0003426795
2022-10-20,0.0051159365
2022-10-21,0.0029885056
2022-10-24,0.0002038183
2022-10-25,-0.0011475452
2022-10-26,-0.012248371
2022-10-27,-0.0036128613
2022-10-28,-0.010089399
2022-10-31,-0.009226649
2022-11-01,0.0024880222
2022-11-02,0.003908102
2022-11-03,0.008818141
2022-11-04,0.0028922758
2022-11-07,-0.000412851
2022-11-08,0.0008107705
2022-11-09,0.00083949283
2022-11-10,0.0024872448
2022-11-11,-0.0060188
2022-11-14,-0.0022346352
2022-11-15,0.003949068
2022-11-16,0.00036021534
2022-11-17,0.0008637157
2022-11-18,2.8914024e-05
2022-11-21,-0.0030564333
2022-11-22,-0.0032953203
2022-11-23,0.00010748758
2022-11-24,0.0012585564
2022-11-25,0.0018085536
2022-11-28,0.0008885966
2022-11-29,0.004829678
2022-11-30,-0.00039406307
2022-12-01,-0.001980318
2022-12-02,-0.00034875952
2022-12-05,0.0003702049
2022-12-06,0.0025430862
2022-12-07,0.0020997275
2022-12-08,-0.00052301877
2022-12-09,0.000452505
2022-12-12,0.0012222234
2022-12-13,-1.107621e-05
2022-12-14,-0.0015554492
2022-12-15,0.0008810748
2022-12-16,0.0022255739
2022-12-19,0.0053109103
2022-12-20,0.0037918892
2022-12-21,0.0019901847
2022-12-22,9.586907e-05
2022-12-23,0.0013246122
2022-12-26,8.533098e-05
2022-12-27,9.026612e-05
2022-12-28,0.0008807854
2022-12-29,0.003721517
2022-12-30,-0.0011018405
2023-01-02,0.0013210865
2023-01-03,1.447509e-05
2023-01-04,-0.0020518212
2023-01-05,-0.0065458734
2023-01-06,0.0027584934
2023-01-09,-0.0039070062
2023-01-10,0.0006268024
2023-01-11,0.0025105744
2023-01-12,-0.0027367128
2023-01-13,-0.001147534
2023-01-16,0.0005983032
2023-01-17,-0.00034382212
2023-01-18,-0.0007296441
2023-01-19,0.0035371704
2023-01-20,0.00293448
2023-01-23,0.00018492366
2023-01-24,0.00064590067
2023-01-25,0.00087650545
2023-01-26,0.0010537396
2023-01-27,-0.00019339494
2023-01-30,-0.00066844816
2023-01-31,0.0019965698
2023-02-01,-0.0016992829
2023-02-02,-0.0009603816
2023-02-03,-0.006586705
2023-02-06,-4.1340467e-05
2023-02-07,-0.00022985948
2023-02-08,-0.00046859507
2023-02-09,0.0024708633
2023-02-10,0.0034272221
2023-02-13,0.0012003859
2023-02-14,-5.6224108e-05
2023-02-15,0.0016720234
2023-02-16,0.00072274345
2023-02-17,0.0020442614
2023-02-20,0.0017152351
2023-02-21,0.0010845684
2023-02-22,0.0032309482
2023-02-23,0.0024734417
2023-02-24,0.0003082547
2023-02-27,0.0028671774
2023-02-28,0.0007217296
2023-03-01,0.0012950873
2023-03-02,0.0029735796
2023-03-03,0.00031981387
2023-03-06,-0.001107659
2023-03-07,0.0005734815
2023-03-08,0.003928907
2023-03-09,-0.00057255966
2023-03-10,0.0029833205
2023-03-13,0.008525592
2023-03-14,0.0010341308
2023-03-15,0.000133698
2023-03-16,0.0016471109
2023-03-17,0.0020797048
2023-03-20,0.0049034925
2023-03-21,0.0007317442
2023-03-22,0.0015883273
2023-03-23,0.0070048403
2023-03-24,0.0032690507
2023-03-27,-0.0019374891
2023-03-28,-0.00012767634
2023-03-29,0.0005355035
2023-03-30,-0.0052439715
2023-03-31,-0.0036478036
2023-04-03,-0.0030951267
2023-04-04,0.001428595
2023-04-05,-0.0005165972
2023-04-06,0.0023433715
2023-04-07,-0.0006927204
2023-04-10,-0.0026610757
2023-04-11,0.00085945334
2023-04-12,0.002578271
2023-04-13,0.0035639892
2023-04-14,0.0024823814
2023-04-17,0.0036976754
2023-04-18,-0.0012768625
2023-04-19,0.0004997609
2023-04-20,0.00010467467
2023-04-21,0.0013856642
2023-04-24,0.0009003399
2023-04-25,0.0008688408
2023-04-26,0.0014057262
2023-04-27,0.0023361736
2023-04-28,-0.0018862457
2023-05-01,-0.0010823404
2023-05-02,0.0013526826
2023-05-03,0.0034792828
2023-05-04,0.0020419692
2023-05-05,8.851995e-05
2023-05-08,-0.0018410849
2023-05-09,0.0010400284
2023-05-10,0.0017686443
2023-05-11,-0.00037187408
2023-05-12,0.002193148
2023-05-15,0.00052855094
2023-05-16,0.0017582106
2023-05-17,0.0051785205
2023-05-18,0.00035724018
2023-05-19,0.0016670948
2023-05-22,0.0015157182
2023-05-23,0.0004174012
2023-05-24,0.0019923362
2023-05-25,0.0039463528
2023-05-26,0.0019540752
2023-05-29,-0.00011930038
2023-05-30,0.0006319269
2023-05-31,-0.00027309445
2023-06-01,-0.0014987729
2023-06-02,-0.0007260103
2023-06-05,-0.0034975272
2023-06-06,-4.4465694e-05
2023-06-07,-0.0020333559
2023-06-08,-0.0029938128
2023-06-09,0.00037682985
2023-06-12,0.002189076
2023-06-13,0.002039083
2023-06-14,-0.00022162525
2023-06-15,0.0014282571
2023-06-16,0.0012250441
2023-06-19,0.0019418909
2023-06-20,0.0016211527
2023-06-21,0.0028465318
2023-06-22,0.002200803
2023-06-23,0.003041744
2023-06-26,0.0031159497
2023-06-27,-0.0010321174
2023-06-28,-0.00091696694
2023-06-29,2.4498624e-05
2023-06-30,-0.0013879176
2023-07-03,-0.00077659974
2023-07-04,-0.0029272893
2023-07-05,-0.0019237682
2023-07-06,-0.0007837238
2023-07-07,0.0004250498
2023-07-10,-4.2129445e-06
2023-07-11,-0.00047922926
2023-07-12,-0.0011776354
2023-07-13,0.00081966835
2023-07-14,0.001264043
2023-07-17,0.002223551
2023-07-18,0.0025644132
2023-07-19,0.0022197166
2023-07-20,-0.00021605792
2023-07-21,0.00076672994
2023-07-24,-0.000726616
2023-07-25,-0.0009895937
2023-07-26,0.0013136858
2023-07-27,0.00012874194
2023-07-28,0.003976346
2023-07-31,0.0019212264
2023-08-01,0.00043543303
2023-08-02,0.0010454475
2023-08-03,0.0017137236
2023-08-04,0.0024422393
2023-08-07,0.0022865827
2023-08-08,-0.00040969218
2023-08-09,0.0014802173
2023-08-10,0.0011404068
2023-08-11,0.0015696877
2023-08-14,0.0008545636
2023-08-15,0.0014650665
2023-08-16,0.0021400095
2023-08-17,0.003167172
2023-08-18,0.0027337915
2023-08-21,0.0012179464
2023-08-22,0.002696712
2023-08-23,0.0012883107
2023-08-24,-0.00066257187
2023-08-25,0.0008326695
2023-08-28,0.0006137407
2023-08-29,-0.000532488
2023-08-30,-0.0017250351
2023-08-31,-0.0014926117
2023-09-01,-0.0006599636
2023-09-04,-0.0020405105
2023-09-05,0.00066634215
2023-09-06,0.003664882
2023-09-07,0.0032750533
2023-09-08,0.0015834762
2023-09-11,0.002386926
2023-09-12,0.0016095034
2023-09-13,0.0013796629
2023-09-14,0.0025716114
2023-09-15,-0.0009015261
2023-09-18,0.00088696246
2023-09-19,0.0017410959
2023-09-20,0.001343411
2023-09-21,0.0008137076
2023-09-22,0.006101006
2023-09-25,0.0031272909
2023-09-26,0.0017239347
2023-09-27,0.0036494862
2023-09-28,0.0024313442
2023-09-29,0.00029276832
2023-10-02,0.0006074386
2023-10-03,0.003202959
2023-10-04,0.0039816396
2023-10-05,0.000399862
2023-10-06,-0.0003149202
2023-10-09,-0.0013237217
2023-10-10,-0.00404944
2023-10-11,-0.0045757056
2023-10-12,-0.012191144
2023-10-13,0.0013921076
2023-10-16,0.002535834
2023-10-17,6.370521e-05
2023-10-18,0.0029314216
2023-10-19,0.0069993413
2023-10-20,0.007969642
2023-10-23,0.003614276
2023-10-24,0.002447327
2023-10-25,-0.00035366835
2023-10-26,0.0031766011
2023-10-27,-0.0009917798
2023-10-30,0.0020989329
2023-10-31,0.0011410232
2023-11-01,-0.00066574186
2023-11-02,-0.0018616152
2023-11-03,-0.008042523
2023-11-06,-0.017098172
2023-11-07,-0.014264658
2023-11-08,-0.01105395
2023-11-09,-0.002759911
2023-11-10,0.007498454
2023-11-13,0.0026552975
2023-11-14,0.0045912964
2023-11-15,-0.0038736316
2023-11-16,0.0009768275
2023-11-17,0.002101859
2023-11-20,0.0019234958
2023-11-21,0.0003309915
2023-11-22,0.0018192088
2023-11-23,-0.0002466783
2023-11-24,0.0002626065
2023-11-27,-0.0011547459
2023-11-28,-0.0014988309
2023-11-29,-0.0010894394
2023-11-30,-0.0008536924
2023-12-01,0.00032628907
2023-12-04,-0.001771716
2023-12-05,-0.0006250825
2023-12-06,0.0010322464
2023-12-07,0.00090376154
2023-12-08,-0.0012656058
2023-12-11,-0.00065646716
2023-12-12,-0.002151667
2023-12-13,0.001590071
2023-12-14,-0.003837765
2023-12-15,-0.003956074
2023-12-18,0.0019620412
2023-12-19,0.0019109681
2023-12-20,-0.00020970321
2023-12-21,0.00225323
2023-12-22,-0.0004956435
2023-12-25,-0.00049509027
2023-12-26,0.00014431491
2023-12-27,-0.0005383068
2023-12-28,-7.063982e-05
2023-12-29,-0.00010056036
2024-01-01,0.0027971293
2024-01-02,0.001499355
2024-01-03,-1.892563e-05
2024-01-04,0.003730033
2024-01-05,0.0016634559
2024-01-08,0.0011646816
2024-01-09,-0.0010961416
2024-01-10,0.00028396986
2024-01-11,0.0009255946
2024-01-12,0.0024638912
2024-01-15,0.00056140585
2024-01-16,0.00073670637
2024-01-17,0.0017602552
2024-01-18,0.0032193293
2024-01-19,0.0022110653
2024-01-22,-0.00056177494
2024-01-23,-0.0005921966
2024-01-24,0.0016508192
2024-01-25,0.0035626104
2024-01-26,0.0002302857
2024-01-29,0.001305227
2024-01-30,0.00021212808
2024-01-31,0.0023795639
2024-02-01,0.0022398685
2024-02-02,-0.0019493758
2024-02-05,0.0015188539
2024-02-06,0.00496803
2024-02-07,0.0002343284
2024-02-08,0.0014795227
2024-02-09,0.00017813426
2024-02-12,0.0010836233
2024-02-13,0.0013804309
2024-02-14,0.004175253
2024-02-15,0.0004548405
2024-02-16,-0.0031910583
2024-02-19,0.0013916434
2024-02-20,0.0012716529
2024-02-21,0.0012403587
2024-02-22,-0.00064114796
2024-02-23,0.00066414394
2024-02-26,0.0011947247
2024-02-27,0.0032916178
2024-02-28,0.0016605097
2024-02-29,-0.00023663945
2024-03-01,4.704356e-05
2024-03-04,-0.0008285453
2024-03-05,-0.0018997315
2024-03-06,0.0021191973
2024-03-07,0.0002801031
2024-03-08,0.0009505432
2024-03-11,-0.0007885834
2024-03-12,0.0012980892
2024-03-13,0.00052978104
2024-03-14,0.0017516147
2024-03-15,0.003975104
2024-03-18,0.002184547
2024-03-19,0.0013043926
2024-03-20,0.0011503585
2024-03-21,0.00023298121
2024-03-22,-6.0782524e-05
2024-03-25,0.0021790108
2024-03-26,0.00177767
2024-03-27,0.001244872
2024-03-28,-0.0028175428
2024-03-29,-0.0022955735
2024-04-01,-0.0007948652
2024-04-02,0.003017491
2024-04-03,0.0028132626
2024-04-04,0.0014430278
2024-04-05,0.0024577435
2024-04-08,0.0011899496
2024-04-09,2.1120833e-05
2024-04-10,-0.0005954837
2024-04-11,0.0074825906
2024-04-12,0.002038813
2024-04-15,0.0028686947
2024-04-16,0.0036613108
2024-04-17,0.0034408388
2024-04-18,0.0024756442
2024-04-19,0.0012895986
2024-04-22,0.00063239364
2024-04-23,-0.00019496398
2024-04-24,-0.001719467
2024-04-25,1.1072034e-07
2024-04-26,0.0014441662
2024-04-29,0.00072233303
2024-04-30,-0.0030912268
2024-05-01,-0.00091719744
2024-05-02,-0.001186181
2024-05-03,-0.003852369
2024-05-06,-0.0002681043
2024-05-07,0.0033006547
2024-05-08,0.0019998532
2024-05-09,0.003589429
2024-05-10,-0.0003615861
2024-05-13,0.0016391155
2024-05-14,0.0007812985
2024-05-15,-0.0006397144
2024-05-16,-0.002577921
2024-05-17,-0.00083218096
2024-05-20,5.071454e-05
2024-05-21,0.0020516962
2024-05-22,0.0018587147
2024-05-23,0.0028565046
2024-05-24,0.00465668
2024-05-27,0.0016133151
2024-05-28,0.00084645615
2024-05-29,0.0016887763
2024-05-30,0.0022924833
2024-05-31,-7.4373085e-05
2024-06-03,-0.0010501097
2024-06-04,0.0004930408
2024-06-05,-0.00055625173
2024-06-06,-0.0023761073
2024-06-07,-0.0020630383
2024-06-10,-0.0015939419
2024-06-11,-0.0027831977
2024-06-12,-2.554029e-05
2024-06-13,0.00020329563
2024-06-14,0.0014129076
2024-06-17,0.0024575752
2024-06-18,0.0028869468
2024-06-19,0.0013832103
2024-06-20,0.0013773752
2024-06-21,0.0014809775
2024-06-24,0.00075267267
2024-06-25,-0.00021576088
2024-06-26,0.0019457649
2024-06-27,0.0008940659
2024-06-28,-0.000690795
2024-07-01,-0.00035523885
2024-07-02,0.0020348611
2024-07-03,0.00082221586
2024-07-04,0.0011963003
2024-07-05,0.0011292711
2024-07-08,0.00034457602
2024-07-09,0.00018444027
2024-07-10,0.00043309445
2024-07-11,-0.00026748556
2024-07-12,-0.0036988652
2024-07-15,-0.0018171415
2024-07-16,-0.001784173
2024-07-17,-0.002499633
2024-07-18,-0.0019556344
2024-07-19,0.0009957525
2024-07-22,0.00122232
2024-07-23,-8.7129e-05
2024-07-24,0.0010871028
2024-07-25,0.003891352
2024-07-26,0.0026049952
2024-07-29,-0.00084100745
2024-07-30,6.6762215e-05
2024-07-31,-0.000113976006
2024-08-01,0.0011372241
2024-08-02,-0.00029894372
2024-08-05,0.00031046453
2024-08-06,0.0046384674
2024-08-07,-0.0015572353
2024-08-08,-5.6925335e-05
2024-08-09,-0.0009249267
2024-08-12,-0.00045830116
2024-08-13,0.0017299327
2024-08-14,0.00032333456
2024-08-15,0.0008014826
2024-08-16,0.0010811803
2024-08-19,0.0010029854
2024-08-20,-9.370647e-05
2024-08-21,0.00074338174
2024-08-22,-0.00075461925
2024-08-23,-0.0011685847
2024-08-26,-0.0032903778
2024-08-27,-0.00021345836
2024-08-28,0.0007695783
2024-08-29,0.0016738495
2024-08-30,0.002139785
2024-09-02,0.00012049164
2024-09-03,0.00011906116
2024-09-04,0.0012373348
2024-09-05,0.0006245791
2024-09-06,0.0016615865
2024-09-09,0.0014936005
2024-09-10,-0.00037883234
2024-09-11,-0.001201525
2024-09-12,0.0006223034
2024-09-13,-3.163306e-05
2024-09-16,-0.0014387084
2024-09-17,-0.00077572325
2024-09-18,0.00054873136
2024-09-19,0.00038074545
2024-09-20,0.00031256856
2024-09-23,0.0020167704
2024-09-24,9.4247174e-05
2024-09-25,0.000891975
2024-09-26,0.0020825851
2024-09-27,0.002611772
2024-09-30,0.001337334
2024-10-01,7.940067e-05
2024-10-02,0.0014781264
2024-10-03,0.0014256281
2024-10-04,0.0020263125
2024-10-07,0.0015948076
2024-10-08,0.00216329
2024-10-09,0.0010344003
2024-10-10,0.0007610744
2024-10-11,0.002061861
2024-10-14,-0.00011458719
2024-10-15,-2.128432e-05
2024-10-16,-0.0014259772
2024-10-17,-0.0022040806
2024-10-18,0.0001453226
2024-10-21,-0.0023658257
2024-10-22,0.00323688
2024-10-23,0.0014888991
2024-10-24,5.1041727e-05
2024-10-25,0.0006585439
2024-10-28,0.0033795387
2024-10-29,0.0019691037
2024-10-30,0.0027463383
2024-10-31,0.0010380417
2024-11-01,0.003304562
2024-11-04,0.0029047527
2024-11-05,7.99668e-05
2024-11-06,-0.0008538037
2024-11-07,0.002846695
2024-11-08,-0.0006552844
2024-11-11,-0.002227709
2024-11-12,-0.00016671406
2024-11-13,0.0026007013
2024-11-14,0.0007356313
2024-11-15,0.0021172282
2024-11-18,0.0015170369
2024-11-19,-0.0004620985
2024-11-20,-0.00012555327
2024-11-21,0.0014865731
2024-11-22,0.00065558514
2024-11-25,3.2778782e-05
2024-11-26,-0.0009399693
2024-11-27,-0.00014450522
2024-11-28,-0.00017798184
2024-11-29,-0.0003546399
2024-12-02,-0.00013433
2024-12-03,0.0031944478
2024-12-04,0.0029660347
2024-12-05,0.0019869735
2024-12-06,0.0020431695
2024-12-09,0.0014625639
2024-12-10,0.0006847858
2024-12-11,0.002694156
2024-12-12,0.0015871377
2024-12-13,0.0013965521
2024-12-16,0.0014928685
2024-12-17,0.001495307
2024-12-18,0.0014979724
2024-12-19,0.008119037
2024-12-20,0.0049472456
2024-12-23,-0.00028161414
2024-12-24,0.00020917384
2024-12-25,6.102434e-05
2024-12-26,0.0010579925
2024-12-27,0.00091361575
2024-12-30,0.0024200242
2024-12-31,0.0014119126
2025-01-01,-0.0014357421
2025-01-02,-0.0011566199
2025-01-03,0.0010437252
2025-01-06,-0.0015624644
2025-01-07,0.0037534295
2025-01-08,0.0042195157
2025-01-09,0.0025498278
2025-01-10,0.0023837616
2025-01-13,0.0051941588
2025-01-14,0.00029243197
2025-01-15,-0.0003356195
2025-01-16,-0.0002517124
2025-01-17,-0.003466089
2025-01-20,-0.00091137725
2025-01-21,-0.00054609776
2025-01-22,-0.0033771351
2025-01-23,0.0018161705
2025-01-24,-0.0004826698
2025-01-27,-0.00081647513
2025-01-28,-0.0023633775
2025-01-29,0.0034155631
2025-01-30,0.0048023458
2025-01-31,0.0005869866
2025-02-03,0.0016751051
2025-02-04,0.0016119697
2025-02-05,0.0011444765
2025-02-06,-0.0006731207
2025-02-07,0.00019439847
2025-02-10,0.00033795182
2025-02-11,0.0002496641
2025-02-12,-0.00052075426
2025-02-13,0.0012123879
2025-02-14,-0.00046428677
2025-02-17,0.0010259072
2025-02-18,0.00080279977
2025-02-19,0.00077963865
2025-02-20,0.00060957426
2025-02-21,0.00041402777
2025-02-24,0.0025185342
2025-02-25,0.0011344798
2025-02-26,-0.00062627485
2025-02-27,0.0006577831
2025-02-28,0.000308421
2025-03-03,-0.0007804079
2025-03-04,-0.00079702004
2025-03-05,0.0018200779
2025-03-06,-0.00031518925
2025-03-07,0.004784109
2025-03-10,0.0011950503
2025-03-11,0.0025532807
2025-03-12,0.0030969945
2025-03-13,0.0019606377
2025-03-14,0.0036632912
2025-03-17,-0.00077274686
2025-03-18,-0.0012891846
2025-03-19,0.0008830873
2025-03-20,0.0006314642
2025-03-21,0.00060088054
2025-03-24,0.0011466692
2025-03-25,-0.0033040063
2025-03-26,0.00060909323
2025-03-27,-0.0012386434
2025-03-28,0.00037248872
2025-03-31,0.0019548275
2025-04-01,0.00089861586
2025-04-02,0.0017616604
2025-04-03,0.0012607279
2025-04-04,0.006839416
2025-04-07,0.012574092
2025-04-08,0.007818935
2025-04-09,0.006788171
2025-04-10,-0.0031919999
2025-04-11,0.0024721178
2025-04-14,0.0006239613
2025-04-15,-0.00071726285
2025-04-16,-7.3120165e-05
2025-04-17,-0.0010061152
2025-04-18,-0.0060215695
2025-04-21,-0.012462788
2025-04-22,-0.006637594
2025-04-23,-0.017238738
2025-04-24,-0.009753841
2025-04-25,-0.00043809647
2025-04-28,0.0068270406
2025-04-29,0.0041998285
2025-04-30,0.0017014879
2025-05-01,-0.00019594886
2025-05-02,0.00040423957
2025-05-05,-0.00055382424
2025-05-06,0.00028666068
2025-05-07,-0.00088517065
2025-05-08,0.0010759311
2025-05-09,0.0007167324
2025-05-12,-0.0003481558
2025-05-13,0.0002322503
2025-05-14,0.002724486
2025-05-15,0.0028701085
2025-05-16,-0.0007890457
2025-05-19,-0.0009799164
2025-05-20,-0.0002154731
2025-05-21,0.0014680165
2025-05-22,0.0047898693
2025-05-23,0.0024543696
2025-05-26,0.0010481827
2025-05-27,0.00088959315
2025-05-28,-0.0014769359
2025-05-29,0.00042616014
2025-05-30,-0.0004985378
2025-06-02,0.00095791806
2025-06-03,0.0007653961
2025-06-04,0.00075933186
2025-06-05,3.0239064e-05
2025-06-06,-3.708217e-05
2025-06-09,-0.00040794816
2025-06-10,0.00055212004
2025-06-11,-0.0011294684
2025-06-12,0.00070432253
2025-06-13,0.0012025586
2025-06-16,0.0034022895
2025-06-17,0.0017363849
2025-06-18,0.0017233544
2025-06-19,0.0006251302
2025-06-20,0.00072664925
2025-06-23,0.00081555336
2025-06-24,-0.0015891889
2025-06-25,-3.2200234e-05
2025-06-26,0.004027749
2025-06-27,0.0019932536
2025-06-30,0.0008830752
2025-07-01,1.8558707e-05
2025-07-02,-0.0005615265
2025-07-03,1.1266218e-05
2025-07-04,0.00024147295
2025-07-07,0.00070609374
2025-07-08,0.002212219
2025-07-09,0.0018258102
2025-07-10,0.0011646339
2025-07-11,0.0003352795
2025-07-14,0.00068229856
2025-07-15,-6.427196e-05
2025-07-16,0.0028625852
2025-07-17,0.00021313546
2025-07-18,0.0010864732
2025-07-21,0.0007687813
2025-07-22,0.0007177909
2025-07-23,-0.0012107916
2025-07-24,-0.0007004816
2025-07-25,0.00016546242
2025-07-28,8.474404e-06
2025-07-29,0.00326902
2025-07-30,-0.0007470036
2025-07-31,0.0030720956
2025-08-01,0.0038254808
2025-08-04,0.0021760014
2025-08-05,2.0734451e-05
2025-08-06,0.00025485305
2025-08-07,0.001889572
2025-08-08,0.00094935735
2025-08-11,0.0020239886
2025-08-12,0.002071037
2025-08-13,0.00012076239
2025-08-14,-0.0010005282
2025-08-15,0.00055879116
2025-08-18,-0.0011107675
2025-08-19,0.00089734513
2025-08-20,-0.0013842428
2025-08-21,0.00027035366
2025-08-22,0.0015521473
2025-08-25,-0.0015772072
2025-08-26,0.00077093317
2025-08-27,0.0021703755
2025-08-28,0.00031811133
2025-08-29,0.00085855665
2025-09-01,-4.33743e-05
2025-09-02,0.0013530143
2025-09-03,0.0041256025
2025-09-04,0.001924968
2025-09-05,0.00043640565
2025-09-08,-0.00055151386
2025-09-09,0.001330016
2025-09-10,0.0013991736
2025-09-11,0.0013608625
2025-09-12,-0.0016504206
2025-09-15,0.0005520089
2025-09-16,0.00010498404
2025-09-17,0.0013009795
2025-09-18,0.000967519
2025-09-19,0.00024638823
2025-09-22,0.0022103216
2025-09-23,0.0014343985
2025-09-24,0.0005086696
2025-09-25,0.002537395
2025-09-26,0.0019545215
2025-09-29,9.585755e-05
2025-09-30,0.000804718
2025-10-01,-1.2625148e-06
2025-10-02,-1.1252696e-05
2025-10-03,0.001145874
2025-10-06,0.00046458837
2025-10-07,0.0019066469
2025-10-08,0.0015066282
2025-10-09,0.0017598337
2025-10-10,0.0024566478
2025-10-13,0.003408179
2025-10-14,0.0009270221
2025-10-15,-0.0002131569
2025-10-16,-0.0010928715
2025-10-17,0.001014561
2025-10-20,-0.00022498296
2025-10-21,-0.0013599381
2025-10-22,0.00016896937
2025-10-23,-0.0017065519
2025-10-24,-0.0017284303
2025-10-27,-0.0007776392
2025-10-28,-0.00012858304
2025-10-29,0.005106111
2025-10-30,0.007931737
2025-10-31,0.0017365156
2025-11-03,0.00055946555
2025-11-04,0.00091565907
2025-11-05,0.0006141445
2025-11-06,0.0007820266
2025-11-07,0.0015314528
